environment,seed,budget,method,future_tasks,ndcg,recall_at_10,measured_onboarding_generation_seconds,amortized_setup_generation_seconds_per_future_task,total_search_calls,total_sample_calls,total_llm_calls,total_input_tokens,total_output_tokens
fiqa_bm25,11,0,source_router,1,0.25251415790289977,0.3233333333333333,0.0,0.0,1.0,0.0,0.0,0.0,0.0
fiqa_bm25,11,0,source_router,10,0.25251415790289977,0.3233333333333333,0.0,0.0,10.0,0.0,0.0,0.0,0.0
fiqa_bm25,11,0,source_router,50,0.25251415790289977,0.3233333333333333,0.0,0.0,50.0,0.0,0.0,0.0,0.0
fiqa_bm25,11,0,source_router,200,0.25251415790289977,0.3233333333333333,0.0,0.0,200.0,0.0,0.0,0.0,0.0
fiqa_bm25,11,4,source_router,1,0.25251415790289977,0.3233333333333333,0.0,0.0,1.0,0.0,0.0,0.0,0.0
fiqa_bm25,11,4,source_router,10,0.25251415790289977,0.3233333333333333,0.0,0.0,10.0,0.0,0.0,0.0,0.0
fiqa_bm25,11,4,source_router,50,0.25251415790289977,0.3233333333333333,0.0,0.0,50.0,0.0,0.0,0.0,0.0
fiqa_bm25,11,4,source_router,200,0.25251415790289977,0.3233333333333333,0.0,0.0,200.0,0.0,0.0,0.0,0.0
fiqa_bm25,11,8,source_router,1,0.25251415790289977,0.3233333333333333,0.0,0.0,1.0,0.0,0.0,0.0,0.0
fiqa_bm25,11,8,source_router,10,0.25251415790289977,0.3233333333333333,0.0,0.0,10.0,0.0,0.0,0.0,0.0
fiqa_bm25,11,8,source_router,50,0.25251415790289977,0.3233333333333333,0.0,0.0,50.0,0.0,0.0,0.0,0.0
fiqa_bm25,11,8,source_router,200,0.25251415790289977,0.3233333333333333,0.0,0.0,200.0,0.0,0.0,0.0,0.0
fiqa_bm25,11,16,source_router,1,0.25251415790289977,0.3233333333333333,0.0,0.0,1.0,0.0,0.0,0.0,0.0
fiqa_bm25,11,16,source_router,10,0.25251415790289977,0.3233333333333333,0.0,0.0,10.0,0.0,0.0,0.0,0.0
fiqa_bm25,11,16,source_router,50,0.25251415790289977,0.3233333333333333,0.0,0.0,50.0,0.0,0.0,0.0,0.0
fiqa_bm25,11,16,source_router,200,0.25251415790289977,0.3233333333333333,0.0,0.0,200.0,0.0,0.0,0.0,0.0
fiqa_bm25,11,32,source_router,1,0.25251415790289977,0.3233333333333333,0.0,0.0,1.0,0.0,0.0,0.0,0.0
fiqa_bm25,11,32,source_router,10,0.25251415790289977,0.3233333333333333,0.0,0.0,10.0,0.0,0.0,0.0,0.0
fiqa_bm25,11,32,source_router,50,0.25251415790289977,0.3233333333333333,0.0,0.0,50.0,0.0,0.0,0.0,0.0
fiqa_bm25,11,32,source_router,200,0.25251415790289977,0.3233333333333333,0.0,0.0,200.0,0.0,0.0,0.0,0.0
fiqa_bm25,11,0,random,1,0.25251415790289977,0.3233333333333333,0.0,0.0,1.0,0.0,0.0,0.0,0.0
fiqa_bm25,11,0,random,10,0.25251415790289977,0.3233333333333333,0.0,0.0,10.0,0.0,0.0,0.0,0.0
fiqa_bm25,11,0,random,50,0.25251415790289977,0.3233333333333333,0.0,0.0,50.0,0.0,0.0,0.0,0.0
fiqa_bm25,11,0,random,200,0.25251415790289977,0.3233333333333333,0.0,0.0,200.0,0.0,0.0,0.0,0.0
fiqa_bm25,11,4,random,1,0.25251415790289977,0.3233333333333333,74.45561634347541,74.45561634347541,9.0,16.0,48.0,20434.0,5505.0
fiqa_bm25,11,4,random,10,0.25251415790289977,0.3233333333333333,74.45561634347541,7.445561634347541,18.0,16.0,48.0,20434.0,5505.0
fiqa_bm25,11,4,random,50,0.25251415790289977,0.3233333333333333,74.45561634347541,1.4891123268695083,58.0,16.0,48.0,20434.0,5505.0
fiqa_bm25,11,4,random,200,0.25251415790289977,0.3233333333333333,74.45561634347541,0.3722780817173771,208.0,16.0,48.0,20434.0,5505.0
fiqa_bm25,11,8,random,1,0.25251415790289977,0.3233333333333333,74.45561634347541,74.45561634347541,17.0,16.0,48.0,20434.0,5505.0
fiqa_bm25,11,8,random,10,0.25251415790289977,0.3233333333333333,74.45561634347541,7.445561634347541,26.0,16.0,48.0,20434.0,5505.0
fiqa_bm25,11,8,random,50,0.25251415790289977,0.3233333333333333,74.45561634347541,1.4891123268695083,66.0,16.0,48.0,20434.0,5505.0
fiqa_bm25,11,8,random,200,0.25251415790289977,0.3233333333333333,74.45561634347541,0.3722780817173771,216.0,16.0,48.0,20434.0,5505.0
fiqa_bm25,11,16,random,1,0.25251415790289977,0.3233333333333333,74.45561634347541,74.45561634347541,36.0,16.0,48.0,20434.0,5505.0
fiqa_bm25,11,16,random,10,0.25251415790289977,0.3233333333333333,74.45561634347541,7.445561634347541,45.0,16.0,48.0,20434.0,5505.0
fiqa_bm25,11,16,random,50,0.25251415790289977,0.3233333333333333,74.45561634347541,1.4891123268695083,85.0,16.0,48.0,20434.0,5505.0
fiqa_bm25,11,16,random,200,0.25251415790289977,0.3233333333333333,74.45561634347541,0.3722780817173771,235.0,16.0,48.0,20434.0,5505.0
fiqa_bm25,11,32,random,1,0.25251415790289977,0.3233333333333333,74.45561634347541,74.45561634347541,74.0,16.0,48.0,20434.0,5505.0
fiqa_bm25,11,32,random,10,0.25251415790289977,0.3233333333333333,74.45561634347541,7.445561634347541,83.0,16.0,48.0,20434.0,5505.0
fiqa_bm25,11,32,random,50,0.25251415790289977,0.3233333333333333,74.45561634347541,1.4891123268695083,123.0,16.0,48.0,20434.0,5505.0
fiqa_bm25,11,32,random,200,0.25251415790289977,0.3233333333333333,74.45561634347541,0.3722780817173771,273.0,16.0,48.0,20434.0,5505.0
fiqa_bm25,11,0,fixed,1,0.25251415790289977,0.3233333333333333,0.0,0.0,1.0,0.0,0.0,0.0,0.0
fiqa_bm25,11,0,fixed,10,0.25251415790289977,0.3233333333333333,0.0,0.0,10.0,0.0,0.0,0.0,0.0
fiqa_bm25,11,0,fixed,50,0.25251415790289977,0.3233333333333333,0.0,0.0,50.0,0.0,0.0,0.0,0.0
fiqa_bm25,11,0,fixed,200,0.25251415790289977,0.3233333333333333,0.0,0.0,200.0,0.0,0.0,0.0,0.0
fiqa_bm25,11,4,fixed,1,0.25251415790289977,0.3233333333333333,74.45561634347541,74.45561634347541,10.0,16.0,48.0,20434.0,5505.0
fiqa_bm25,11,4,fixed,10,0.25251415790289977,0.3233333333333333,74.45561634347541,7.445561634347541,19.0,16.0,48.0,20434.0,5505.0
fiqa_bm25,11,4,fixed,50,0.25251415790289977,0.3233333333333333,74.45561634347541,1.4891123268695083,59.0,16.0,48.0,20434.0,5505.0
fiqa_bm25,11,4,fixed,200,0.25251415790289977,0.3233333333333333,74.45561634347541,0.3722780817173771,209.0,16.0,48.0,20434.0,5505.0
fiqa_bm25,11,8,fixed,1,0.25251415790289977,0.3233333333333333,74.45561634347541,74.45561634347541,19.0,16.0,48.0,20434.0,5505.0
fiqa_bm25,11,8,fixed,10,0.25251415790289977,0.3233333333333333,74.45561634347541,7.445561634347541,28.0,16.0,48.0,20434.0,5505.0
fiqa_bm25,11,8,fixed,50,0.25251415790289977,0.3233333333333333,74.45561634347541,1.4891123268695083,68.0,16.0,48.0,20434.0,5505.0
fiqa_bm25,11,8,fixed,200,0.25251415790289977,0.3233333333333333,74.45561634347541,0.3722780817173771,218.0,16.0,48.0,20434.0,5505.0
fiqa_bm25,11,16,fixed,1,0.25251415790289977,0.3233333333333333,74.45561634347541,74.45561634347541,37.0,16.0,48.0,20434.0,5505.0
fiqa_bm25,11,16,fixed,10,0.25251415790289977,0.3233333333333333,74.45561634347541,7.445561634347541,46.0,16.0,48.0,20434.0,5505.0
fiqa_bm25,11,16,fixed,50,0.25251415790289977,0.3233333333333333,74.45561634347541,1.4891123268695083,86.0,16.0,48.0,20434.0,5505.0
fiqa_bm25,11,16,fixed,200,0.25251415790289977,0.3233333333333333,74.45561634347541,0.3722780817173771,236.0,16.0,48.0,20434.0,5505.0
fiqa_bm25,11,32,fixed,1,0.25251415790289977,0.3233333333333333,74.45561634347541,74.45561634347541,73.0,16.0,48.0,20434.0,5505.0
fiqa_bm25,11,32,fixed,10,0.25251415790289977,0.3233333333333333,74.45561634347541,7.445561634347541,82.0,16.0,48.0,20434.0,5505.0
fiqa_bm25,11,32,fixed,50,0.25251415790289977,0.3233333333333333,74.45561634347541,1.4891123268695083,122.0,16.0,48.0,20434.0,5505.0
fiqa_bm25,11,32,fixed,200,0.25251415790289977,0.3233333333333333,74.45561634347541,0.3722780817173771,272.0,16.0,48.0,20434.0,5505.0
fiqa_bm25,11,0,information_gain,1,0.25251415790289977,0.3233333333333333,0.0,0.0,1.0,0.0,0.0,0.0,0.0
fiqa_bm25,11,0,information_gain,10,0.25251415790289977,0.3233333333333333,0.0,0.0,10.0,0.0,0.0,0.0,0.0
fiqa_bm25,11,0,information_gain,50,0.25251415790289977,0.3233333333333333,0.0,0.0,50.0,0.0,0.0,0.0,0.0
fiqa_bm25,11,0,information_gain,200,0.25251415790289977,0.3233333333333333,0.0,0.0,200.0,0.0,0.0,0.0,0.0
fiqa_bm25,11,4,information_gain,1,0.25251415790289977,0.3233333333333333,74.45561634347541,74.45561634347541,9.0,16.0,48.0,20434.0,5505.0
fiqa_bm25,11,4,information_gain,10,0.25251415790289977,0.3233333333333333,74.45561634347541,7.445561634347541,18.0,16.0,48.0,20434.0,5505.0
fiqa_bm25,11,4,information_gain,50,0.25251415790289977,0.3233333333333333,74.45561634347541,1.4891123268695083,58.0,16.0,48.0,20434.0,5505.0
fiqa_bm25,11,4,information_gain,200,0.25251415790289977,0.3233333333333333,74.45561634347541,0.3722780817173771,208.0,16.0,48.0,20434.0,5505.0
fiqa_bm25,11,8,information_gain,1,0.25251415790289977,0.3233333333333333,74.45561634347541,74.45561634347541,17.0,16.0,48.0,20434.0,5505.0
fiqa_bm25,11,8,information_gain,10,0.25251415790289977,0.3233333333333333,74.45561634347541,7.445561634347541,26.0,16.0,48.0,20434.0,5505.0
fiqa_bm25,11,8,information_gain,50,0.25251415790289977,0.3233333333333333,74.45561634347541,1.4891123268695083,66.0,16.0,48.0,20434.0,5505.0
fiqa_bm25,11,8,information_gain,200,0.25251415790289977,0.3233333333333333,74.45561634347541,0.3722780817173771,216.0,16.0,48.0,20434.0,5505.0
fiqa_bm25,11,16,information_gain,1,0.25251415790289977,0.3233333333333333,74.45561634347541,74.45561634347541,33.0,16.0,48.0,20434.0,5505.0
fiqa_bm25,11,16,information_gain,10,0.25251415790289977,0.3233333333333333,74.45561634347541,7.445561634347541,42.0,16.0,48.0,20434.0,5505.0
fiqa_bm25,11,16,information_gain,50,0.25251415790289977,0.3233333333333333,74.45561634347541,1.4891123268695083,82.0,16.0,48.0,20434.0,5505.0
fiqa_bm25,11,16,information_gain,200,0.25251415790289977,0.3233333333333333,74.45561634347541,0.3722780817173771,232.0,16.0,48.0,20434.0,5505.0
fiqa_bm25,11,32,information_gain,1,0.25251415790289977,0.3233333333333333,74.45561634347541,74.45561634347541,65.0,16.0,48.0,20434.0,5505.0
fiqa_bm25,11,32,information_gain,10,0.25251415790289977,0.3233333333333333,74.45561634347541,7.445561634347541,74.0,16.0,48.0,20434.0,5505.0
fiqa_bm25,11,32,information_gain,50,0.25251415790289977,0.3233333333333333,74.45561634347541,1.4891123268695083,114.0,16.0,48.0,20434.0,5505.0
fiqa_bm25,11,32,information_gain,200,0.25251415790289977,0.3233333333333333,74.45561634347541,0.3722780817173771,264.0,16.0,48.0,20434.0,5505.0
fiqa_bm25,11,0,learned_value,1,0.25251415790289977,0.3233333333333333,0.0,0.0,1.0,0.0,0.0,0.0,0.0
fiqa_bm25,11,0,learned_value,10,0.25251415790289977,0.3233333333333333,0.0,0.0,10.0,0.0,0.0,0.0,0.0
fiqa_bm25,11,0,learned_value,50,0.25251415790289977,0.3233333333333333,0.0,0.0,50.0,0.0,0.0,0.0,0.0
fiqa_bm25,11,0,learned_value,200,0.25251415790289977,0.3233333333333333,0.0,0.0,200.0,0.0,0.0,0.0,0.0
fiqa_bm25,11,4,learned_value,1,0.25251415790289977,0.3233333333333333,74.45561634347541,74.45561634347541,9.0,16.0,48.0,20434.0,5505.0
fiqa_bm25,11,4,learned_value,10,0.25251415790289977,0.3233333333333333,74.45561634347541,7.445561634347541,18.0,16.0,48.0,20434.0,5505.0
fiqa_bm25,11,4,learned_value,50,0.25251415790289977,0.3233333333333333,74.45561634347541,1.4891123268695083,58.0,16.0,48.0,20434.0,5505.0
fiqa_bm25,11,4,learned_value,200,0.25251415790289977,0.3233333333333333,74.45561634347541,0.3722780817173771,208.0,16.0,48.0,20434.0,5505.0
fiqa_bm25,11,8,learned_value,1,0.25251415790289977,0.3233333333333333,74.45561634347541,74.45561634347541,17.0,16.0,48.0,20434.0,5505.0
fiqa_bm25,11,8,learned_value,10,0.25251415790289977,0.3233333333333333,74.45561634347541,7.445561634347541,26.0,16.0,48.0,20434.0,5505.0
fiqa_bm25,11,8,learned_value,50,0.25251415790289977,0.3233333333333333,74.45561634347541,1.4891123268695083,66.0,16.0,48.0,20434.0,5505.0
fiqa_bm25,11,8,learned_value,200,0.25251415790289977,0.3233333333333333,74.45561634347541,0.3722780817173771,216.0,16.0,48.0,20434.0,5505.0
fiqa_bm25,11,16,learned_value,1,0.25251415790289977,0.3233333333333333,74.45561634347541,74.45561634347541,36.0,16.0,48.0,20434.0,5505.0
fiqa_bm25,11,16,learned_value,10,0.25251415790289977,0.3233333333333333,74.45561634347541,7.445561634347541,45.0,16.0,48.0,20434.0,5505.0
fiqa_bm25,11,16,learned_value,50,0.25251415790289977,0.3233333333333333,74.45561634347541,1.4891123268695083,85.0,16.0,48.0,20434.0,5505.0
fiqa_bm25,11,16,learned_value,200,0.25251415790289977,0.3233333333333333,74.45561634347541,0.3722780817173771,235.0,16.0,48.0,20434.0,5505.0
fiqa_bm25,11,32,learned_value,1,0.25251415790289977,0.3233333333333333,74.45561634347541,74.45561634347541,74.0,16.0,48.0,20434.0,5505.0
fiqa_bm25,11,32,learned_value,10,0.25251415790289977,0.3233333333333333,74.45561634347541,7.445561634347541,83.0,16.0,48.0,20434.0,5505.0
fiqa_bm25,11,32,learned_value,50,0.25251415790289977,0.3233333333333333,74.45561634347541,1.4891123268695083,123.0,16.0,48.0,20434.0,5505.0
fiqa_bm25,11,32,learned_value,200,0.25251415790289977,0.3233333333333333,74.45561634347541,0.3722780817173771,273.0,16.0,48.0,20434.0,5505.0
fiqa_bm25,23,0,source_router,1,0.25251415790289977,0.3233333333333333,0.0,0.0,1.0,0.0,0.0,0.0,0.0
fiqa_bm25,23,0,source_router,10,0.25251415790289977,0.3233333333333333,0.0,0.0,10.0,0.0,0.0,0.0,0.0
fiqa_bm25,23,0,source_router,50,0.25251415790289977,0.3233333333333333,0.0,0.0,50.0,0.0,0.0,0.0,0.0
fiqa_bm25,23,0,source_router,200,0.25251415790289977,0.3233333333333333,0.0,0.0,200.0,0.0,0.0,0.0,0.0
fiqa_bm25,23,4,source_router,1,0.25251415790289977,0.3233333333333333,0.0,0.0,1.0,0.0,0.0,0.0,0.0
fiqa_bm25,23,4,source_router,10,0.25251415790289977,0.3233333333333333,0.0,0.0,10.0,0.0,0.0,0.0,0.0
fiqa_bm25,23,4,source_router,50,0.25251415790289977,0.3233333333333333,0.0,0.0,50.0,0.0,0.0,0.0,0.0
fiqa_bm25,23,4,source_router,200,0.25251415790289977,0.3233333333333333,0.0,0.0,200.0,0.0,0.0,0.0,0.0
fiqa_bm25,23,8,source_router,1,0.25251415790289977,0.3233333333333333,0.0,0.0,1.0,0.0,0.0,0.0,0.0
fiqa_bm25,23,8,source_router,10,0.25251415790289977,0.3233333333333333,0.0,0.0,10.0,0.0,0.0,0.0,0.0
fiqa_bm25,23,8,source_router,50,0.25251415790289977,0.3233333333333333,0.0,0.0,50.0,0.0,0.0,0.0,0.0
fiqa_bm25,23,8,source_router,200,0.25251415790289977,0.3233333333333333,0.0,0.0,200.0,0.0,0.0,0.0,0.0
fiqa_bm25,23,16,source_router,1,0.25251415790289977,0.3233333333333333,0.0,0.0,1.0,0.0,0.0,0.0,0.0
fiqa_bm25,23,16,source_router,10,0.25251415790289977,0.3233333333333333,0.0,0.0,10.0,0.0,0.0,0.0,0.0
fiqa_bm25,23,16,source_router,50,0.25251415790289977,0.3233333333333333,0.0,0.0,50.0,0.0,0.0,0.0,0.0
fiqa_bm25,23,16,source_router,200,0.25251415790289977,0.3233333333333333,0.0,0.0,200.0,0.0,0.0,0.0,0.0
fiqa_bm25,23,32,source_router,1,0.25251415790289977,0.3233333333333333,0.0,0.0,1.0,0.0,0.0,0.0,0.0
fiqa_bm25,23,32,source_router,10,0.25251415790289977,0.3233333333333333,0.0,0.0,10.0,0.0,0.0,0.0,0.0
fiqa_bm25,23,32,source_router,50,0.25251415790289977,0.3233333333333333,0.0,0.0,50.0,0.0,0.0,0.0,0.0
fiqa_bm25,23,32,source_router,200,0.25251415790289977,0.3233333333333333,0.0,0.0,200.0,0.0,0.0,0.0,0.0
fiqa_bm25,23,0,random,1,0.25251415790289977,0.3233333333333333,0.0,0.0,1.0,0.0,0.0,0.0,0.0
fiqa_bm25,23,0,random,10,0.25251415790289977,0.3233333333333333,0.0,0.0,10.0,0.0,0.0,0.0,0.0
fiqa_bm25,23,0,random,50,0.25251415790289977,0.3233333333333333,0.0,0.0,50.0,0.0,0.0,0.0,0.0
fiqa_bm25,23,0,random,200,0.25251415790289977,0.3233333333333333,0.0,0.0,200.0,0.0,0.0,0.0,0.0
fiqa_bm25,23,4,random,1,0.25251415790289977,0.3233333333333333,73.66888182834373,73.66888182834373,9.0,16.0,48.0,19861.0,5219.0
fiqa_bm25,23,4,random,10,0.25251415790289977,0.3233333333333333,73.66888182834373,7.366888182834373,18.0,16.0,48.0,19861.0,5219.0
fiqa_bm25,23,4,random,50,0.25251415790289977,0.3233333333333333,73.66888182834373,1.4733776365668745,58.0,16.0,48.0,19861.0,5219.0
fiqa_bm25,23,4,random,200,0.25251415790289977,0.3233333333333333,73.66888182834373,0.3683444091417186,208.0,16.0,48.0,19861.0,5219.0
fiqa_bm25,23,8,random,1,0.25251415790289977,0.3233333333333333,73.66888182834373,73.66888182834373,18.0,16.0,48.0,19861.0,5219.0
fiqa_bm25,23,8,random,10,0.25251415790289977,0.3233333333333333,73.66888182834373,7.366888182834373,27.0,16.0,48.0,19861.0,5219.0
fiqa_bm25,23,8,random,50,0.25251415790289977,0.3233333333333333,73.66888182834373,1.4733776365668745,67.0,16.0,48.0,19861.0,5219.0
fiqa_bm25,23,8,random,200,0.25251415790289977,0.3233333333333333,73.66888182834373,0.3683444091417186,217.0,16.0,48.0,19861.0,5219.0
fiqa_bm25,23,16,random,1,0.25251415790289977,0.3233333333333333,73.66888182834373,73.66888182834373,35.0,16.0,48.0,19861.0,5219.0
fiqa_bm25,23,16,random,10,0.25251415790289977,0.3233333333333333,73.66888182834373,7.366888182834373,44.0,16.0,48.0,19861.0,5219.0
fiqa_bm25,23,16,random,50,0.25251415790289977,0.3233333333333333,73.66888182834373,1.4733776365668745,84.0,16.0,48.0,19861.0,5219.0
fiqa_bm25,23,16,random,200,0.25251415790289977,0.3233333333333333,73.66888182834373,0.3683444091417186,234.0,16.0,48.0,19861.0,5219.0
fiqa_bm25,23,32,random,1,0.25251415790289977,0.3233333333333333,73.66888182834373,73.66888182834373,72.0,16.0,48.0,19861.0,5219.0
fiqa_bm25,23,32,random,10,0.25251415790289977,0.3233333333333333,73.66888182834373,7.366888182834373,81.0,16.0,48.0,19861.0,5219.0
fiqa_bm25,23,32,random,50,0.25251415790289977,0.3233333333333333,73.66888182834373,1.4733776365668745,121.0,16.0,48.0,19861.0,5219.0
fiqa_bm25,23,32,random,200,0.25251415790289977,0.3233333333333333,73.66888182834373,0.3683444091417186,271.0,16.0,48.0,19861.0,5219.0
fiqa_bm25,23,0,fixed,1,0.25251415790289977,0.3233333333333333,0.0,0.0,1.0,0.0,0.0,0.0,0.0
fiqa_bm25,23,0,fixed,10,0.25251415790289977,0.3233333333333333,0.0,0.0,10.0,0.0,0.0,0.0,0.0
fiqa_bm25,23,0,fixed,50,0.25251415790289977,0.3233333333333333,0.0,0.0,50.0,0.0,0.0,0.0,0.0
fiqa_bm25,23,0,fixed,200,0.25251415790289977,0.3233333333333333,0.0,0.0,200.0,0.0,0.0,0.0,0.0
fiqa_bm25,23,4,fixed,1,0.25251415790289977,0.3233333333333333,73.66888182834373,73.66888182834373,10.0,16.0,48.0,19861.0,5219.0
fiqa_bm25,23,4,fixed,10,0.25251415790289977,0.3233333333333333,73.66888182834373,7.366888182834373,19.0,16.0,48.0,19861.0,5219.0
fiqa_bm25,23,4,fixed,50,0.25251415790289977,0.3233333333333333,73.66888182834373,1.4733776365668745,59.0,16.0,48.0,19861.0,5219.0
fiqa_bm25,23,4,fixed,200,0.25251415790289977,0.3233333333333333,73.66888182834373,0.3683444091417186,209.0,16.0,48.0,19861.0,5219.0
fiqa_bm25,23,8,fixed,1,0.25251415790289977,0.3233333333333333,73.66888182834373,73.66888182834373,19.0,16.0,48.0,19861.0,5219.0
fiqa_bm25,23,8,fixed,10,0.25251415790289977,0.3233333333333333,73.66888182834373,7.366888182834373,28.0,16.0,48.0,19861.0,5219.0
fiqa_bm25,23,8,fixed,50,0.25251415790289977,0.3233333333333333,73.66888182834373,1.4733776365668745,68.0,16.0,48.0,19861.0,5219.0
fiqa_bm25,23,8,fixed,200,0.25251415790289977,0.3233333333333333,73.66888182834373,0.3683444091417186,218.0,16.0,48.0,19861.0,5219.0
fiqa_bm25,23,16,fixed,1,0.25251415790289977,0.3233333333333333,73.66888182834373,73.66888182834373,37.0,16.0,48.0,19861.0,5219.0
fiqa_bm25,23,16,fixed,10,0.25251415790289977,0.3233333333333333,73.66888182834373,7.366888182834373,46.0,16.0,48.0,19861.0,5219.0
fiqa_bm25,23,16,fixed,50,0.25251415790289977,0.3233333333333333,73.66888182834373,1.4733776365668745,86.0,16.0,48.0,19861.0,5219.0
fiqa_bm25,23,16,fixed,200,0.25251415790289977,0.3233333333333333,73.66888182834373,0.3683444091417186,236.0,16.0,48.0,19861.0,5219.0
fiqa_bm25,23,32,fixed,1,0.25251415790289977,0.3233333333333333,73.66888182834373,73.66888182834373,73.0,16.0,48.0,19861.0,5219.0
fiqa_bm25,23,32,fixed,10,0.25251415790289977,0.3233333333333333,73.66888182834373,7.366888182834373,82.0,16.0,48.0,19861.0,5219.0
fiqa_bm25,23,32,fixed,50,0.25251415790289977,0.3233333333333333,73.66888182834373,1.4733776365668745,122.0,16.0,48.0,19861.0,5219.0
fiqa_bm25,23,32,fixed,200,0.25251415790289977,0.3233333333333333,73.66888182834373,0.3683444091417186,272.0,16.0,48.0,19861.0,5219.0
fiqa_bm25,23,0,information_gain,1,0.25251415790289977,0.3233333333333333,0.0,0.0,1.0,0.0,0.0,0.0,0.0
fiqa_bm25,23,0,information_gain,10,0.25251415790289977,0.3233333333333333,0.0,0.0,10.0,0.0,0.0,0.0,0.0
fiqa_bm25,23,0,information_gain,50,0.25251415790289977,0.3233333333333333,0.0,0.0,50.0,0.0,0.0,0.0,0.0
fiqa_bm25,23,0,information_gain,200,0.25251415790289977,0.3233333333333333,0.0,0.0,200.0,0.0,0.0,0.0,0.0
fiqa_bm25,23,4,information_gain,1,0.25251415790289977,0.3233333333333333,73.66888182834373,73.66888182834373,9.0,16.0,48.0,19861.0,5219.0
fiqa_bm25,23,4,information_gain,10,0.25251415790289977,0.3233333333333333,73.66888182834373,7.366888182834373,18.0,16.0,48.0,19861.0,5219.0
fiqa_bm25,23,4,information_gain,50,0.25251415790289977,0.3233333333333333,73.66888182834373,1.4733776365668745,58.0,16.0,48.0,19861.0,5219.0
fiqa_bm25,23,4,information_gain,200,0.25251415790289977,0.3233333333333333,73.66888182834373,0.3683444091417186,208.0,16.0,48.0,19861.0,5219.0
fiqa_bm25,23,8,information_gain,1,0.25251415790289977,0.3233333333333333,73.66888182834373,73.66888182834373,17.0,16.0,48.0,19861.0,5219.0
fiqa_bm25,23,8,information_gain,10,0.25251415790289977,0.3233333333333333,73.66888182834373,7.366888182834373,26.0,16.0,48.0,19861.0,5219.0
fiqa_bm25,23,8,information_gain,50,0.25251415790289977,0.3233333333333333,73.66888182834373,1.4733776365668745,66.0,16.0,48.0,19861.0,5219.0
fiqa_bm25,23,8,information_gain,200,0.25251415790289977,0.3233333333333333,73.66888182834373,0.3683444091417186,216.0,16.0,48.0,19861.0,5219.0
fiqa_bm25,23,16,information_gain,1,0.25251415790289977,0.3233333333333333,73.66888182834373,73.66888182834373,33.0,16.0,48.0,19861.0,5219.0
fiqa_bm25,23,16,information_gain,10,0.25251415790289977,0.3233333333333333,73.66888182834373,7.366888182834373,42.0,16.0,48.0,19861.0,5219.0
fiqa_bm25,23,16,information_gain,50,0.25251415790289977,0.3233333333333333,73.66888182834373,1.4733776365668745,82.0,16.0,48.0,19861.0,5219.0
fiqa_bm25,23,16,information_gain,200,0.25251415790289977,0.3233333333333333,73.66888182834373,0.3683444091417186,232.0,16.0,48.0,19861.0,5219.0
fiqa_bm25,23,32,information_gain,1,0.25251415790289977,0.3233333333333333,73.66888182834373,73.66888182834373,65.0,16.0,48.0,19861.0,5219.0
fiqa_bm25,23,32,information_gain,10,0.25251415790289977,0.3233333333333333,73.66888182834373,7.366888182834373,74.0,16.0,48.0,19861.0,5219.0
fiqa_bm25,23,32,information_gain,50,0.25251415790289977,0.3233333333333333,73.66888182834373,1.4733776365668745,114.0,16.0,48.0,19861.0,5219.0
fiqa_bm25,23,32,information_gain,200,0.25251415790289977,0.3233333333333333,73.66888182834373,0.3683444091417186,264.0,16.0,48.0,19861.0,5219.0
fiqa_bm25,23,0,learned_value,1,0.25251415790289977,0.3233333333333333,0.0,0.0,1.0,0.0,0.0,0.0,0.0
fiqa_bm25,23,0,learned_value,10,0.25251415790289977,0.3233333333333333,0.0,0.0,10.0,0.0,0.0,0.0,0.0
fiqa_bm25,23,0,learned_value,50,0.25251415790289977,0.3233333333333333,0.0,0.0,50.0,0.0,0.0,0.0,0.0
fiqa_bm25,23,0,learned_value,200,0.25251415790289977,0.3233333333333333,0.0,0.0,200.0,0.0,0.0,0.0,0.0
fiqa_bm25,23,4,learned_value,1,0.25251415790289977,0.3233333333333333,73.66888182834373,73.66888182834373,9.0,16.0,48.0,19861.0,5219.0
fiqa_bm25,23,4,learned_value,10,0.25251415790289977,0.3233333333333333,73.66888182834373,7.366888182834373,18.0,16.0,48.0,19861.0,5219.0
fiqa_bm25,23,4,learned_value,50,0.25251415790289977,0.3233333333333333,73.66888182834373,1.4733776365668745,58.0,16.0,48.0,19861.0,5219.0
fiqa_bm25,23,4,learned_value,200,0.25251415790289977,0.3233333333333333,73.66888182834373,0.3683444091417186,208.0,16.0,48.0,19861.0,5219.0
fiqa_bm25,23,8,learned_value,1,0.25251415790289977,0.3233333333333333,73.66888182834373,73.66888182834373,18.0,16.0,48.0,19861.0,5219.0
fiqa_bm25,23,8,learned_value,10,0.25251415790289977,0.3233333333333333,73.66888182834373,7.366888182834373,27.0,16.0,48.0,19861.0,5219.0
fiqa_bm25,23,8,learned_value,50,0.25251415790289977,0.3233333333333333,73.66888182834373,1.4733776365668745,67.0,16.0,48.0,19861.0,5219.0
fiqa_bm25,23,8,learned_value,200,0.25251415790289977,0.3233333333333333,73.66888182834373,0.3683444091417186,217.0,16.0,48.0,19861.0,5219.0
fiqa_bm25,23,16,learned_value,1,0.25251415790289977,0.3233333333333333,73.66888182834373,73.66888182834373,35.0,16.0,48.0,19861.0,5219.0
fiqa_bm25,23,16,learned_value,10,0.25251415790289977,0.3233333333333333,73.66888182834373,7.366888182834373,44.0,16.0,48.0,19861.0,5219.0
fiqa_bm25,23,16,learned_value,50,0.25251415790289977,0.3233333333333333,73.66888182834373,1.4733776365668745,84.0,16.0,48.0,19861.0,5219.0
fiqa_bm25,23,16,learned_value,200,0.25251415790289977,0.3233333333333333,73.66888182834373,0.3683444091417186,234.0,16.0,48.0,19861.0,5219.0
fiqa_bm25,23,32,learned_value,1,0.25251415790289977,0.3233333333333333,73.66888182834373,73.66888182834373,72.0,16.0,48.0,19861.0,5219.0
fiqa_bm25,23,32,learned_value,10,0.25251415790289977,0.3233333333333333,73.66888182834373,7.366888182834373,81.0,16.0,48.0,19861.0,5219.0
fiqa_bm25,23,32,learned_value,50,0.25251415790289977,0.3233333333333333,73.66888182834373,1.4733776365668745,121.0,16.0,48.0,19861.0,5219.0
fiqa_bm25,23,32,learned_value,200,0.25251415790289977,0.3233333333333333,73.66888182834373,0.3683444091417186,271.0,16.0,48.0,19861.0,5219.0
fiqa_bm25,47,0,source_router,1,0.25251415790289977,0.3233333333333333,0.0,0.0,1.0,0.0,0.0,0.0,0.0
fiqa_bm25,47,0,source_router,10,0.25251415790289977,0.3233333333333333,0.0,0.0,10.0,0.0,0.0,0.0,0.0
fiqa_bm25,47,0,source_router,50,0.25251415790289977,0.3233333333333333,0.0,0.0,50.0,0.0,0.0,0.0,0.0
fiqa_bm25,47,0,source_router,200,0.25251415790289977,0.3233333333333333,0.0,0.0,200.0,0.0,0.0,0.0,0.0
fiqa_bm25,47,4,source_router,1,0.25251415790289977,0.3233333333333333,0.0,0.0,1.0,0.0,0.0,0.0,0.0
fiqa_bm25,47,4,source_router,10,0.25251415790289977,0.3233333333333333,0.0,0.0,10.0,0.0,0.0,0.0,0.0
fiqa_bm25,47,4,source_router,50,0.25251415790289977,0.3233333333333333,0.0,0.0,50.0,0.0,0.0,0.0,0.0
fiqa_bm25,47,4,source_router,200,0.25251415790289977,0.3233333333333333,0.0,0.0,200.0,0.0,0.0,0.0,0.0
fiqa_bm25,47,8,source_router,1,0.25251415790289977,0.3233333333333333,0.0,0.0,1.0,0.0,0.0,0.0,0.0
fiqa_bm25,47,8,source_router,10,0.25251415790289977,0.3233333333333333,0.0,0.0,10.0,0.0,0.0,0.0,0.0
fiqa_bm25,47,8,source_router,50,0.25251415790289977,0.3233333333333333,0.0,0.0,50.0,0.0,0.0,0.0,0.0
fiqa_bm25,47,8,source_router,200,0.25251415790289977,0.3233333333333333,0.0,0.0,200.0,0.0,0.0,0.0,0.0
fiqa_bm25,47,16,source_router,1,0.25251415790289977,0.3233333333333333,0.0,0.0,1.0,0.0,0.0,0.0,0.0
fiqa_bm25,47,16,source_router,10,0.25251415790289977,0.3233333333333333,0.0,0.0,10.0,0.0,0.0,0.0,0.0
fiqa_bm25,47,16,source_router,50,0.25251415790289977,0.3233333333333333,0.0,0.0,50.0,0.0,0.0,0.0,0.0
fiqa_bm25,47,16,source_router,200,0.25251415790289977,0.3233333333333333,0.0,0.0,200.0,0.0,0.0,0.0,0.0
fiqa_bm25,47,32,source_router,1,0.25251415790289977,0.3233333333333333,0.0,0.0,1.0,0.0,0.0,0.0,0.0
fiqa_bm25,47,32,source_router,10,0.25251415790289977,0.3233333333333333,0.0,0.0,10.0,0.0,0.0,0.0,0.0
fiqa_bm25,47,32,source_router,50,0.25251415790289977,0.3233333333333333,0.0,0.0,50.0,0.0,0.0,0.0,0.0
fiqa_bm25,47,32,source_router,200,0.25251415790289977,0.3233333333333333,0.0,0.0,200.0,0.0,0.0,0.0,0.0
fiqa_bm25,47,0,random,1,0.25251415790289977,0.3233333333333333,0.0,0.0,1.0,0.0,0.0,0.0,0.0
fiqa_bm25,47,0,random,10,0.25251415790289977,0.3233333333333333,0.0,0.0,10.0,0.0,0.0,0.0,0.0
fiqa_bm25,47,0,random,50,0.25251415790289977,0.3233333333333333,0.0,0.0,50.0,0.0,0.0,0.0,0.0
fiqa_bm25,47,0,random,200,0.25251415790289977,0.3233333333333333,0.0,0.0,200.0,0.0,0.0,0.0,0.0
fiqa_bm25,47,4,random,1,0.25251415790289977,0.3233333333333333,76.39591286834911,76.39591286834911,11.0,16.0,48.0,19549.0,5067.0
fiqa_bm25,47,4,random,10,0.25251415790289977,0.3233333333333333,76.39591286834911,7.639591286834912,20.0,16.0,48.0,19549.0,5067.0
fiqa_bm25,47,4,random,50,0.25251415790289977,0.3233333333333333,76.39591286834911,1.5279182573669823,60.0,16.0,48.0,19549.0,5067.0
fiqa_bm25,47,4,random,200,0.25251415790289977,0.3233333333333333,76.39591286834911,0.38197956434174557,210.0,16.0,48.0,19549.0,5067.0
fiqa_bm25,47,8,random,1,0.25251415790289977,0.3233333333333333,76.39591286834911,76.39591286834911,19.0,16.0,48.0,19549.0,5067.0
fiqa_bm25,47,8,random,10,0.25251415790289977,0.3233333333333333,76.39591286834911,7.639591286834912,28.0,16.0,48.0,19549.0,5067.0
fiqa_bm25,47,8,random,50,0.25251415790289977,0.3233333333333333,76.39591286834911,1.5279182573669823,68.0,16.0,48.0,19549.0,5067.0
fiqa_bm25,47,8,random,200,0.25251415790289977,0.3233333333333333,76.39591286834911,0.38197956434174557,218.0,16.0,48.0,19549.0,5067.0
fiqa_bm25,47,16,random,1,0.25251415790289977,0.3233333333333333,76.39591286834911,76.39591286834911,36.0,16.0,48.0,19549.0,5067.0
fiqa_bm25,47,16,random,10,0.25251415790289977,0.3233333333333333,76.39591286834911,7.639591286834912,45.0,16.0,48.0,19549.0,5067.0
fiqa_bm25,47,16,random,50,0.25251415790289977,0.3233333333333333,76.39591286834911,1.5279182573669823,85.0,16.0,48.0,19549.0,5067.0
fiqa_bm25,47,16,random,200,0.25251415790289977,0.3233333333333333,76.39591286834911,0.38197956434174557,235.0,16.0,48.0,19549.0,5067.0
fiqa_bm25,47,32,random,1,0.25251415790289977,0.3233333333333333,76.39591286834911,76.39591286834911,72.0,16.0,48.0,19549.0,5067.0
fiqa_bm25,47,32,random,10,0.25251415790289977,0.3233333333333333,76.39591286834911,7.639591286834912,81.0,16.0,48.0,19549.0,5067.0
fiqa_bm25,47,32,random,50,0.25251415790289977,0.3233333333333333,76.39591286834911,1.5279182573669823,121.0,16.0,48.0,19549.0,5067.0
fiqa_bm25,47,32,random,200,0.25251415790289977,0.3233333333333333,76.39591286834911,0.38197956434174557,271.0,16.0,48.0,19549.0,5067.0
fiqa_bm25,47,0,fixed,1,0.25251415790289977,0.3233333333333333,0.0,0.0,1.0,0.0,0.0,0.0,0.0
fiqa_bm25,47,0,fixed,10,0.25251415790289977,0.3233333333333333,0.0,0.0,10.0,0.0,0.0,0.0,0.0
fiqa_bm25,47,0,fixed,50,0.25251415790289977,0.3233333333333333,0.0,0.0,50.0,0.0,0.0,0.0,0.0
fiqa_bm25,47,0,fixed,200,0.25251415790289977,0.3233333333333333,0.0,0.0,200.0,0.0,0.0,0.0,0.0
fiqa_bm25,47,4,fixed,1,0.25251415790289977,0.3233333333333333,76.39591286834911,76.39591286834911,10.0,16.0,48.0,19549.0,5067.0
fiqa_bm25,47,4,fixed,10,0.25251415790289977,0.3233333333333333,76.39591286834911,7.639591286834912,19.0,16.0,48.0,19549.0,5067.0
fiqa_bm25,47,4,fixed,50,0.25251415790289977,0.3233333333333333,76.39591286834911,1.5279182573669823,59.0,16.0,48.0,19549.0,5067.0
fiqa_bm25,47,4,fixed,200,0.25251415790289977,0.3233333333333333,76.39591286834911,0.38197956434174557,209.0,16.0,48.0,19549.0,5067.0
fiqa_bm25,47,8,fixed,1,0.25251415790289977,0.3233333333333333,76.39591286834911,76.39591286834911,19.0,16.0,48.0,19549.0,5067.0
fiqa_bm25,47,8,fixed,10,0.25251415790289977,0.3233333333333333,76.39591286834911,7.639591286834912,28.0,16.0,48.0,19549.0,5067.0
fiqa_bm25,47,8,fixed,50,0.25251415790289977,0.3233333333333333,76.39591286834911,1.5279182573669823,68.0,16.0,48.0,19549.0,5067.0
fiqa_bm25,47,8,fixed,200,0.25251415790289977,0.3233333333333333,76.39591286834911,0.38197956434174557,218.0,16.0,48.0,19549.0,5067.0
fiqa_bm25,47,16,fixed,1,0.25251415790289977,0.3233333333333333,76.39591286834911,76.39591286834911,37.0,16.0,48.0,19549.0,5067.0
fiqa_bm25,47,16,fixed,10,0.25251415790289977,0.3233333333333333,76.39591286834911,7.639591286834912,46.0,16.0,48.0,19549.0,5067.0
fiqa_bm25,47,16,fixed,50,0.25251415790289977,0.3233333333333333,76.39591286834911,1.5279182573669823,86.0,16.0,48.0,19549.0,5067.0
fiqa_bm25,47,16,fixed,200,0.25251415790289977,0.3233333333333333,76.39591286834911,0.38197956434174557,236.0,16.0,48.0,19549.0,5067.0
fiqa_bm25,47,32,fixed,1,0.25251415790289977,0.3233333333333333,76.39591286834911,76.39591286834911,73.0,16.0,48.0,19549.0,5067.0
fiqa_bm25,47,32,fixed,10,0.25251415790289977,0.3233333333333333,76.39591286834911,7.639591286834912,82.0,16.0,48.0,19549.0,5067.0
fiqa_bm25,47,32,fixed,50,0.25251415790289977,0.3233333333333333,76.39591286834911,1.5279182573669823,122.0,16.0,48.0,19549.0,5067.0
fiqa_bm25,47,32,fixed,200,0.25251415790289977,0.3233333333333333,76.39591286834911,0.38197956434174557,272.0,16.0,48.0,19549.0,5067.0
fiqa_bm25,47,0,information_gain,1,0.25251415790289977,0.3233333333333333,0.0,0.0,1.0,0.0,0.0,0.0,0.0
fiqa_bm25,47,0,information_gain,10,0.25251415790289977,0.3233333333333333,0.0,0.0,10.0,0.0,0.0,0.0,0.0
fiqa_bm25,47,0,information_gain,50,0.25251415790289977,0.3233333333333333,0.0,0.0,50.0,0.0,0.0,0.0,0.0
fiqa_bm25,47,0,information_gain,200,0.25251415790289977,0.3233333333333333,0.0,0.0,200.0,0.0,0.0,0.0,0.0
fiqa_bm25,47,4,information_gain,1,0.25251415790289977,0.3233333333333333,76.39591286834911,76.39591286834911,9.0,16.0,48.0,19549.0,5067.0
fiqa_bm25,47,4,information_gain,10,0.25251415790289977,0.3233333333333333,76.39591286834911,7.639591286834912,18.0,16.0,48.0,19549.0,5067.0
fiqa_bm25,47,4,information_gain,50,0.25251415790289977,0.3233333333333333,76.39591286834911,1.5279182573669823,58.0,16.0,48.0,19549.0,5067.0
fiqa_bm25,47,4,information_gain,200,0.25251415790289977,0.3233333333333333,76.39591286834911,0.38197956434174557,208.0,16.0,48.0,19549.0,5067.0
fiqa_bm25,47,8,information_gain,1,0.25251415790289977,0.3233333333333333,76.39591286834911,76.39591286834911,17.0,16.0,48.0,19549.0,5067.0
fiqa_bm25,47,8,information_gain,10,0.25251415790289977,0.3233333333333333,76.39591286834911,7.639591286834912,26.0,16.0,48.0,19549.0,5067.0
fiqa_bm25,47,8,information_gain,50,0.25251415790289977,0.3233333333333333,76.39591286834911,1.5279182573669823,66.0,16.0,48.0,19549.0,5067.0
fiqa_bm25,47,8,information_gain,200,0.25251415790289977,0.3233333333333333,76.39591286834911,0.38197956434174557,216.0,16.0,48.0,19549.0,5067.0
fiqa_bm25,47,16,information_gain,1,0.25251415790289977,0.3233333333333333,76.39591286834911,76.39591286834911,33.0,16.0,48.0,19549.0,5067.0
fiqa_bm25,47,16,information_gain,10,0.25251415790289977,0.3233333333333333,76.39591286834911,7.639591286834912,42.0,16.0,48.0,19549.0,5067.0
fiqa_bm25,47,16,information_gain,50,0.25251415790289977,0.3233333333333333,76.39591286834911,1.5279182573669823,82.0,16.0,48.0,19549.0,5067.0
fiqa_bm25,47,16,information_gain,200,0.25251415790289977,0.3233333333333333,76.39591286834911,0.38197956434174557,232.0,16.0,48.0,19549.0,5067.0
fiqa_bm25,47,32,information_gain,1,0.25251415790289977,0.3233333333333333,76.39591286834911,76.39591286834911,65.0,16.0,48.0,19549.0,5067.0
fiqa_bm25,47,32,information_gain,10,0.25251415790289977,0.3233333333333333,76.39591286834911,7.639591286834912,74.0,16.0,48.0,19549.0,5067.0
fiqa_bm25,47,32,information_gain,50,0.25251415790289977,0.3233333333333333,76.39591286834911,1.5279182573669823,114.0,16.0,48.0,19549.0,5067.0
fiqa_bm25,47,32,information_gain,200,0.25251415790289977,0.3233333333333333,76.39591286834911,0.38197956434174557,264.0,16.0,48.0,19549.0,5067.0
fiqa_bm25,47,0,learned_value,1,0.25251415790289977,0.3233333333333333,0.0,0.0,1.0,0.0,0.0,0.0,0.0
fiqa_bm25,47,0,learned_value,10,0.25251415790289977,0.3233333333333333,0.0,0.0,10.0,0.0,0.0,0.0,0.0
fiqa_bm25,47,0,learned_value,50,0.25251415790289977,0.3233333333333333,0.0,0.0,50.0,0.0,0.0,0.0,0.0
fiqa_bm25,47,0,learned_value,200,0.25251415790289977,0.3233333333333333,0.0,0.0,200.0,0.0,0.0,0.0,0.0
fiqa_bm25,47,4,learned_value,1,0.25251415790289977,0.3233333333333333,76.39591286834911,76.39591286834911,11.0,16.0,48.0,19549.0,5067.0
fiqa_bm25,47,4,learned_value,10,0.25251415790289977,0.3233333333333333,76.39591286834911,7.639591286834912,20.0,16.0,48.0,19549.0,5067.0
fiqa_bm25,47,4,learned_value,50,0.25251415790289977,0.3233333333333333,76.39591286834911,1.5279182573669823,60.0,16.0,48.0,19549.0,5067.0
fiqa_bm25,47,4,learned_value,200,0.25251415790289977,0.3233333333333333,76.39591286834911,0.38197956434174557,210.0,16.0,48.0,19549.0,5067.0
fiqa_bm25,47,8,learned_value,1,0.25251415790289977,0.3233333333333333,76.39591286834911,76.39591286834911,19.0,16.0,48.0,19549.0,5067.0
fiqa_bm25,47,8,learned_value,10,0.25251415790289977,0.3233333333333333,76.39591286834911,7.639591286834912,28.0,16.0,48.0,19549.0,5067.0
fiqa_bm25,47,8,learned_value,50,0.25251415790289977,0.3233333333333333,76.39591286834911,1.5279182573669823,68.0,16.0,48.0,19549.0,5067.0
fiqa_bm25,47,8,learned_value,200,0.25251415790289977,0.3233333333333333,76.39591286834911,0.38197956434174557,218.0,16.0,48.0,19549.0,5067.0
fiqa_bm25,47,16,learned_value,1,0.25251415790289977,0.3233333333333333,76.39591286834911,76.39591286834911,36.0,16.0,48.0,19549.0,5067.0
fiqa_bm25,47,16,learned_value,10,0.25251415790289977,0.3233333333333333,76.39591286834911,7.639591286834912,45.0,16.0,48.0,19549.0,5067.0
fiqa_bm25,47,16,learned_value,50,0.25251415790289977,0.3233333333333333,76.39591286834911,1.5279182573669823,85.0,16.0,48.0,19549.0,5067.0
fiqa_bm25,47,16,learned_value,200,0.25251415790289977,0.3233333333333333,76.39591286834911,0.38197956434174557,235.0,16.0,48.0,19549.0,5067.0
fiqa_bm25,47,32,learned_value,1,0.25251415790289977,0.3233333333333333,76.39591286834911,76.39591286834911,72.0,16.0,48.0,19549.0,5067.0
fiqa_bm25,47,32,learned_value,10,0.25251415790289977,0.3233333333333333,76.39591286834911,7.639591286834912,81.0,16.0,48.0,19549.0,5067.0
fiqa_bm25,47,32,learned_value,50,0.25251415790289977,0.3233333333333333,76.39591286834911,1.5279182573669823,121.0,16.0,48.0,19549.0,5067.0
fiqa_bm25,47,32,learned_value,200,0.25251415790289977,0.3233333333333333,76.39591286834911,0.38197956434174557,271.0,16.0,48.0,19549.0,5067.0
fiqa_dense,11,0,source_router,1,0.3325277311740831,0.42606349206349203,0.0,0.0,1.0,0.0,1.0,393.93333333333334,124.31333333333333
fiqa_dense,11,0,source_router,10,0.3325277311740831,0.42606349206349203,0.0,0.0,10.0,0.0,10.0,3939.3333333333335,1243.1333333333332
fiqa_dense,11,0,source_router,50,0.3325277311740831,0.42606349206349203,0.0,0.0,50.0,0.0,50.0,19696.666666666668,6215.666666666667
fiqa_dense,11,0,source_router,200,0.3325277311740831,0.42606349206349203,0.0,0.0,200.0,0.0,200.0,78786.66666666667,24862.666666666668
fiqa_dense,11,4,source_router,1,0.3325277311740831,0.42606349206349203,0.0,0.0,1.0,0.0,1.0,393.93333333333334,124.31333333333333
fiqa_dense,11,4,source_router,10,0.3325277311740831,0.42606349206349203,0.0,0.0,10.0,0.0,10.0,3939.3333333333335,1243.1333333333332
fiqa_dense,11,4,source_router,50,0.3325277311740831,0.42606349206349203,0.0,0.0,50.0,0.0,50.0,19696.666666666668,6215.666666666667
fiqa_dense,11,4,source_router,200,0.3325277311740831,0.42606349206349203,0.0,0.0,200.0,0.0,200.0,78786.66666666667,24862.666666666668
fiqa_dense,11,8,source_router,1,0.3325277311740831,0.42606349206349203,0.0,0.0,1.0,0.0,1.0,393.93333333333334,124.31333333333333
fiqa_dense,11,8,source_router,10,0.3325277311740831,0.42606349206349203,0.0,0.0,10.0,0.0,10.0,3939.3333333333335,1243.1333333333332
fiqa_dense,11,8,source_router,50,0.3325277311740831,0.42606349206349203,0.0,0.0,50.0,0.0,50.0,19696.666666666668,6215.666666666667
fiqa_dense,11,8,source_router,200,0.3325277311740831,0.42606349206349203,0.0,0.0,200.0,0.0,200.0,78786.66666666667,24862.666666666668
fiqa_dense,11,16,source_router,1,0.3325277311740831,0.42606349206349203,0.0,0.0,1.0,0.0,1.0,393.93333333333334,124.31333333333333
fiqa_dense,11,16,source_router,10,0.3325277311740831,0.42606349206349203,0.0,0.0,10.0,0.0,10.0,3939.3333333333335,1243.1333333333332
fiqa_dense,11,16,source_router,50,0.3325277311740831,0.42606349206349203,0.0,0.0,50.0,0.0,50.0,19696.666666666668,6215.666666666667
fiqa_dense,11,16,source_router,200,0.3325277311740831,0.42606349206349203,0.0,0.0,200.0,0.0,200.0,78786.66666666667,24862.666666666668
fiqa_dense,11,32,source_router,1,0.3325277311740831,0.42606349206349203,0.0,0.0,1.0,0.0,1.0,393.93333333333334,124.31333333333333
fiqa_dense,11,32,source_router,10,0.3325277311740831,0.42606349206349203,0.0,0.0,10.0,0.0,10.0,3939.3333333333335,1243.1333333333332
fiqa_dense,11,32,source_router,50,0.3325277311740831,0.42606349206349203,0.0,0.0,50.0,0.0,50.0,19696.666666666668,6215.666666666667
fiqa_dense,11,32,source_router,200,0.3325277311740831,0.42606349206349203,0.0,0.0,200.0,0.0,200.0,78786.66666666667,24862.666666666668
fiqa_dense,11,0,random,1,0.3325277311740831,0.42606349206349203,0.0,0.0,1.0,0.0,1.0,393.93333333333334,124.31333333333333
fiqa_dense,11,0,random,10,0.3325277311740831,0.42606349206349203,0.0,0.0,10.0,0.0,10.0,3939.3333333333335,1243.1333333333332
fiqa_dense,11,0,random,50,0.3325277311740831,0.42606349206349203,0.0,0.0,50.0,0.0,50.0,19696.666666666668,6215.666666666667
fiqa_dense,11,0,random,200,0.3325277311740831,0.42606349206349203,0.0,0.0,200.0,0.0,200.0,78786.66666666667,24862.666666666668
fiqa_dense,11,4,random,1,0.3325277311740831,0.42606349206349203,74.45561634347541,74.45561634347541,9.0,16.0,49.0,20827.933333333334,5629.3133333333335
fiqa_dense,11,4,random,10,0.3325277311740831,0.42606349206349203,74.45561634347541,7.445561634347541,18.0,16.0,58.0,24373.333333333332,6748.133333333333
fiqa_dense,11,4,random,50,0.3325277311740831,0.42606349206349203,74.45561634347541,1.4891123268695083,58.0,16.0,98.0,40130.66666666667,11720.666666666668
fiqa_dense,11,4,random,200,0.3325277311740831,0.42606349206349203,74.45561634347541,0.3722780817173771,208.0,16.0,248.0,99220.66666666667,30367.666666666668
fiqa_dense,11,8,random,1,0.3325277311740831,0.42606349206349203,74.45561634347541,74.45561634347541,17.0,16.0,49.0,20827.933333333334,5629.3133333333335
fiqa_dense,11,8,random,10,0.3325277311740831,0.42606349206349203,74.45561634347541,7.445561634347541,26.0,16.0,58.0,24373.333333333332,6748.133333333333
fiqa_dense,11,8,random,50,0.3325277311740831,0.42606349206349203,74.45561634347541,1.4891123268695083,66.0,16.0,98.0,40130.66666666667,11720.666666666668
fiqa_dense,11,8,random,200,0.3325277311740831,0.42606349206349203,74.45561634347541,0.3722780817173771,216.0,16.0,248.0,99220.66666666667,30367.666666666668
fiqa_dense,11,16,random,1,0.3325277311740831,0.42606349206349203,74.45561634347541,74.45561634347541,36.0,16.0,49.0,20827.933333333334,5629.3133333333335
fiqa_dense,11,16,random,10,0.3325277311740831,0.42606349206349203,74.45561634347541,7.445561634347541,45.0,16.0,58.0,24373.333333333332,6748.133333333333
fiqa_dense,11,16,random,50,0.3325277311740831,0.42606349206349203,74.45561634347541,1.4891123268695083,85.0,16.0,98.0,40130.66666666667,11720.666666666668
fiqa_dense,11,16,random,200,0.3325277311740831,0.42606349206349203,74.45561634347541,0.3722780817173771,235.0,16.0,248.0,99220.66666666667,30367.666666666668
fiqa_dense,11,32,random,1,0.3325277311740831,0.42606349206349203,74.45561634347541,74.45561634347541,74.0,16.0,49.0,20827.933333333334,5629.3133333333335
fiqa_dense,11,32,random,10,0.3325277311740831,0.42606349206349203,74.45561634347541,7.445561634347541,83.0,16.0,58.0,24373.333333333332,6748.133333333333
fiqa_dense,11,32,random,50,0.3325277311740831,0.42606349206349203,74.45561634347541,1.4891123268695083,123.0,16.0,98.0,40130.66666666667,11720.666666666668
fiqa_dense,11,32,random,200,0.3325277311740831,0.42606349206349203,74.45561634347541,0.3722780817173771,273.0,16.0,248.0,99220.66666666667,30367.666666666668
fiqa_dense,11,0,fixed,1,0.3325277311740831,0.42606349206349203,0.0,0.0,1.0,0.0,1.0,393.93333333333334,124.31333333333333
fiqa_dense,11,0,fixed,10,0.3325277311740831,0.42606349206349203,0.0,0.0,10.0,0.0,10.0,3939.3333333333335,1243.1333333333332
fiqa_dense,11,0,fixed,50,0.3325277311740831,0.42606349206349203,0.0,0.0,50.0,0.0,50.0,19696.666666666668,6215.666666666667
fiqa_dense,11,0,fixed,200,0.3325277311740831,0.42606349206349203,0.0,0.0,200.0,0.0,200.0,78786.66666666667,24862.666666666668
fiqa_dense,11,4,fixed,1,0.3325277311740831,0.42606349206349203,74.45561634347541,74.45561634347541,10.0,16.0,49.0,20827.933333333334,5629.3133333333335
fiqa_dense,11,4,fixed,10,0.3325277311740831,0.42606349206349203,74.45561634347541,7.445561634347541,19.0,16.0,58.0,24373.333333333332,6748.133333333333
fiqa_dense,11,4,fixed,50,0.3325277311740831,0.42606349206349203,74.45561634347541,1.4891123268695083,59.0,16.0,98.0,40130.66666666667,11720.666666666668
fiqa_dense,11,4,fixed,200,0.3325277311740831,0.42606349206349203,74.45561634347541,0.3722780817173771,209.0,16.0,248.0,99220.66666666667,30367.666666666668
fiqa_dense,11,8,fixed,1,0.3325277311740831,0.42606349206349203,74.45561634347541,74.45561634347541,19.0,16.0,49.0,20827.933333333334,5629.3133333333335
fiqa_dense,11,8,fixed,10,0.3325277311740831,0.42606349206349203,74.45561634347541,7.445561634347541,28.0,16.0,58.0,24373.333333333332,6748.133333333333
fiqa_dense,11,8,fixed,50,0.3325277311740831,0.42606349206349203,74.45561634347541,1.4891123268695083,68.0,16.0,98.0,40130.66666666667,11720.666666666668
fiqa_dense,11,8,fixed,200,0.3325277311740831,0.42606349206349203,74.45561634347541,0.3722780817173771,218.0,16.0,248.0,99220.66666666667,30367.666666666668
fiqa_dense,11,16,fixed,1,0.3325277311740831,0.42606349206349203,74.45561634347541,74.45561634347541,37.0,16.0,49.0,20827.933333333334,5629.3133333333335
fiqa_dense,11,16,fixed,10,0.3325277311740831,0.42606349206349203,74.45561634347541,7.445561634347541,46.0,16.0,58.0,24373.333333333332,6748.133333333333
fiqa_dense,11,16,fixed,50,0.3325277311740831,0.42606349206349203,74.45561634347541,1.4891123268695083,86.0,16.0,98.0,40130.66666666667,11720.666666666668
fiqa_dense,11,16,fixed,200,0.3325277311740831,0.42606349206349203,74.45561634347541,0.3722780817173771,236.0,16.0,248.0,99220.66666666667,30367.666666666668
fiqa_dense,11,32,fixed,1,0.3325277311740831,0.42606349206349203,74.45561634347541,74.45561634347541,73.0,16.0,49.0,20827.933333333334,5629.3133333333335
fiqa_dense,11,32,fixed,10,0.3325277311740831,0.42606349206349203,74.45561634347541,7.445561634347541,82.0,16.0,58.0,24373.333333333332,6748.133333333333
fiqa_dense,11,32,fixed,50,0.3325277311740831,0.42606349206349203,74.45561634347541,1.4891123268695083,122.0,16.0,98.0,40130.66666666667,11720.666666666668
fiqa_dense,11,32,fixed,200,0.3325277311740831,0.42606349206349203,74.45561634347541,0.3722780817173771,272.0,16.0,248.0,99220.66666666667,30367.666666666668
fiqa_dense,11,0,information_gain,1,0.3325277311740831,0.42606349206349203,0.0,0.0,1.0,0.0,1.0,393.93333333333334,124.31333333333333
fiqa_dense,11,0,information_gain,10,0.3325277311740831,0.42606349206349203,0.0,0.0,10.0,0.0,10.0,3939.3333333333335,1243.1333333333332
fiqa_dense,11,0,information_gain,50,0.3325277311740831,0.42606349206349203,0.0,0.0,50.0,0.0,50.0,19696.666666666668,6215.666666666667
fiqa_dense,11,0,information_gain,200,0.3325277311740831,0.42606349206349203,0.0,0.0,200.0,0.0,200.0,78786.66666666667,24862.666666666668
fiqa_dense,11,4,information_gain,1,0.3325277311740831,0.42606349206349203,74.45561634347541,74.45561634347541,9.0,16.0,49.0,20827.933333333334,5629.3133333333335
fiqa_dense,11,4,information_gain,10,0.3325277311740831,0.42606349206349203,74.45561634347541,7.445561634347541,18.0,16.0,58.0,24373.333333333332,6748.133333333333
fiqa_dense,11,4,information_gain,50,0.3325277311740831,0.42606349206349203,74.45561634347541,1.4891123268695083,58.0,16.0,98.0,40130.66666666667,11720.666666666668
fiqa_dense,11,4,information_gain,200,0.3325277311740831,0.42606349206349203,74.45561634347541,0.3722780817173771,208.0,16.0,248.0,99220.66666666667,30367.666666666668
fiqa_dense,11,8,information_gain,1,0.3325277311740831,0.42606349206349203,74.45561634347541,74.45561634347541,17.0,16.0,49.0,20827.933333333334,5629.3133333333335
fiqa_dense,11,8,information_gain,10,0.3325277311740831,0.42606349206349203,74.45561634347541,7.445561634347541,26.0,16.0,58.0,24373.333333333332,6748.133333333333
fiqa_dense,11,8,information_gain,50,0.3325277311740831,0.42606349206349203,74.45561634347541,1.4891123268695083,66.0,16.0,98.0,40130.66666666667,11720.666666666668
fiqa_dense,11,8,information_gain,200,0.3325277311740831,0.42606349206349203,74.45561634347541,0.3722780817173771,216.0,16.0,248.0,99220.66666666667,30367.666666666668
fiqa_dense,11,16,information_gain,1,0.3325277311740831,0.42606349206349203,74.45561634347541,74.45561634347541,33.0,16.0,49.0,20827.933333333334,5629.3133333333335
fiqa_dense,11,16,information_gain,10,0.3325277311740831,0.42606349206349203,74.45561634347541,7.445561634347541,42.0,16.0,58.0,24373.333333333332,6748.133333333333
fiqa_dense,11,16,information_gain,50,0.3325277311740831,0.42606349206349203,74.45561634347541,1.4891123268695083,82.0,16.0,98.0,40130.66666666667,11720.666666666668
fiqa_dense,11,16,information_gain,200,0.3325277311740831,0.42606349206349203,74.45561634347541,0.3722780817173771,232.0,16.0,248.0,99220.66666666667,30367.666666666668
fiqa_dense,11,32,information_gain,1,0.3325277311740831,0.42606349206349203,74.45561634347541,74.45561634347541,66.0,16.0,49.0,20827.933333333334,5629.3133333333335
fiqa_dense,11,32,information_gain,10,0.3325277311740831,0.42606349206349203,74.45561634347541,7.445561634347541,75.0,16.0,58.0,24373.333333333332,6748.133333333333
fiqa_dense,11,32,information_gain,50,0.3325277311740831,0.42606349206349203,74.45561634347541,1.4891123268695083,115.0,16.0,98.0,40130.66666666667,11720.666666666668
fiqa_dense,11,32,information_gain,200,0.3325277311740831,0.42606349206349203,74.45561634347541,0.3722780817173771,265.0,16.0,248.0,99220.66666666667,30367.666666666668
fiqa_dense,11,0,learned_value,1,0.3325277311740831,0.42606349206349203,0.0,0.0,1.0,0.0,1.0,393.93333333333334,124.31333333333333
fiqa_dense,11,0,learned_value,10,0.3325277311740831,0.42606349206349203,0.0,0.0,10.0,0.0,10.0,3939.3333333333335,1243.1333333333332
fiqa_dense,11,0,learned_value,50,0.3325277311740831,0.42606349206349203,0.0,0.0,50.0,0.0,50.0,19696.666666666668,6215.666666666667
fiqa_dense,11,0,learned_value,200,0.3325277311740831,0.42606349206349203,0.0,0.0,200.0,0.0,200.0,78786.66666666667,24862.666666666668
fiqa_dense,11,4,learned_value,1,0.3325277311740831,0.42606349206349203,74.45561634347541,74.45561634347541,9.0,16.0,49.0,20827.933333333334,5629.3133333333335
fiqa_dense,11,4,learned_value,10,0.3325277311740831,0.42606349206349203,74.45561634347541,7.445561634347541,18.0,16.0,58.0,24373.333333333332,6748.133333333333
fiqa_dense,11,4,learned_value,50,0.3325277311740831,0.42606349206349203,74.45561634347541,1.4891123268695083,58.0,16.0,98.0,40130.66666666667,11720.666666666668
fiqa_dense,11,4,learned_value,200,0.3325277311740831,0.42606349206349203,74.45561634347541,0.3722780817173771,208.0,16.0,248.0,99220.66666666667,30367.666666666668
fiqa_dense,11,8,learned_value,1,0.3325277311740831,0.42606349206349203,74.45561634347541,74.45561634347541,17.0,16.0,49.0,20827.933333333334,5629.3133333333335
fiqa_dense,11,8,learned_value,10,0.3325277311740831,0.42606349206349203,74.45561634347541,7.445561634347541,26.0,16.0,58.0,24373.333333333332,6748.133333333333
fiqa_dense,11,8,learned_value,50,0.3325277311740831,0.42606349206349203,74.45561634347541,1.4891123268695083,66.0,16.0,98.0,40130.66666666667,11720.666666666668
fiqa_dense,11,8,learned_value,200,0.3325277311740831,0.42606349206349203,74.45561634347541,0.3722780817173771,216.0,16.0,248.0,99220.66666666667,30367.666666666668
fiqa_dense,11,16,learned_value,1,0.3325277311740831,0.42606349206349203,74.45561634347541,74.45561634347541,36.0,16.0,49.0,20827.933333333334,5629.3133333333335
fiqa_dense,11,16,learned_value,10,0.3325277311740831,0.42606349206349203,74.45561634347541,7.445561634347541,45.0,16.0,58.0,24373.333333333332,6748.133333333333
fiqa_dense,11,16,learned_value,50,0.3325277311740831,0.42606349206349203,74.45561634347541,1.4891123268695083,85.0,16.0,98.0,40130.66666666667,11720.666666666668
fiqa_dense,11,16,learned_value,200,0.3325277311740831,0.42606349206349203,74.45561634347541,0.3722780817173771,235.0,16.0,248.0,99220.66666666667,30367.666666666668
fiqa_dense,11,32,learned_value,1,0.3325277311740831,0.42606349206349203,74.45561634347541,74.45561634347541,74.0,16.0,49.0,20827.933333333334,5629.3133333333335
fiqa_dense,11,32,learned_value,10,0.3325277311740831,0.42606349206349203,74.45561634347541,7.445561634347541,83.0,16.0,58.0,24373.333333333332,6748.133333333333
fiqa_dense,11,32,learned_value,50,0.3325277311740831,0.42606349206349203,74.45561634347541,1.4891123268695083,123.0,16.0,98.0,40130.66666666667,11720.666666666668
fiqa_dense,11,32,learned_value,200,0.3325277311740831,0.42606349206349203,74.45561634347541,0.3722780817173771,273.0,16.0,248.0,99220.66666666667,30367.666666666668
fiqa_dense,23,0,source_router,1,0.3325277311740831,0.42606349206349203,0.0,0.0,1.0,0.0,1.0,393.93333333333334,124.31333333333333
fiqa_dense,23,0,source_router,10,0.3325277311740831,0.42606349206349203,0.0,0.0,10.0,0.0,10.0,3939.3333333333335,1243.1333333333332
fiqa_dense,23,0,source_router,50,0.3325277311740831,0.42606349206349203,0.0,0.0,50.0,0.0,50.0,19696.666666666668,6215.666666666667
fiqa_dense,23,0,source_router,200,0.3325277311740831,0.42606349206349203,0.0,0.0,200.0,0.0,200.0,78786.66666666667,24862.666666666668
fiqa_dense,23,4,source_router,1,0.3325277311740831,0.42606349206349203,0.0,0.0,1.0,0.0,1.0,393.93333333333334,124.31333333333333
fiqa_dense,23,4,source_router,10,0.3325277311740831,0.42606349206349203,0.0,0.0,10.0,0.0,10.0,3939.3333333333335,1243.1333333333332
fiqa_dense,23,4,source_router,50,0.3325277311740831,0.42606349206349203,0.0,0.0,50.0,0.0,50.0,19696.666666666668,6215.666666666667
fiqa_dense,23,4,source_router,200,0.3325277311740831,0.42606349206349203,0.0,0.0,200.0,0.0,200.0,78786.66666666667,24862.666666666668
fiqa_dense,23,8,source_router,1,0.3325277311740831,0.42606349206349203,0.0,0.0,1.0,0.0,1.0,393.93333333333334,124.31333333333333
fiqa_dense,23,8,source_router,10,0.3325277311740831,0.42606349206349203,0.0,0.0,10.0,0.0,10.0,3939.3333333333335,1243.1333333333332
fiqa_dense,23,8,source_router,50,0.3325277311740831,0.42606349206349203,0.0,0.0,50.0,0.0,50.0,19696.666666666668,6215.666666666667
fiqa_dense,23,8,source_router,200,0.3325277311740831,0.42606349206349203,0.0,0.0,200.0,0.0,200.0,78786.66666666667,24862.666666666668
fiqa_dense,23,16,source_router,1,0.3325277311740831,0.42606349206349203,0.0,0.0,1.0,0.0,1.0,393.93333333333334,124.31333333333333
fiqa_dense,23,16,source_router,10,0.3325277311740831,0.42606349206349203,0.0,0.0,10.0,0.0,10.0,3939.3333333333335,1243.1333333333332
fiqa_dense,23,16,source_router,50,0.3325277311740831,0.42606349206349203,0.0,0.0,50.0,0.0,50.0,19696.666666666668,6215.666666666667
fiqa_dense,23,16,source_router,200,0.3325277311740831,0.42606349206349203,0.0,0.0,200.0,0.0,200.0,78786.66666666667,24862.666666666668
fiqa_dense,23,32,source_router,1,0.3325277311740831,0.42606349206349203,0.0,0.0,1.0,0.0,1.0,393.93333333333334,124.31333333333333
fiqa_dense,23,32,source_router,10,0.3325277311740831,0.42606349206349203,0.0,0.0,10.0,0.0,10.0,3939.3333333333335,1243.1333333333332
fiqa_dense,23,32,source_router,50,0.3325277311740831,0.42606349206349203,0.0,0.0,50.0,0.0,50.0,19696.666666666668,6215.666666666667
fiqa_dense,23,32,source_router,200,0.3325277311740831,0.42606349206349203,0.0,0.0,200.0,0.0,200.0,78786.66666666667,24862.666666666668
fiqa_dense,23,0,random,1,0.3325277311740831,0.42606349206349203,0.0,0.0,1.0,0.0,1.0,393.93333333333334,124.31333333333333
fiqa_dense,23,0,random,10,0.3325277311740831,0.42606349206349203,0.0,0.0,10.0,0.0,10.0,3939.3333333333335,1243.1333333333332
fiqa_dense,23,0,random,50,0.3325277311740831,0.42606349206349203,0.0,0.0,50.0,0.0,50.0,19696.666666666668,6215.666666666667
fiqa_dense,23,0,random,200,0.3325277311740831,0.42606349206349203,0.0,0.0,200.0,0.0,200.0,78786.66666666667,24862.666666666668
fiqa_dense,23,4,random,1,0.3325277311740831,0.42606349206349203,73.66888182834373,73.66888182834373,9.0,16.0,49.0,20254.933333333334,5343.3133333333335
fiqa_dense,23,4,random,10,0.3325277311740831,0.42606349206349203,73.66888182834373,7.366888182834373,18.0,16.0,58.0,23800.333333333332,6462.133333333333
fiqa_dense,23,4,random,50,0.3325277311740831,0.42606349206349203,73.66888182834373,1.4733776365668745,58.0,16.0,98.0,39557.66666666667,11434.666666666668
fiqa_dense,23,4,random,200,0.3325277311740831,0.42606349206349203,73.66888182834373,0.3683444091417186,208.0,16.0,248.0,98647.66666666667,30081.666666666668
fiqa_dense,23,8,random,1,0.3325277311740831,0.42606349206349203,73.66888182834373,73.66888182834373,18.0,16.0,49.0,20254.933333333334,5343.3133333333335
fiqa_dense,23,8,random,10,0.3325277311740831,0.42606349206349203,73.66888182834373,7.366888182834373,27.0,16.0,58.0,23800.333333333332,6462.133333333333
fiqa_dense,23,8,random,50,0.3325277311740831,0.42606349206349203,73.66888182834373,1.4733776365668745,67.0,16.0,98.0,39557.66666666667,11434.666666666668
fiqa_dense,23,8,random,200,0.3325277311740831,0.42606349206349203,73.66888182834373,0.3683444091417186,217.0,16.0,248.0,98647.66666666667,30081.666666666668
fiqa_dense,23,16,random,1,0.3325277311740831,0.42606349206349203,73.66888182834373,73.66888182834373,35.0,16.0,49.0,20254.933333333334,5343.3133333333335
fiqa_dense,23,16,random,10,0.3325277311740831,0.42606349206349203,73.66888182834373,7.366888182834373,44.0,16.0,58.0,23800.333333333332,6462.133333333333
fiqa_dense,23,16,random,50,0.3325277311740831,0.42606349206349203,73.66888182834373,1.4733776365668745,84.0,16.0,98.0,39557.66666666667,11434.666666666668
fiqa_dense,23,16,random,200,0.3325277311740831,0.42606349206349203,73.66888182834373,0.3683444091417186,234.0,16.0,248.0,98647.66666666667,30081.666666666668
fiqa_dense,23,32,random,1,0.3325277311740831,0.42606349206349203,73.66888182834373,73.66888182834373,72.0,16.0,49.0,20254.933333333334,5343.3133333333335
fiqa_dense,23,32,random,10,0.3325277311740831,0.42606349206349203,73.66888182834373,7.366888182834373,81.0,16.0,58.0,23800.333333333332,6462.133333333333
fiqa_dense,23,32,random,50,0.3325277311740831,0.42606349206349203,73.66888182834373,1.4733776365668745,121.0,16.0,98.0,39557.66666666667,11434.666666666668
fiqa_dense,23,32,random,200,0.3325277311740831,0.42606349206349203,73.66888182834373,0.3683444091417186,271.0,16.0,248.0,98647.66666666667,30081.666666666668
fiqa_dense,23,0,fixed,1,0.3325277311740831,0.42606349206349203,0.0,0.0,1.0,0.0,1.0,393.93333333333334,124.31333333333333
fiqa_dense,23,0,fixed,10,0.3325277311740831,0.42606349206349203,0.0,0.0,10.0,0.0,10.0,3939.3333333333335,1243.1333333333332
fiqa_dense,23,0,fixed,50,0.3325277311740831,0.42606349206349203,0.0,0.0,50.0,0.0,50.0,19696.666666666668,6215.666666666667
fiqa_dense,23,0,fixed,200,0.3325277311740831,0.42606349206349203,0.0,0.0,200.0,0.0,200.0,78786.66666666667,24862.666666666668
fiqa_dense,23,4,fixed,1,0.3325277311740831,0.42606349206349203,73.66888182834373,73.66888182834373,10.0,16.0,49.0,20254.933333333334,5343.3133333333335
fiqa_dense,23,4,fixed,10,0.3325277311740831,0.42606349206349203,73.66888182834373,7.366888182834373,19.0,16.0,58.0,23800.333333333332,6462.133333333333
fiqa_dense,23,4,fixed,50,0.3325277311740831,0.42606349206349203,73.66888182834373,1.4733776365668745,59.0,16.0,98.0,39557.66666666667,11434.666666666668
fiqa_dense,23,4,fixed,200,0.3325277311740831,0.42606349206349203,73.66888182834373,0.3683444091417186,209.0,16.0,248.0,98647.66666666667,30081.666666666668
fiqa_dense,23,8,fixed,1,0.3325277311740831,0.42606349206349203,73.66888182834373,73.66888182834373,19.0,16.0,49.0,20254.933333333334,5343.3133333333335
fiqa_dense,23,8,fixed,10,0.3325277311740831,0.42606349206349203,73.66888182834373,7.366888182834373,28.0,16.0,58.0,23800.333333333332,6462.133333333333
fiqa_dense,23,8,fixed,50,0.3325277311740831,0.42606349206349203,73.66888182834373,1.4733776365668745,68.0,16.0,98.0,39557.66666666667,11434.666666666668
fiqa_dense,23,8,fixed,200,0.3325277311740831,0.42606349206349203,73.66888182834373,0.3683444091417186,218.0,16.0,248.0,98647.66666666667,30081.666666666668
fiqa_dense,23,16,fixed,1,0.3325277311740831,0.42606349206349203,73.66888182834373,73.66888182834373,37.0,16.0,49.0,20254.933333333334,5343.3133333333335
fiqa_dense,23,16,fixed,10,0.3325277311740831,0.42606349206349203,73.66888182834373,7.366888182834373,46.0,16.0,58.0,23800.333333333332,6462.133333333333
fiqa_dense,23,16,fixed,50,0.3325277311740831,0.42606349206349203,73.66888182834373,1.4733776365668745,86.0,16.0,98.0,39557.66666666667,11434.666666666668
fiqa_dense,23,16,fixed,200,0.3325277311740831,0.42606349206349203,73.66888182834373,0.3683444091417186,236.0,16.0,248.0,98647.66666666667,30081.666666666668
fiqa_dense,23,32,fixed,1,0.3325277311740831,0.42606349206349203,73.66888182834373,73.66888182834373,73.0,16.0,49.0,20254.933333333334,5343.3133333333335
fiqa_dense,23,32,fixed,10,0.3325277311740831,0.42606349206349203,73.66888182834373,7.366888182834373,82.0,16.0,58.0,23800.333333333332,6462.133333333333
fiqa_dense,23,32,fixed,50,0.3325277311740831,0.42606349206349203,73.66888182834373,1.4733776365668745,122.0,16.0,98.0,39557.66666666667,11434.666666666668
fiqa_dense,23,32,fixed,200,0.3325277311740831,0.42606349206349203,73.66888182834373,0.3683444091417186,272.0,16.0,248.0,98647.66666666667,30081.666666666668
fiqa_dense,23,0,information_gain,1,0.3325277311740831,0.42606349206349203,0.0,0.0,1.0,0.0,1.0,393.93333333333334,124.31333333333333
fiqa_dense,23,0,information_gain,10,0.3325277311740831,0.42606349206349203,0.0,0.0,10.0,0.0,10.0,3939.3333333333335,1243.1333333333332
fiqa_dense,23,0,information_gain,50,0.3325277311740831,0.42606349206349203,0.0,0.0,50.0,0.0,50.0,19696.666666666668,6215.666666666667
fiqa_dense,23,0,information_gain,200,0.3325277311740831,0.42606349206349203,0.0,0.0,200.0,0.0,200.0,78786.66666666667,24862.666666666668
fiqa_dense,23,4,information_gain,1,0.3325277311740831,0.42606349206349203,73.66888182834373,73.66888182834373,9.0,16.0,49.0,20254.933333333334,5343.3133333333335
fiqa_dense,23,4,information_gain,10,0.3325277311740831,0.42606349206349203,73.66888182834373,7.366888182834373,18.0,16.0,58.0,23800.333333333332,6462.133333333333
fiqa_dense,23,4,information_gain,50,0.3325277311740831,0.42606349206349203,73.66888182834373,1.4733776365668745,58.0,16.0,98.0,39557.66666666667,11434.666666666668
fiqa_dense,23,4,information_gain,200,0.3325277311740831,0.42606349206349203,73.66888182834373,0.3683444091417186,208.0,16.0,248.0,98647.66666666667,30081.666666666668
fiqa_dense,23,8,information_gain,1,0.3325277311740831,0.42606349206349203,73.66888182834373,73.66888182834373,17.0,16.0,49.0,20254.933333333334,5343.3133333333335
fiqa_dense,23,8,information_gain,10,0.3325277311740831,0.42606349206349203,73.66888182834373,7.366888182834373,26.0,16.0,58.0,23800.333333333332,6462.133333333333
fiqa_dense,23,8,information_gain,50,0.3325277311740831,0.42606349206349203,73.66888182834373,1.4733776365668745,66.0,16.0,98.0,39557.66666666667,11434.666666666668
fiqa_dense,23,8,information_gain,200,0.3325277311740831,0.42606349206349203,73.66888182834373,0.3683444091417186,216.0,16.0,248.0,98647.66666666667,30081.666666666668
fiqa_dense,23,16,information_gain,1,0.3325277311740831,0.42606349206349203,73.66888182834373,73.66888182834373,33.0,16.0,49.0,20254.933333333334,5343.3133333333335
fiqa_dense,23,16,information_gain,10,0.3325277311740831,0.42606349206349203,73.66888182834373,7.366888182834373,42.0,16.0,58.0,23800.333333333332,6462.133333333333
fiqa_dense,23,16,information_gain,50,0.3325277311740831,0.42606349206349203,73.66888182834373,1.4733776365668745,82.0,16.0,98.0,39557.66666666667,11434.666666666668
fiqa_dense,23,16,information_gain,200,0.3325277311740831,0.42606349206349203,73.66888182834373,0.3683444091417186,232.0,16.0,248.0,98647.66666666667,30081.666666666668
fiqa_dense,23,32,information_gain,1,0.3325277311740831,0.42606349206349203,73.66888182834373,73.66888182834373,66.0,16.0,49.0,20254.933333333334,5343.3133333333335
fiqa_dense,23,32,information_gain,10,0.3325277311740831,0.42606349206349203,73.66888182834373,7.366888182834373,75.0,16.0,58.0,23800.333333333332,6462.133333333333
fiqa_dense,23,32,information_gain,50,0.3325277311740831,0.42606349206349203,73.66888182834373,1.4733776365668745,115.0,16.0,98.0,39557.66666666667,11434.666666666668
fiqa_dense,23,32,information_gain,200,0.3325277311740831,0.42606349206349203,73.66888182834373,0.3683444091417186,265.0,16.0,248.0,98647.66666666667,30081.666666666668
fiqa_dense,23,0,learned_value,1,0.3325277311740831,0.42606349206349203,0.0,0.0,1.0,0.0,1.0,393.93333333333334,124.31333333333333
fiqa_dense,23,0,learned_value,10,0.3325277311740831,0.42606349206349203,0.0,0.0,10.0,0.0,10.0,3939.3333333333335,1243.1333333333332
fiqa_dense,23,0,learned_value,50,0.3325277311740831,0.42606349206349203,0.0,0.0,50.0,0.0,50.0,19696.666666666668,6215.666666666667
fiqa_dense,23,0,learned_value,200,0.3325277311740831,0.42606349206349203,0.0,0.0,200.0,0.0,200.0,78786.66666666667,24862.666666666668
fiqa_dense,23,4,learned_value,1,0.3325277311740831,0.42606349206349203,73.66888182834373,73.66888182834373,9.0,16.0,49.0,20254.933333333334,5343.3133333333335
fiqa_dense,23,4,learned_value,10,0.3325277311740831,0.42606349206349203,73.66888182834373,7.366888182834373,18.0,16.0,58.0,23800.333333333332,6462.133333333333
fiqa_dense,23,4,learned_value,50,0.3325277311740831,0.42606349206349203,73.66888182834373,1.4733776365668745,58.0,16.0,98.0,39557.66666666667,11434.666666666668
fiqa_dense,23,4,learned_value,200,0.3325277311740831,0.42606349206349203,73.66888182834373,0.3683444091417186,208.0,16.0,248.0,98647.66666666667,30081.666666666668
fiqa_dense,23,8,learned_value,1,0.3325277311740831,0.42606349206349203,73.66888182834373,73.66888182834373,18.0,16.0,49.0,20254.933333333334,5343.3133333333335
fiqa_dense,23,8,learned_value,10,0.3325277311740831,0.42606349206349203,73.66888182834373,7.366888182834373,27.0,16.0,58.0,23800.333333333332,6462.133333333333
fiqa_dense,23,8,learned_value,50,0.3325277311740831,0.42606349206349203,73.66888182834373,1.4733776365668745,67.0,16.0,98.0,39557.66666666667,11434.666666666668
fiqa_dense,23,8,learned_value,200,0.3325277311740831,0.42606349206349203,73.66888182834373,0.3683444091417186,217.0,16.0,248.0,98647.66666666667,30081.666666666668
fiqa_dense,23,16,learned_value,1,0.3325277311740831,0.42606349206349203,73.66888182834373,73.66888182834373,35.0,16.0,49.0,20254.933333333334,5343.3133333333335
fiqa_dense,23,16,learned_value,10,0.3325277311740831,0.42606349206349203,73.66888182834373,7.366888182834373,44.0,16.0,58.0,23800.333333333332,6462.133333333333
fiqa_dense,23,16,learned_value,50,0.3325277311740831,0.42606349206349203,73.66888182834373,1.4733776365668745,84.0,16.0,98.0,39557.66666666667,11434.666666666668
fiqa_dense,23,16,learned_value,200,0.3325277311740831,0.42606349206349203,73.66888182834373,0.3683444091417186,234.0,16.0,248.0,98647.66666666667,30081.666666666668
fiqa_dense,23,32,learned_value,1,0.3325277311740831,0.42606349206349203,73.66888182834373,73.66888182834373,72.0,16.0,49.0,20254.933333333334,5343.3133333333335
fiqa_dense,23,32,learned_value,10,0.3325277311740831,0.42606349206349203,73.66888182834373,7.366888182834373,81.0,16.0,58.0,23800.333333333332,6462.133333333333
fiqa_dense,23,32,learned_value,50,0.3325277311740831,0.42606349206349203,73.66888182834373,1.4733776365668745,121.0,16.0,98.0,39557.66666666667,11434.666666666668
fiqa_dense,23,32,learned_value,200,0.3325277311740831,0.42606349206349203,73.66888182834373,0.3683444091417186,271.0,16.0,248.0,98647.66666666667,30081.666666666668
fiqa_dense,47,0,source_router,1,0.3325277311740831,0.42606349206349203,0.0,0.0,1.0,0.0,1.0,393.93333333333334,124.31333333333333
fiqa_dense,47,0,source_router,10,0.3325277311740831,0.42606349206349203,0.0,0.0,10.0,0.0,10.0,3939.3333333333335,1243.1333333333332
fiqa_dense,47,0,source_router,50,0.3325277311740831,0.42606349206349203,0.0,0.0,50.0,0.0,50.0,19696.666666666668,6215.666666666667
fiqa_dense,47,0,source_router,200,0.3325277311740831,0.42606349206349203,0.0,0.0,200.0,0.0,200.0,78786.66666666667,24862.666666666668
fiqa_dense,47,4,source_router,1,0.3325277311740831,0.42606349206349203,0.0,0.0,1.0,0.0,1.0,393.93333333333334,124.31333333333333
fiqa_dense,47,4,source_router,10,0.3325277311740831,0.42606349206349203,0.0,0.0,10.0,0.0,10.0,3939.3333333333335,1243.1333333333332
fiqa_dense,47,4,source_router,50,0.3325277311740831,0.42606349206349203,0.0,0.0,50.0,0.0,50.0,19696.666666666668,6215.666666666667
fiqa_dense,47,4,source_router,200,0.3325277311740831,0.42606349206349203,0.0,0.0,200.0,0.0,200.0,78786.66666666667,24862.666666666668
fiqa_dense,47,8,source_router,1,0.3325277311740831,0.42606349206349203,0.0,0.0,1.0,0.0,1.0,393.93333333333334,124.31333333333333
fiqa_dense,47,8,source_router,10,0.3325277311740831,0.42606349206349203,0.0,0.0,10.0,0.0,10.0,3939.3333333333335,1243.1333333333332
fiqa_dense,47,8,source_router,50,0.3325277311740831,0.42606349206349203,0.0,0.0,50.0,0.0,50.0,19696.666666666668,6215.666666666667
fiqa_dense,47,8,source_router,200,0.3325277311740831,0.42606349206349203,0.0,0.0,200.0,0.0,200.0,78786.66666666667,24862.666666666668
fiqa_dense,47,16,source_router,1,0.3325277311740831,0.42606349206349203,0.0,0.0,1.0,0.0,1.0,393.93333333333334,124.31333333333333
fiqa_dense,47,16,source_router,10,0.3325277311740831,0.42606349206349203,0.0,0.0,10.0,0.0,10.0,3939.3333333333335,1243.1333333333332
fiqa_dense,47,16,source_router,50,0.3325277311740831,0.42606349206349203,0.0,0.0,50.0,0.0,50.0,19696.666666666668,6215.666666666667
fiqa_dense,47,16,source_router,200,0.3325277311740831,0.42606349206349203,0.0,0.0,200.0,0.0,200.0,78786.66666666667,24862.666666666668
fiqa_dense,47,32,source_router,1,0.3325277311740831,0.42606349206349203,0.0,0.0,1.0,0.0,1.0,393.93333333333334,124.31333333333333
fiqa_dense,47,32,source_router,10,0.3325277311740831,0.42606349206349203,0.0,0.0,10.0,0.0,10.0,3939.3333333333335,1243.1333333333332
fiqa_dense,47,32,source_router,50,0.3325277311740831,0.42606349206349203,0.0,0.0,50.0,0.0,50.0,19696.666666666668,6215.666666666667
fiqa_dense,47,32,source_router,200,0.3325277311740831,0.42606349206349203,0.0,0.0,200.0,0.0,200.0,78786.66666666667,24862.666666666668
fiqa_dense,47,0,random,1,0.3325277311740831,0.42606349206349203,0.0,0.0,1.0,0.0,1.0,393.93333333333334,124.31333333333333
fiqa_dense,47,0,random,10,0.3325277311740831,0.42606349206349203,0.0,0.0,10.0,0.0,10.0,3939.3333333333335,1243.1333333333332
fiqa_dense,47,0,random,50,0.3325277311740831,0.42606349206349203,0.0,0.0,50.0,0.0,50.0,19696.666666666668,6215.666666666667
fiqa_dense,47,0,random,200,0.3325277311740831,0.42606349206349203,0.0,0.0,200.0,0.0,200.0,78786.66666666667,24862.666666666668
fiqa_dense,47,4,random,1,0.3325277311740831,0.42606349206349203,76.39591286834911,76.39591286834911,11.0,16.0,49.0,19942.933333333334,5191.3133333333335
fiqa_dense,47,4,random,10,0.3325277311740831,0.42606349206349203,76.39591286834911,7.639591286834912,20.0,16.0,58.0,23488.333333333332,6310.133333333333
fiqa_dense,47,4,random,50,0.3325277311740831,0.42606349206349203,76.39591286834911,1.5279182573669823,60.0,16.0,98.0,39245.66666666667,11282.666666666668
fiqa_dense,47,4,random,200,0.3325277311740831,0.42606349206349203,76.39591286834911,0.38197956434174557,210.0,16.0,248.0,98335.66666666667,29929.666666666668
fiqa_dense,47,8,random,1,0.3325277311740831,0.42606349206349203,76.39591286834911,76.39591286834911,19.0,16.0,49.0,19942.933333333334,5191.3133333333335
fiqa_dense,47,8,random,10,0.3325277311740831,0.42606349206349203,76.39591286834911,7.639591286834912,28.0,16.0,58.0,23488.333333333332,6310.133333333333
fiqa_dense,47,8,random,50,0.3325277311740831,0.42606349206349203,76.39591286834911,1.5279182573669823,68.0,16.0,98.0,39245.66666666667,11282.666666666668
fiqa_dense,47,8,random,200,0.3325277311740831,0.42606349206349203,76.39591286834911,0.38197956434174557,218.0,16.0,248.0,98335.66666666667,29929.666666666668
fiqa_dense,47,16,random,1,0.3325277311740831,0.42606349206349203,76.39591286834911,76.39591286834911,36.0,16.0,49.0,19942.933333333334,5191.3133333333335
fiqa_dense,47,16,random,10,0.3325277311740831,0.42606349206349203,76.39591286834911,7.639591286834912,45.0,16.0,58.0,23488.333333333332,6310.133333333333
fiqa_dense,47,16,random,50,0.3325277311740831,0.42606349206349203,76.39591286834911,1.5279182573669823,85.0,16.0,98.0,39245.66666666667,11282.666666666668
fiqa_dense,47,16,random,200,0.3325277311740831,0.42606349206349203,76.39591286834911,0.38197956434174557,235.0,16.0,248.0,98335.66666666667,29929.666666666668
fiqa_dense,47,32,random,1,0.3325277311740831,0.42606349206349203,76.39591286834911,76.39591286834911,72.0,16.0,49.0,19942.933333333334,5191.3133333333335
fiqa_dense,47,32,random,10,0.3325277311740831,0.42606349206349203,76.39591286834911,7.639591286834912,81.0,16.0,58.0,23488.333333333332,6310.133333333333
fiqa_dense,47,32,random,50,0.3325277311740831,0.42606349206349203,76.39591286834911,1.5279182573669823,121.0,16.0,98.0,39245.66666666667,11282.666666666668
fiqa_dense,47,32,random,200,0.3325277311740831,0.42606349206349203,76.39591286834911,0.38197956434174557,271.0,16.0,248.0,98335.66666666667,29929.666666666668
fiqa_dense,47,0,fixed,1,0.3325277311740831,0.42606349206349203,0.0,0.0,1.0,0.0,1.0,393.93333333333334,124.31333333333333
fiqa_dense,47,0,fixed,10,0.3325277311740831,0.42606349206349203,0.0,0.0,10.0,0.0,10.0,3939.3333333333335,1243.1333333333332
fiqa_dense,47,0,fixed,50,0.3325277311740831,0.42606349206349203,0.0,0.0,50.0,0.0,50.0,19696.666666666668,6215.666666666667
fiqa_dense,47,0,fixed,200,0.3325277311740831,0.42606349206349203,0.0,0.0,200.0,0.0,200.0,78786.66666666667,24862.666666666668
fiqa_dense,47,4,fixed,1,0.3325277311740831,0.42606349206349203,76.39591286834911,76.39591286834911,10.0,16.0,49.0,19942.933333333334,5191.3133333333335
fiqa_dense,47,4,fixed,10,0.3325277311740831,0.42606349206349203,76.39591286834911,7.639591286834912,19.0,16.0,58.0,23488.333333333332,6310.133333333333
fiqa_dense,47,4,fixed,50,0.3325277311740831,0.42606349206349203,76.39591286834911,1.5279182573669823,59.0,16.0,98.0,39245.66666666667,11282.666666666668
fiqa_dense,47,4,fixed,200,0.3325277311740831,0.42606349206349203,76.39591286834911,0.38197956434174557,209.0,16.0,248.0,98335.66666666667,29929.666666666668
fiqa_dense,47,8,fixed,1,0.3325277311740831,0.42606349206349203,76.39591286834911,76.39591286834911,19.0,16.0,49.0,19942.933333333334,5191.3133333333335
fiqa_dense,47,8,fixed,10,0.3325277311740831,0.42606349206349203,76.39591286834911,7.639591286834912,28.0,16.0,58.0,23488.333333333332,6310.133333333333
fiqa_dense,47,8,fixed,50,0.3325277311740831,0.42606349206349203,76.39591286834911,1.5279182573669823,68.0,16.0,98.0,39245.66666666667,11282.666666666668
fiqa_dense,47,8,fixed,200,0.3325277311740831,0.42606349206349203,76.39591286834911,0.38197956434174557,218.0,16.0,248.0,98335.66666666667,29929.666666666668
fiqa_dense,47,16,fixed,1,0.3325277311740831,0.42606349206349203,76.39591286834911,76.39591286834911,37.0,16.0,49.0,19942.933333333334,5191.3133333333335
fiqa_dense,47,16,fixed,10,0.3325277311740831,0.42606349206349203,76.39591286834911,7.639591286834912,46.0,16.0,58.0,23488.333333333332,6310.133333333333
fiqa_dense,47,16,fixed,50,0.3325277311740831,0.42606349206349203,76.39591286834911,1.5279182573669823,86.0,16.0,98.0,39245.66666666667,11282.666666666668
fiqa_dense,47,16,fixed,200,0.3325277311740831,0.42606349206349203,76.39591286834911,0.38197956434174557,236.0,16.0,248.0,98335.66666666667,29929.666666666668
fiqa_dense,47,32,fixed,1,0.3325277311740831,0.42606349206349203,76.39591286834911,76.39591286834911,73.0,16.0,49.0,19942.933333333334,5191.3133333333335
fiqa_dense,47,32,fixed,10,0.3325277311740831,0.42606349206349203,76.39591286834911,7.639591286834912,82.0,16.0,58.0,23488.333333333332,6310.133333333333
fiqa_dense,47,32,fixed,50,0.3325277311740831,0.42606349206349203,76.39591286834911,1.5279182573669823,122.0,16.0,98.0,39245.66666666667,11282.666666666668
fiqa_dense,47,32,fixed,200,0.3325277311740831,0.42606349206349203,76.39591286834911,0.38197956434174557,272.0,16.0,248.0,98335.66666666667,29929.666666666668
fiqa_dense,47,0,information_gain,1,0.3325277311740831,0.42606349206349203,0.0,0.0,1.0,0.0,1.0,393.93333333333334,124.31333333333333
fiqa_dense,47,0,information_gain,10,0.3325277311740831,0.42606349206349203,0.0,0.0,10.0,0.0,10.0,3939.3333333333335,1243.1333333333332
fiqa_dense,47,0,information_gain,50,0.3325277311740831,0.42606349206349203,0.0,0.0,50.0,0.0,50.0,19696.666666666668,6215.666666666667
fiqa_dense,47,0,information_gain,200,0.3325277311740831,0.42606349206349203,0.0,0.0,200.0,0.0,200.0,78786.66666666667,24862.666666666668
fiqa_dense,47,4,information_gain,1,0.3325277311740831,0.42606349206349203,76.39591286834911,76.39591286834911,9.0,16.0,49.0,19942.933333333334,5191.3133333333335
fiqa_dense,47,4,information_gain,10,0.3325277311740831,0.42606349206349203,76.39591286834911,7.639591286834912,18.0,16.0,58.0,23488.333333333332,6310.133333333333
fiqa_dense,47,4,information_gain,50,0.3325277311740831,0.42606349206349203,76.39591286834911,1.5279182573669823,58.0,16.0,98.0,39245.66666666667,11282.666666666668
fiqa_dense,47,4,information_gain,200,0.3325277311740831,0.42606349206349203,76.39591286834911,0.38197956434174557,208.0,16.0,248.0,98335.66666666667,29929.666666666668
fiqa_dense,47,8,information_gain,1,0.3325277311740831,0.42606349206349203,76.39591286834911,76.39591286834911,17.0,16.0,49.0,19942.933333333334,5191.3133333333335
fiqa_dense,47,8,information_gain,10,0.3325277311740831,0.42606349206349203,76.39591286834911,7.639591286834912,26.0,16.0,58.0,23488.333333333332,6310.133333333333
fiqa_dense,47,8,information_gain,50,0.3325277311740831,0.42606349206349203,76.39591286834911,1.5279182573669823,66.0,16.0,98.0,39245.66666666667,11282.666666666668
fiqa_dense,47,8,information_gain,200,0.3325277311740831,0.42606349206349203,76.39591286834911,0.38197956434174557,216.0,16.0,248.0,98335.66666666667,29929.666666666668
fiqa_dense,47,16,information_gain,1,0.3325277311740831,0.42606349206349203,76.39591286834911,76.39591286834911,33.0,16.0,49.0,19942.933333333334,5191.3133333333335
fiqa_dense,47,16,information_gain,10,0.3325277311740831,0.42606349206349203,76.39591286834911,7.639591286834912,42.0,16.0,58.0,23488.333333333332,6310.133333333333
fiqa_dense,47,16,information_gain,50,0.3325277311740831,0.42606349206349203,76.39591286834911,1.5279182573669823,82.0,16.0,98.0,39245.66666666667,11282.666666666668
fiqa_dense,47,16,information_gain,200,0.3325277311740831,0.42606349206349203,76.39591286834911,0.38197956434174557,232.0,16.0,248.0,98335.66666666667,29929.666666666668
fiqa_dense,47,32,information_gain,1,0.3325277311740831,0.42606349206349203,76.39591286834911,76.39591286834911,66.0,16.0,49.0,19942.933333333334,5191.3133333333335
fiqa_dense,47,32,information_gain,10,0.3325277311740831,0.42606349206349203,76.39591286834911,7.639591286834912,75.0,16.0,58.0,23488.333333333332,6310.133333333333
fiqa_dense,47,32,information_gain,50,0.3325277311740831,0.42606349206349203,76.39591286834911,1.5279182573669823,115.0,16.0,98.0,39245.66666666667,11282.666666666668
fiqa_dense,47,32,information_gain,200,0.3325277311740831,0.42606349206349203,76.39591286834911,0.38197956434174557,265.0,16.0,248.0,98335.66666666667,29929.666666666668
fiqa_dense,47,0,learned_value,1,0.3325277311740831,0.42606349206349203,0.0,0.0,1.0,0.0,1.0,393.93333333333334,124.31333333333333
fiqa_dense,47,0,learned_value,10,0.3325277311740831,0.42606349206349203,0.0,0.0,10.0,0.0,10.0,3939.3333333333335,1243.1333333333332
fiqa_dense,47,0,learned_value,50,0.3325277311740831,0.42606349206349203,0.0,0.0,50.0,0.0,50.0,19696.666666666668,6215.666666666667
fiqa_dense,47,0,learned_value,200,0.3325277311740831,0.42606349206349203,0.0,0.0,200.0,0.0,200.0,78786.66666666667,24862.666666666668
fiqa_dense,47,4,learned_value,1,0.3325277311740831,0.42606349206349203,76.39591286834911,76.39591286834911,11.0,16.0,49.0,19942.933333333334,5191.3133333333335
fiqa_dense,47,4,learned_value,10,0.3325277311740831,0.42606349206349203,76.39591286834911,7.639591286834912,20.0,16.0,58.0,23488.333333333332,6310.133333333333
fiqa_dense,47,4,learned_value,50,0.3325277311740831,0.42606349206349203,76.39591286834911,1.5279182573669823,60.0,16.0,98.0,39245.66666666667,11282.666666666668
fiqa_dense,47,4,learned_value,200,0.3325277311740831,0.42606349206349203,76.39591286834911,0.38197956434174557,210.0,16.0,248.0,98335.66666666667,29929.666666666668
fiqa_dense,47,8,learned_value,1,0.3325277311740831,0.42606349206349203,76.39591286834911,76.39591286834911,19.0,16.0,49.0,19942.933333333334,5191.3133333333335
fiqa_dense,47,8,learned_value,10,0.3325277311740831,0.42606349206349203,76.39591286834911,7.639591286834912,28.0,16.0,58.0,23488.333333333332,6310.133333333333
fiqa_dense,47,8,learned_value,50,0.3325277311740831,0.42606349206349203,76.39591286834911,1.5279182573669823,68.0,16.0,98.0,39245.66666666667,11282.666666666668
fiqa_dense,47,8,learned_value,200,0.3325277311740831,0.42606349206349203,76.39591286834911,0.38197956434174557,218.0,16.0,248.0,98335.66666666667,29929.666666666668
fiqa_dense,47,16,learned_value,1,0.3325277311740831,0.42606349206349203,76.39591286834911,76.39591286834911,36.0,16.0,49.0,19942.933333333334,5191.3133333333335
fiqa_dense,47,16,learned_value,10,0.3325277311740831,0.42606349206349203,76.39591286834911,7.639591286834912,45.0,16.0,58.0,23488.333333333332,6310.133333333333
fiqa_dense,47,16,learned_value,50,0.3325277311740831,0.42606349206349203,76.39591286834911,1.5279182573669823,85.0,16.0,98.0,39245.66666666667,11282.666666666668
fiqa_dense,47,16,learned_value,200,0.3325277311740831,0.42606349206349203,76.39591286834911,0.38197956434174557,235.0,16.0,248.0,98335.66666666667,29929.666666666668
fiqa_dense,47,32,learned_value,1,0.3325277311740831,0.42606349206349203,76.39591286834911,76.39591286834911,72.0,16.0,49.0,19942.933333333334,5191.3133333333335
fiqa_dense,47,32,learned_value,10,0.3325277311740831,0.42606349206349203,76.39591286834911,7.639591286834912,81.0,16.0,58.0,23488.333333333332,6310.133333333333
fiqa_dense,47,32,learned_value,50,0.3325277311740831,0.42606349206349203,76.39591286834911,1.5279182573669823,121.0,16.0,98.0,39245.66666666667,11282.666666666668
fiqa_dense,47,32,learned_value,200,0.3325277311740831,0.42606349206349203,76.39591286834911,0.38197956434174557,271.0,16.0,248.0,98335.66666666667,29929.666666666668
nfcorpus_bm25,11,0,source_router,1,0.24510579949889155,0.25775147928994085,0.0,0.0,1.0,0.0,0.0,0.0,0.0
nfcorpus_bm25,11,0,source_router,10,0.24510579949889155,0.25775147928994085,0.0,0.0,10.0,0.0,0.0,0.0,0.0
nfcorpus_bm25,11,0,source_router,50,0.24510579949889155,0.25775147928994085,0.0,0.0,50.0,0.0,0.0,0.0,0.0
nfcorpus_bm25,11,0,source_router,200,0.24510579949889155,0.25775147928994085,0.0,0.0,200.0,0.0,0.0,0.0,0.0
nfcorpus_bm25,11,4,source_router,1,0.24510579949889155,0.25775147928994085,0.0,0.0,1.0,0.0,0.0,0.0,0.0
nfcorpus_bm25,11,4,source_router,10,0.24510579949889155,0.25775147928994085,0.0,0.0,10.0,0.0,0.0,0.0,0.0
nfcorpus_bm25,11,4,source_router,50,0.24510579949889155,0.25775147928994085,0.0,0.0,50.0,0.0,0.0,0.0,0.0
nfcorpus_bm25,11,4,source_router,200,0.24510579949889155,0.25775147928994085,0.0,0.0,200.0,0.0,0.0,0.0,0.0
nfcorpus_bm25,11,8,source_router,1,0.24510579949889155,0.25775147928994085,0.0,0.0,1.0,0.0,0.0,0.0,0.0
nfcorpus_bm25,11,8,source_router,10,0.24510579949889155,0.25775147928994085,0.0,0.0,10.0,0.0,0.0,0.0,0.0
nfcorpus_bm25,11,8,source_router,50,0.24510579949889155,0.25775147928994085,0.0,0.0,50.0,0.0,0.0,0.0,0.0
nfcorpus_bm25,11,8,source_router,200,0.24510579949889155,0.25775147928994085,0.0,0.0,200.0,0.0,0.0,0.0,0.0
nfcorpus_bm25,11,16,source_router,1,0.24510579949889155,0.25775147928994085,0.0,0.0,1.0,0.0,0.0,0.0,0.0
nfcorpus_bm25,11,16,source_router,10,0.24510579949889155,0.25775147928994085,0.0,0.0,10.0,0.0,0.0,0.0,0.0
nfcorpus_bm25,11,16,source_router,50,0.24510579949889155,0.25775147928994085,0.0,0.0,50.0,0.0,0.0,0.0,0.0
nfcorpus_bm25,11,16,source_router,200,0.24510579949889155,0.25775147928994085,0.0,0.0,200.0,0.0,0.0,0.0,0.0
nfcorpus_bm25,11,32,source_router,1,0.24510579949889155,0.25775147928994085,0.0,0.0,1.0,0.0,0.0,0.0,0.0
nfcorpus_bm25,11,32,source_router,10,0.24510579949889155,0.25775147928994085,0.0,0.0,10.0,0.0,0.0,0.0,0.0
nfcorpus_bm25,11,32,source_router,50,0.24510579949889155,0.25775147928994085,0.0,0.0,50.0,0.0,0.0,0.0,0.0
nfcorpus_bm25,11,32,source_router,200,0.24510579949889155,0.25775147928994085,0.0,0.0,200.0,0.0,0.0,0.0,0.0
nfcorpus_bm25,11,0,random,1,0.24510579949889155,0.25775147928994085,0.0,0.0,1.0,0.0,0.0,0.0,0.0
nfcorpus_bm25,11,0,random,10,0.24510579949889155,0.25775147928994085,0.0,0.0,10.0,0.0,0.0,0.0,0.0
nfcorpus_bm25,11,0,random,50,0.24510579949889155,0.25775147928994085,0.0,0.0,50.0,0.0,0.0,0.0,0.0
nfcorpus_bm25,11,0,random,200,0.24510579949889155,0.25775147928994085,0.0,0.0,200.0,0.0,0.0,0.0,0.0
nfcorpus_bm25,11,4,random,1,0.24510579949889155,0.25775147928994085,97.41325913557375,97.41325913557375,9.0,16.0,48.0,24215.0,6074.0
nfcorpus_bm25,11,4,random,10,0.24510579949889155,0.25775147928994085,97.41325913557375,9.741325913557375,18.0,16.0,48.0,24215.0,6074.0
nfcorpus_bm25,11,4,random,50,0.24510579949889155,0.25775147928994085,97.41325913557375,1.948265182711475,58.0,16.0,48.0,24215.0,6074.0
nfcorpus_bm25,11,4,random,200,0.24510579949889155,0.25775147928994085,97.41325913557375,0.48706629567786874,208.0,16.0,48.0,24215.0,6074.0
nfcorpus_bm25,11,8,random,1,0.24510579949889155,0.25775147928994085,97.41325913557375,97.41325913557375,17.0,16.0,48.0,24215.0,6074.0
nfcorpus_bm25,11,8,random,10,0.24510579949889155,0.25775147928994085,97.41325913557375,9.741325913557375,26.0,16.0,48.0,24215.0,6074.0
nfcorpus_bm25,11,8,random,50,0.24510579949889155,0.25775147928994085,97.41325913557375,1.948265182711475,66.0,16.0,48.0,24215.0,6074.0
nfcorpus_bm25,11,8,random,200,0.24510579949889155,0.25775147928994085,97.41325913557375,0.48706629567786874,216.0,16.0,48.0,24215.0,6074.0
nfcorpus_bm25,11,16,random,1,0.24510579949889155,0.25775147928994085,97.41325913557375,97.41325913557375,36.0,16.0,48.0,24215.0,6074.0
nfcorpus_bm25,11,16,random,10,0.24510579949889155,0.25775147928994085,97.41325913557375,9.741325913557375,45.0,16.0,48.0,24215.0,6074.0
nfcorpus_bm25,11,16,random,50,0.24510579949889155,0.25775147928994085,97.41325913557375,1.948265182711475,85.0,16.0,48.0,24215.0,6074.0
nfcorpus_bm25,11,16,random,200,0.24510579949889155,0.25775147928994085,97.41325913557375,0.48706629567786874,235.0,16.0,48.0,24215.0,6074.0
nfcorpus_bm25,11,32,random,1,0.24510579949889155,0.25775147928994085,97.41325913557375,97.41325913557375,74.0,16.0,48.0,24215.0,6074.0
nfcorpus_bm25,11,32,random,10,0.24510579949889155,0.25775147928994085,97.41325913557375,9.741325913557375,83.0,16.0,48.0,24215.0,6074.0
nfcorpus_bm25,11,32,random,50,0.24510579949889155,0.25775147928994085,97.41325913557375,1.948265182711475,123.0,16.0,48.0,24215.0,6074.0
nfcorpus_bm25,11,32,random,200,0.24510579949889155,0.25775147928994085,97.41325913557375,0.48706629567786874,273.0,16.0,48.0,24215.0,6074.0
nfcorpus_bm25,11,0,fixed,1,0.24510579949889155,0.25775147928994085,0.0,0.0,1.0,0.0,0.0,0.0,0.0
nfcorpus_bm25,11,0,fixed,10,0.24510579949889155,0.25775147928994085,0.0,0.0,10.0,0.0,0.0,0.0,0.0
nfcorpus_bm25,11,0,fixed,50,0.24510579949889155,0.25775147928994085,0.0,0.0,50.0,0.0,0.0,0.0,0.0
nfcorpus_bm25,11,0,fixed,200,0.24510579949889155,0.25775147928994085,0.0,0.0,200.0,0.0,0.0,0.0,0.0
nfcorpus_bm25,11,4,fixed,1,0.24510579949889155,0.25775147928994085,97.41325913557375,97.41325913557375,10.0,16.0,48.0,24215.0,6074.0
nfcorpus_bm25,11,4,fixed,10,0.24510579949889155,0.25775147928994085,97.41325913557375,9.741325913557375,19.0,16.0,48.0,24215.0,6074.0
nfcorpus_bm25,11,4,fixed,50,0.24510579949889155,0.25775147928994085,97.41325913557375,1.948265182711475,59.0,16.0,48.0,24215.0,6074.0
nfcorpus_bm25,11,4,fixed,200,0.24510579949889155,0.25775147928994085,97.41325913557375,0.48706629567786874,209.0,16.0,48.0,24215.0,6074.0
nfcorpus_bm25,11,8,fixed,1,0.24510579949889155,0.25775147928994085,97.41325913557375,97.41325913557375,19.0,16.0,48.0,24215.0,6074.0
nfcorpus_bm25,11,8,fixed,10,0.24510579949889155,0.25775147928994085,97.41325913557375,9.741325913557375,28.0,16.0,48.0,24215.0,6074.0
nfcorpus_bm25,11,8,fixed,50,0.24510579949889155,0.25775147928994085,97.41325913557375,1.948265182711475,68.0,16.0,48.0,24215.0,6074.0
nfcorpus_bm25,11,8,fixed,200,0.24510579949889155,0.25775147928994085,97.41325913557375,0.48706629567786874,218.0,16.0,48.0,24215.0,6074.0
nfcorpus_bm25,11,16,fixed,1,0.24510579949889155,0.25775147928994085,97.41325913557375,97.41325913557375,37.0,16.0,48.0,24215.0,6074.0
nfcorpus_bm25,11,16,fixed,10,0.24510579949889155,0.25775147928994085,97.41325913557375,9.741325913557375,46.0,16.0,48.0,24215.0,6074.0
nfcorpus_bm25,11,16,fixed,50,0.24510579949889155,0.25775147928994085,97.41325913557375,1.948265182711475,86.0,16.0,48.0,24215.0,6074.0
nfcorpus_bm25,11,16,fixed,200,0.24510579949889155,0.25775147928994085,97.41325913557375,0.48706629567786874,236.0,16.0,48.0,24215.0,6074.0
nfcorpus_bm25,11,32,fixed,1,0.24510579949889155,0.25775147928994085,97.41325913557375,97.41325913557375,73.0,16.0,48.0,24215.0,6074.0
nfcorpus_bm25,11,32,fixed,10,0.24510579949889155,0.25775147928994085,97.41325913557375,9.741325913557375,82.0,16.0,48.0,24215.0,6074.0
nfcorpus_bm25,11,32,fixed,50,0.24510579949889155,0.25775147928994085,97.41325913557375,1.948265182711475,122.0,16.0,48.0,24215.0,6074.0
nfcorpus_bm25,11,32,fixed,200,0.24510579949889155,0.25775147928994085,97.41325913557375,0.48706629567786874,272.0,16.0,48.0,24215.0,6074.0
nfcorpus_bm25,11,0,information_gain,1,0.24510579949889155,0.25775147928994085,0.0,0.0,1.0,0.0,0.0,0.0,0.0
nfcorpus_bm25,11,0,information_gain,10,0.24510579949889155,0.25775147928994085,0.0,0.0,10.0,0.0,0.0,0.0,0.0
nfcorpus_bm25,11,0,information_gain,50,0.24510579949889155,0.25775147928994085,0.0,0.0,50.0,0.0,0.0,0.0,0.0
nfcorpus_bm25,11,0,information_gain,200,0.24510579949889155,0.25775147928994085,0.0,0.0,200.0,0.0,0.0,0.0,0.0
nfcorpus_bm25,11,4,information_gain,1,0.24510579949889155,0.25775147928994085,97.41325913557375,97.41325913557375,9.0,16.0,48.0,24215.0,6074.0
nfcorpus_bm25,11,4,information_gain,10,0.24510579949889155,0.25775147928994085,97.41325913557375,9.741325913557375,18.0,16.0,48.0,24215.0,6074.0
nfcorpus_bm25,11,4,information_gain,50,0.24510579949889155,0.25775147928994085,97.41325913557375,1.948265182711475,58.0,16.0,48.0,24215.0,6074.0
nfcorpus_bm25,11,4,information_gain,200,0.24510579949889155,0.25775147928994085,97.41325913557375,0.48706629567786874,208.0,16.0,48.0,24215.0,6074.0
nfcorpus_bm25,11,8,information_gain,1,0.24510579949889155,0.25775147928994085,97.41325913557375,97.41325913557375,17.0,16.0,48.0,24215.0,6074.0
nfcorpus_bm25,11,8,information_gain,10,0.24510579949889155,0.25775147928994085,97.41325913557375,9.741325913557375,26.0,16.0,48.0,24215.0,6074.0
nfcorpus_bm25,11,8,information_gain,50,0.24510579949889155,0.25775147928994085,97.41325913557375,1.948265182711475,66.0,16.0,48.0,24215.0,6074.0
nfcorpus_bm25,11,8,information_gain,200,0.24510579949889155,0.25775147928994085,97.41325913557375,0.48706629567786874,216.0,16.0,48.0,24215.0,6074.0
nfcorpus_bm25,11,16,information_gain,1,0.24510579949889155,0.25775147928994085,97.41325913557375,97.41325913557375,33.0,16.0,48.0,24215.0,6074.0
nfcorpus_bm25,11,16,information_gain,10,0.24510579949889155,0.25775147928994085,97.41325913557375,9.741325913557375,42.0,16.0,48.0,24215.0,6074.0
nfcorpus_bm25,11,16,information_gain,50,0.24510579949889155,0.25775147928994085,97.41325913557375,1.948265182711475,82.0,16.0,48.0,24215.0,6074.0
nfcorpus_bm25,11,16,information_gain,200,0.24510579949889155,0.25775147928994085,97.41325913557375,0.48706629567786874,232.0,16.0,48.0,24215.0,6074.0
nfcorpus_bm25,11,32,information_gain,1,0.24510579949889155,0.25775147928994085,97.41325913557375,97.41325913557375,66.0,16.0,48.0,24215.0,6074.0
nfcorpus_bm25,11,32,information_gain,10,0.24510579949889155,0.25775147928994085,97.41325913557375,9.741325913557375,75.0,16.0,48.0,24215.0,6074.0
nfcorpus_bm25,11,32,information_gain,50,0.24510579949889155,0.25775147928994085,97.41325913557375,1.948265182711475,115.0,16.0,48.0,24215.0,6074.0
nfcorpus_bm25,11,32,information_gain,200,0.24510579949889155,0.25775147928994085,97.41325913557375,0.48706629567786874,265.0,16.0,48.0,24215.0,6074.0
nfcorpus_bm25,11,0,learned_value,1,0.24510579949889155,0.25775147928994085,0.0,0.0,1.0,0.0,0.0,0.0,0.0
nfcorpus_bm25,11,0,learned_value,10,0.24510579949889155,0.25775147928994085,0.0,0.0,10.0,0.0,0.0,0.0,0.0
nfcorpus_bm25,11,0,learned_value,50,0.24510579949889155,0.25775147928994085,0.0,0.0,50.0,0.0,0.0,0.0,0.0
nfcorpus_bm25,11,0,learned_value,200,0.24510579949889155,0.25775147928994085,0.0,0.0,200.0,0.0,0.0,0.0,0.0
nfcorpus_bm25,11,4,learned_value,1,0.24510579949889155,0.25775147928994085,97.41325913557375,97.41325913557375,9.0,16.0,48.0,24215.0,6074.0
nfcorpus_bm25,11,4,learned_value,10,0.24510579949889155,0.25775147928994085,97.41325913557375,9.741325913557375,18.0,16.0,48.0,24215.0,6074.0
nfcorpus_bm25,11,4,learned_value,50,0.24510579949889155,0.25775147928994085,97.41325913557375,1.948265182711475,58.0,16.0,48.0,24215.0,6074.0
nfcorpus_bm25,11,4,learned_value,200,0.24510579949889155,0.25775147928994085,97.41325913557375,0.48706629567786874,208.0,16.0,48.0,24215.0,6074.0
nfcorpus_bm25,11,8,learned_value,1,0.24510579949889155,0.25775147928994085,97.41325913557375,97.41325913557375,17.0,16.0,48.0,24215.0,6074.0
nfcorpus_bm25,11,8,learned_value,10,0.24510579949889155,0.25775147928994085,97.41325913557375,9.741325913557375,26.0,16.0,48.0,24215.0,6074.0
nfcorpus_bm25,11,8,learned_value,50,0.24510579949889155,0.25775147928994085,97.41325913557375,1.948265182711475,66.0,16.0,48.0,24215.0,6074.0
nfcorpus_bm25,11,8,learned_value,200,0.24510579949889155,0.25775147928994085,97.41325913557375,0.48706629567786874,216.0,16.0,48.0,24215.0,6074.0
nfcorpus_bm25,11,16,learned_value,1,0.24510579949889155,0.25775147928994085,97.41325913557375,97.41325913557375,36.0,16.0,48.0,24215.0,6074.0
nfcorpus_bm25,11,16,learned_value,10,0.24510579949889155,0.25775147928994085,97.41325913557375,9.741325913557375,45.0,16.0,48.0,24215.0,6074.0
nfcorpus_bm25,11,16,learned_value,50,0.24510579949889155,0.25775147928994085,97.41325913557375,1.948265182711475,85.0,16.0,48.0,24215.0,6074.0
nfcorpus_bm25,11,16,learned_value,200,0.24510579949889155,0.25775147928994085,97.41325913557375,0.48706629567786874,235.0,16.0,48.0,24215.0,6074.0
nfcorpus_bm25,11,32,learned_value,1,0.24510579949889155,0.25775147928994085,97.41325913557375,97.41325913557375,74.0,16.0,48.0,24215.0,6074.0
nfcorpus_bm25,11,32,learned_value,10,0.24510579949889155,0.25775147928994085,97.41325913557375,9.741325913557375,83.0,16.0,48.0,24215.0,6074.0
nfcorpus_bm25,11,32,learned_value,50,0.24510579949889155,0.25775147928994085,97.41325913557375,1.948265182711475,123.0,16.0,48.0,24215.0,6074.0
nfcorpus_bm25,11,32,learned_value,200,0.24510579949889155,0.25775147928994085,97.41325913557375,0.48706629567786874,273.0,16.0,48.0,24215.0,6074.0
nfcorpus_bm25,23,0,source_router,1,0.24510579949889155,0.25775147928994085,0.0,0.0,1.0,0.0,0.0,0.0,0.0
nfcorpus_bm25,23,0,source_router,10,0.24510579949889155,0.25775147928994085,0.0,0.0,10.0,0.0,0.0,0.0,0.0
nfcorpus_bm25,23,0,source_router,50,0.24510579949889155,0.25775147928994085,0.0,0.0,50.0,0.0,0.0,0.0,0.0
nfcorpus_bm25,23,0,source_router,200,0.24510579949889155,0.25775147928994085,0.0,0.0,200.0,0.0,0.0,0.0,0.0
nfcorpus_bm25,23,4,source_router,1,0.24510579949889155,0.25775147928994085,0.0,0.0,1.0,0.0,0.0,0.0,0.0
nfcorpus_bm25,23,4,source_router,10,0.24510579949889155,0.25775147928994085,0.0,0.0,10.0,0.0,0.0,0.0,0.0
nfcorpus_bm25,23,4,source_router,50,0.24510579949889155,0.25775147928994085,0.0,0.0,50.0,0.0,0.0,0.0,0.0
nfcorpus_bm25,23,4,source_router,200,0.24510579949889155,0.25775147928994085,0.0,0.0,200.0,0.0,0.0,0.0,0.0
nfcorpus_bm25,23,8,source_router,1,0.24510579949889155,0.25775147928994085,0.0,0.0,1.0,0.0,0.0,0.0,0.0
nfcorpus_bm25,23,8,source_router,10,0.24510579949889155,0.25775147928994085,0.0,0.0,10.0,0.0,0.0,0.0,0.0
nfcorpus_bm25,23,8,source_router,50,0.24510579949889155,0.25775147928994085,0.0,0.0,50.0,0.0,0.0,0.0,0.0
nfcorpus_bm25,23,8,source_router,200,0.24510579949889155,0.25775147928994085,0.0,0.0,200.0,0.0,0.0,0.0,0.0
nfcorpus_bm25,23,16,source_router,1,0.24510579949889155,0.25775147928994085,0.0,0.0,1.0,0.0,0.0,0.0,0.0
nfcorpus_bm25,23,16,source_router,10,0.24510579949889155,0.25775147928994085,0.0,0.0,10.0,0.0,0.0,0.0,0.0
nfcorpus_bm25,23,16,source_router,50,0.24510579949889155,0.25775147928994085,0.0,0.0,50.0,0.0,0.0,0.0,0.0
nfcorpus_bm25,23,16,source_router,200,0.24510579949889155,0.25775147928994085,0.0,0.0,200.0,0.0,0.0,0.0,0.0
nfcorpus_bm25,23,32,source_router,1,0.24510579949889155,0.25775147928994085,0.0,0.0,1.0,0.0,0.0,0.0,0.0
nfcorpus_bm25,23,32,source_router,10,0.24510579949889155,0.25775147928994085,0.0,0.0,10.0,0.0,0.0,0.0,0.0
nfcorpus_bm25,23,32,source_router,50,0.24510579949889155,0.25775147928994085,0.0,0.0,50.0,0.0,0.0,0.0,0.0
nfcorpus_bm25,23,32,source_router,200,0.24510579949889155,0.25775147928994085,0.0,0.0,200.0,0.0,0.0,0.0,0.0
nfcorpus_bm25,23,0,random,1,0.24510579949889155,0.25775147928994085,0.0,0.0,1.0,0.0,0.0,0.0,0.0
nfcorpus_bm25,23,0,random,10,0.24510579949889155,0.25775147928994085,0.0,0.0,10.0,0.0,0.0,0.0,0.0
nfcorpus_bm25,23,0,random,50,0.24510579949889155,0.25775147928994085,0.0,0.0,50.0,0.0,0.0,0.0,0.0
nfcorpus_bm25,23,0,random,200,0.24510579949889155,0.25775147928994085,0.0,0.0,200.0,0.0,0.0,0.0,0.0
nfcorpus_bm25,23,4,random,1,0.24510579949889155,0.25775147928994085,100.15326391182316,100.15326391182316,9.0,16.0,48.0,23007.0,5887.0
nfcorpus_bm25,23,4,random,10,0.24510579949889155,0.25775147928994085,100.15326391182316,10.015326391182317,18.0,16.0,48.0,23007.0,5887.0
nfcorpus_bm25,23,4,random,50,0.24510579949889155,0.25775147928994085,100.15326391182316,2.003065278236463,58.0,16.0,48.0,23007.0,5887.0
nfcorpus_bm25,23,4,random,200,0.24510579949889155,0.25775147928994085,100.15326391182316,0.5007663195591158,208.0,16.0,48.0,23007.0,5887.0
nfcorpus_bm25,23,8,random,1,0.24510579949889155,0.25775147928994085,100.15326391182316,100.15326391182316,18.0,16.0,48.0,23007.0,5887.0
nfcorpus_bm25,23,8,random,10,0.24510579949889155,0.25775147928994085,100.15326391182316,10.015326391182317,27.0,16.0,48.0,23007.0,5887.0
nfcorpus_bm25,23,8,random,50,0.24510579949889155,0.25775147928994085,100.15326391182316,2.003065278236463,67.0,16.0,48.0,23007.0,5887.0
nfcorpus_bm25,23,8,random,200,0.24510579949889155,0.25775147928994085,100.15326391182316,0.5007663195591158,217.0,16.0,48.0,23007.0,5887.0
nfcorpus_bm25,23,16,random,1,0.24510579949889155,0.25775147928994085,100.15326391182316,100.15326391182316,35.0,16.0,48.0,23007.0,5887.0
nfcorpus_bm25,23,16,random,10,0.24510579949889155,0.25775147928994085,100.15326391182316,10.015326391182317,44.0,16.0,48.0,23007.0,5887.0
nfcorpus_bm25,23,16,random,50,0.24510579949889155,0.25775147928994085,100.15326391182316,2.003065278236463,84.0,16.0,48.0,23007.0,5887.0
nfcorpus_bm25,23,16,random,200,0.24510579949889155,0.25775147928994085,100.15326391182316,0.5007663195591158,234.0,16.0,48.0,23007.0,5887.0
nfcorpus_bm25,23,32,random,1,0.24510579949889155,0.25775147928994085,100.15326391182316,100.15326391182316,72.0,16.0,48.0,23007.0,5887.0
nfcorpus_bm25,23,32,random,10,0.24510579949889155,0.25775147928994085,100.15326391182316,10.015326391182317,81.0,16.0,48.0,23007.0,5887.0
nfcorpus_bm25,23,32,random,50,0.24510579949889155,0.25775147928994085,100.15326391182316,2.003065278236463,121.0,16.0,48.0,23007.0,5887.0
nfcorpus_bm25,23,32,random,200,0.24510579949889155,0.25775147928994085,100.15326391182316,0.5007663195591158,271.0,16.0,48.0,23007.0,5887.0
nfcorpus_bm25,23,0,fixed,1,0.24510579949889155,0.25775147928994085,0.0,0.0,1.0,0.0,0.0,0.0,0.0
nfcorpus_bm25,23,0,fixed,10,0.24510579949889155,0.25775147928994085,0.0,0.0,10.0,0.0,0.0,0.0,0.0
nfcorpus_bm25,23,0,fixed,50,0.24510579949889155,0.25775147928994085,0.0,0.0,50.0,0.0,0.0,0.0,0.0
nfcorpus_bm25,23,0,fixed,200,0.24510579949889155,0.25775147928994085,0.0,0.0,200.0,0.0,0.0,0.0,0.0
nfcorpus_bm25,23,4,fixed,1,0.24510579949889155,0.25775147928994085,100.15326391182316,100.15326391182316,10.0,16.0,48.0,23007.0,5887.0
nfcorpus_bm25,23,4,fixed,10,0.24510579949889155,0.25775147928994085,100.15326391182316,10.015326391182317,19.0,16.0,48.0,23007.0,5887.0
nfcorpus_bm25,23,4,fixed,50,0.24510579949889155,0.25775147928994085,100.15326391182316,2.003065278236463,59.0,16.0,48.0,23007.0,5887.0
nfcorpus_bm25,23,4,fixed,200,0.24510579949889155,0.25775147928994085,100.15326391182316,0.5007663195591158,209.0,16.0,48.0,23007.0,5887.0
nfcorpus_bm25,23,8,fixed,1,0.24510579949889155,0.25775147928994085,100.15326391182316,100.15326391182316,19.0,16.0,48.0,23007.0,5887.0
nfcorpus_bm25,23,8,fixed,10,0.24510579949889155,0.25775147928994085,100.15326391182316,10.015326391182317,28.0,16.0,48.0,23007.0,5887.0
nfcorpus_bm25,23,8,fixed,50,0.24510579949889155,0.25775147928994085,100.15326391182316,2.003065278236463,68.0,16.0,48.0,23007.0,5887.0
nfcorpus_bm25,23,8,fixed,200,0.24510579949889155,0.25775147928994085,100.15326391182316,0.5007663195591158,218.0,16.0,48.0,23007.0,5887.0
nfcorpus_bm25,23,16,fixed,1,0.24510579949889155,0.25775147928994085,100.15326391182316,100.15326391182316,37.0,16.0,48.0,23007.0,5887.0
nfcorpus_bm25,23,16,fixed,10,0.24510579949889155,0.25775147928994085,100.15326391182316,10.015326391182317,46.0,16.0,48.0,23007.0,5887.0
nfcorpus_bm25,23,16,fixed,50,0.24510579949889155,0.25775147928994085,100.15326391182316,2.003065278236463,86.0,16.0,48.0,23007.0,5887.0
nfcorpus_bm25,23,16,fixed,200,0.24510579949889155,0.25775147928994085,100.15326391182316,0.5007663195591158,236.0,16.0,48.0,23007.0,5887.0
nfcorpus_bm25,23,32,fixed,1,0.24510579949889155,0.25775147928994085,100.15326391182316,100.15326391182316,73.0,16.0,48.0,23007.0,5887.0
nfcorpus_bm25,23,32,fixed,10,0.24510579949889155,0.25775147928994085,100.15326391182316,10.015326391182317,82.0,16.0,48.0,23007.0,5887.0
nfcorpus_bm25,23,32,fixed,50,0.24510579949889155,0.25775147928994085,100.15326391182316,2.003065278236463,122.0,16.0,48.0,23007.0,5887.0
nfcorpus_bm25,23,32,fixed,200,0.24510579949889155,0.25775147928994085,100.15326391182316,0.5007663195591158,272.0,16.0,48.0,23007.0,5887.0
nfcorpus_bm25,23,0,information_gain,1,0.24510579949889155,0.25775147928994085,0.0,0.0,1.0,0.0,0.0,0.0,0.0
nfcorpus_bm25,23,0,information_gain,10,0.24510579949889155,0.25775147928994085,0.0,0.0,10.0,0.0,0.0,0.0,0.0
nfcorpus_bm25,23,0,information_gain,50,0.24510579949889155,0.25775147928994085,0.0,0.0,50.0,0.0,0.0,0.0,0.0
nfcorpus_bm25,23,0,information_gain,200,0.24510579949889155,0.25775147928994085,0.0,0.0,200.0,0.0,0.0,0.0,0.0
nfcorpus_bm25,23,4,information_gain,1,0.24510579949889155,0.25775147928994085,100.15326391182316,100.15326391182316,9.0,16.0,48.0,23007.0,5887.0
nfcorpus_bm25,23,4,information_gain,10,0.24510579949889155,0.25775147928994085,100.15326391182316,10.015326391182317,18.0,16.0,48.0,23007.0,5887.0
nfcorpus_bm25,23,4,information_gain,50,0.24510579949889155,0.25775147928994085,100.15326391182316,2.003065278236463,58.0,16.0,48.0,23007.0,5887.0
nfcorpus_bm25,23,4,information_gain,200,0.24510579949889155,0.25775147928994085,100.15326391182316,0.5007663195591158,208.0,16.0,48.0,23007.0,5887.0
nfcorpus_bm25,23,8,information_gain,1,0.24510579949889155,0.25775147928994085,100.15326391182316,100.15326391182316,17.0,16.0,48.0,23007.0,5887.0
nfcorpus_bm25,23,8,information_gain,10,0.24510579949889155,0.25775147928994085,100.15326391182316,10.015326391182317,26.0,16.0,48.0,23007.0,5887.0
nfcorpus_bm25,23,8,information_gain,50,0.24510579949889155,0.25775147928994085,100.15326391182316,2.003065278236463,66.0,16.0,48.0,23007.0,5887.0
nfcorpus_bm25,23,8,information_gain,200,0.24510579949889155,0.25775147928994085,100.15326391182316,0.5007663195591158,216.0,16.0,48.0,23007.0,5887.0
nfcorpus_bm25,23,16,information_gain,1,0.24510579949889155,0.25775147928994085,100.15326391182316,100.15326391182316,33.0,16.0,48.0,23007.0,5887.0
nfcorpus_bm25,23,16,information_gain,10,0.24510579949889155,0.25775147928994085,100.15326391182316,10.015326391182317,42.0,16.0,48.0,23007.0,5887.0
nfcorpus_bm25,23,16,information_gain,50,0.24510579949889155,0.25775147928994085,100.15326391182316,2.003065278236463,82.0,16.0,48.0,23007.0,5887.0
nfcorpus_bm25,23,16,information_gain,200,0.24510579949889155,0.25775147928994085,100.15326391182316,0.5007663195591158,232.0,16.0,48.0,23007.0,5887.0
nfcorpus_bm25,23,32,information_gain,1,0.24510579949889155,0.25775147928994085,100.15326391182316,100.15326391182316,66.0,16.0,48.0,23007.0,5887.0
nfcorpus_bm25,23,32,information_gain,10,0.24510579949889155,0.25775147928994085,100.15326391182316,10.015326391182317,75.0,16.0,48.0,23007.0,5887.0
nfcorpus_bm25,23,32,information_gain,50,0.24510579949889155,0.25775147928994085,100.15326391182316,2.003065278236463,115.0,16.0,48.0,23007.0,5887.0
nfcorpus_bm25,23,32,information_gain,200,0.24510579949889155,0.25775147928994085,100.15326391182316,0.5007663195591158,265.0,16.0,48.0,23007.0,5887.0
nfcorpus_bm25,23,0,learned_value,1,0.24510579949889155,0.25775147928994085,0.0,0.0,1.0,0.0,0.0,0.0,0.0
nfcorpus_bm25,23,0,learned_value,10,0.24510579949889155,0.25775147928994085,0.0,0.0,10.0,0.0,0.0,0.0,0.0
nfcorpus_bm25,23,0,learned_value,50,0.24510579949889155,0.25775147928994085,0.0,0.0,50.0,0.0,0.0,0.0,0.0
nfcorpus_bm25,23,0,learned_value,200,0.24510579949889155,0.25775147928994085,0.0,0.0,200.0,0.0,0.0,0.0,0.0
nfcorpus_bm25,23,4,learned_value,1,0.24510579949889155,0.25775147928994085,100.15326391182316,100.15326391182316,9.0,16.0,48.0,23007.0,5887.0
nfcorpus_bm25,23,4,learned_value,10,0.24510579949889155,0.25775147928994085,100.15326391182316,10.015326391182317,18.0,16.0,48.0,23007.0,5887.0
nfcorpus_bm25,23,4,learned_value,50,0.24510579949889155,0.25775147928994085,100.15326391182316,2.003065278236463,58.0,16.0,48.0,23007.0,5887.0
nfcorpus_bm25,23,4,learned_value,200,0.24510579949889155,0.25775147928994085,100.15326391182316,0.5007663195591158,208.0,16.0,48.0,23007.0,5887.0
nfcorpus_bm25,23,8,learned_value,1,0.24510579949889155,0.25775147928994085,100.15326391182316,100.15326391182316,18.0,16.0,48.0,23007.0,5887.0
nfcorpus_bm25,23,8,learned_value,10,0.24510579949889155,0.25775147928994085,100.15326391182316,10.015326391182317,27.0,16.0,48.0,23007.0,5887.0
nfcorpus_bm25,23,8,learned_value,50,0.24510579949889155,0.25775147928994085,100.15326391182316,2.003065278236463,67.0,16.0,48.0,23007.0,5887.0
nfcorpus_bm25,23,8,learned_value,200,0.24510579949889155,0.25775147928994085,100.15326391182316,0.5007663195591158,217.0,16.0,48.0,23007.0,5887.0
nfcorpus_bm25,23,16,learned_value,1,0.24510579949889155,0.25775147928994085,100.15326391182316,100.15326391182316,35.0,16.0,48.0,23007.0,5887.0
nfcorpus_bm25,23,16,learned_value,10,0.24510579949889155,0.25775147928994085,100.15326391182316,10.015326391182317,44.0,16.0,48.0,23007.0,5887.0
nfcorpus_bm25,23,16,learned_value,50,0.24510579949889155,0.25775147928994085,100.15326391182316,2.003065278236463,84.0,16.0,48.0,23007.0,5887.0
nfcorpus_bm25,23,16,learned_value,200,0.24510579949889155,0.25775147928994085,100.15326391182316,0.5007663195591158,234.0,16.0,48.0,23007.0,5887.0
nfcorpus_bm25,23,32,learned_value,1,0.24510579949889155,0.25775147928994085,100.15326391182316,100.15326391182316,72.0,16.0,48.0,23007.0,5887.0
nfcorpus_bm25,23,32,learned_value,10,0.24510579949889155,0.25775147928994085,100.15326391182316,10.015326391182317,81.0,16.0,48.0,23007.0,5887.0
nfcorpus_bm25,23,32,learned_value,50,0.24510579949889155,0.25775147928994085,100.15326391182316,2.003065278236463,121.0,16.0,48.0,23007.0,5887.0
nfcorpus_bm25,23,32,learned_value,200,0.24510579949889155,0.25775147928994085,100.15326391182316,0.5007663195591158,271.0,16.0,48.0,23007.0,5887.0
nfcorpus_bm25,47,0,source_router,1,0.24510579949889155,0.25775147928994085,0.0,0.0,1.0,0.0,0.0,0.0,0.0
nfcorpus_bm25,47,0,source_router,10,0.24510579949889155,0.25775147928994085,0.0,0.0,10.0,0.0,0.0,0.0,0.0
nfcorpus_bm25,47,0,source_router,50,0.24510579949889155,0.25775147928994085,0.0,0.0,50.0,0.0,0.0,0.0,0.0
nfcorpus_bm25,47,0,source_router,200,0.24510579949889155,0.25775147928994085,0.0,0.0,200.0,0.0,0.0,0.0,0.0
nfcorpus_bm25,47,4,source_router,1,0.24510579949889155,0.25775147928994085,0.0,0.0,1.0,0.0,0.0,0.0,0.0
nfcorpus_bm25,47,4,source_router,10,0.24510579949889155,0.25775147928994085,0.0,0.0,10.0,0.0,0.0,0.0,0.0
nfcorpus_bm25,47,4,source_router,50,0.24510579949889155,0.25775147928994085,0.0,0.0,50.0,0.0,0.0,0.0,0.0
nfcorpus_bm25,47,4,source_router,200,0.24510579949889155,0.25775147928994085,0.0,0.0,200.0,0.0,0.0,0.0,0.0
nfcorpus_bm25,47,8,source_router,1,0.24510579949889155,0.25775147928994085,0.0,0.0,1.0,0.0,0.0,0.0,0.0
nfcorpus_bm25,47,8,source_router,10,0.24510579949889155,0.25775147928994085,0.0,0.0,10.0,0.0,0.0,0.0,0.0
nfcorpus_bm25,47,8,source_router,50,0.24510579949889155,0.25775147928994085,0.0,0.0,50.0,0.0,0.0,0.0,0.0
nfcorpus_bm25,47,8,source_router,200,0.24510579949889155,0.25775147928994085,0.0,0.0,200.0,0.0,0.0,0.0,0.0
nfcorpus_bm25,47,16,source_router,1,0.24510579949889155,0.25775147928994085,0.0,0.0,1.0,0.0,0.0,0.0,0.0
nfcorpus_bm25,47,16,source_router,10,0.24510579949889155,0.25775147928994085,0.0,0.0,10.0,0.0,0.0,0.0,0.0
nfcorpus_bm25,47,16,source_router,50,0.24510579949889155,0.25775147928994085,0.0,0.0,50.0,0.0,0.0,0.0,0.0
nfcorpus_bm25,47,16,source_router,200,0.24510579949889155,0.25775147928994085,0.0,0.0,200.0,0.0,0.0,0.0,0.0
nfcorpus_bm25,47,32,source_router,1,0.24510579949889155,0.25775147928994085,0.0,0.0,1.0,0.0,0.0,0.0,0.0
nfcorpus_bm25,47,32,source_router,10,0.24510579949889155,0.25775147928994085,0.0,0.0,10.0,0.0,0.0,0.0,0.0
nfcorpus_bm25,47,32,source_router,50,0.24510579949889155,0.25775147928994085,0.0,0.0,50.0,0.0,0.0,0.0,0.0
nfcorpus_bm25,47,32,source_router,200,0.24510579949889155,0.25775147928994085,0.0,0.0,200.0,0.0,0.0,0.0,0.0
nfcorpus_bm25,47,0,random,1,0.24510579949889155,0.25775147928994085,0.0,0.0,1.0,0.0,0.0,0.0,0.0
nfcorpus_bm25,47,0,random,10,0.24510579949889155,0.25775147928994085,0.0,0.0,10.0,0.0,0.0,0.0,0.0
nfcorpus_bm25,47,0,random,50,0.24510579949889155,0.25775147928994085,0.0,0.0,50.0,0.0,0.0,0.0,0.0
nfcorpus_bm25,47,0,random,200,0.24510579949889155,0.25775147928994085,0.0,0.0,200.0,0.0,0.0,0.0,0.0
nfcorpus_bm25,47,4,random,1,0.24510579949889155,0.25775147928994085,96.14452316188545,96.14452316188545,11.0,16.0,48.0,24033.0,5850.0
nfcorpus_bm25,47,4,random,10,0.24510579949889155,0.25775147928994085,96.14452316188545,9.614452316188544,20.0,16.0,48.0,24033.0,5850.0
nfcorpus_bm25,47,4,random,50,0.24510579949889155,0.25775147928994085,96.14452316188545,1.9228904632377088,60.0,16.0,48.0,24033.0,5850.0
nfcorpus_bm25,47,4,random,200,0.24510579949889155,0.25775147928994085,96.14452316188545,0.4807226158094272,210.0,16.0,48.0,24033.0,5850.0
nfcorpus_bm25,47,8,random,1,0.24510579949889155,0.25775147928994085,96.14452316188545,96.14452316188545,19.0,16.0,48.0,24033.0,5850.0
nfcorpus_bm25,47,8,random,10,0.24510579949889155,0.25775147928994085,96.14452316188545,9.614452316188544,28.0,16.0,48.0,24033.0,5850.0
nfcorpus_bm25,47,8,random,50,0.24510579949889155,0.25775147928994085,96.14452316188545,1.9228904632377088,68.0,16.0,48.0,24033.0,5850.0
nfcorpus_bm25,47,8,random,200,0.24510579949889155,0.25775147928994085,96.14452316188545,0.4807226158094272,218.0,16.0,48.0,24033.0,5850.0
nfcorpus_bm25,47,16,random,1,0.24510579949889155,0.25775147928994085,96.14452316188545,96.14452316188545,36.0,16.0,48.0,24033.0,5850.0
nfcorpus_bm25,47,16,random,10,0.24510579949889155,0.25775147928994085,96.14452316188545,9.614452316188544,45.0,16.0,48.0,24033.0,5850.0
nfcorpus_bm25,47,16,random,50,0.24510579949889155,0.25775147928994085,96.14452316188545,1.9228904632377088,85.0,16.0,48.0,24033.0,5850.0
nfcorpus_bm25,47,16,random,200,0.24510579949889155,0.25775147928994085,96.14452316188545,0.4807226158094272,235.0,16.0,48.0,24033.0,5850.0
nfcorpus_bm25,47,32,random,1,0.24510579949889155,0.25775147928994085,96.14452316188545,96.14452316188545,72.0,16.0,48.0,24033.0,5850.0
nfcorpus_bm25,47,32,random,10,0.24510579949889155,0.25775147928994085,96.14452316188545,9.614452316188544,81.0,16.0,48.0,24033.0,5850.0
nfcorpus_bm25,47,32,random,50,0.24510579949889155,0.25775147928994085,96.14452316188545,1.9228904632377088,121.0,16.0,48.0,24033.0,5850.0
nfcorpus_bm25,47,32,random,200,0.24510579949889155,0.25775147928994085,96.14452316188545,0.4807226158094272,271.0,16.0,48.0,24033.0,5850.0
nfcorpus_bm25,47,0,fixed,1,0.24510579949889155,0.25775147928994085,0.0,0.0,1.0,0.0,0.0,0.0,0.0
nfcorpus_bm25,47,0,fixed,10,0.24510579949889155,0.25775147928994085,0.0,0.0,10.0,0.0,0.0,0.0,0.0
nfcorpus_bm25,47,0,fixed,50,0.24510579949889155,0.25775147928994085,0.0,0.0,50.0,0.0,0.0,0.0,0.0
nfcorpus_bm25,47,0,fixed,200,0.24510579949889155,0.25775147928994085,0.0,0.0,200.0,0.0,0.0,0.0,0.0
nfcorpus_bm25,47,4,fixed,1,0.24510579949889155,0.25775147928994085,96.14452316188545,96.14452316188545,10.0,16.0,48.0,24033.0,5850.0
nfcorpus_bm25,47,4,fixed,10,0.24510579949889155,0.25775147928994085,96.14452316188545,9.614452316188544,19.0,16.0,48.0,24033.0,5850.0
nfcorpus_bm25,47,4,fixed,50,0.24510579949889155,0.25775147928994085,96.14452316188545,1.9228904632377088,59.0,16.0,48.0,24033.0,5850.0
nfcorpus_bm25,47,4,fixed,200,0.24510579949889155,0.25775147928994085,96.14452316188545,0.4807226158094272,209.0,16.0,48.0,24033.0,5850.0
nfcorpus_bm25,47,8,fixed,1,0.24510579949889155,0.25775147928994085,96.14452316188545,96.14452316188545,19.0,16.0,48.0,24033.0,5850.0
nfcorpus_bm25,47,8,fixed,10,0.24510579949889155,0.25775147928994085,96.14452316188545,9.614452316188544,28.0,16.0,48.0,24033.0,5850.0
nfcorpus_bm25,47,8,fixed,50,0.24510579949889155,0.25775147928994085,96.14452316188545,1.9228904632377088,68.0,16.0,48.0,24033.0,5850.0
nfcorpus_bm25,47,8,fixed,200,0.24510579949889155,0.25775147928994085,96.14452316188545,0.4807226158094272,218.0,16.0,48.0,24033.0,5850.0
nfcorpus_bm25,47,16,fixed,1,0.24510579949889155,0.25775147928994085,96.14452316188545,96.14452316188545,37.0,16.0,48.0,24033.0,5850.0
nfcorpus_bm25,47,16,fixed,10,0.24510579949889155,0.25775147928994085,96.14452316188545,9.614452316188544,46.0,16.0,48.0,24033.0,5850.0
nfcorpus_bm25,47,16,fixed,50,0.24510579949889155,0.25775147928994085,96.14452316188545,1.9228904632377088,86.0,16.0,48.0,24033.0,5850.0
nfcorpus_bm25,47,16,fixed,200,0.24510579949889155,0.25775147928994085,96.14452316188545,0.4807226158094272,236.0,16.0,48.0,24033.0,5850.0
nfcorpus_bm25,47,32,fixed,1,0.24510579949889155,0.25775147928994085,96.14452316188545,96.14452316188545,73.0,16.0,48.0,24033.0,5850.0
nfcorpus_bm25,47,32,fixed,10,0.24510579949889155,0.25775147928994085,96.14452316188545,9.614452316188544,82.0,16.0,48.0,24033.0,5850.0
nfcorpus_bm25,47,32,fixed,50,0.24510579949889155,0.25775147928994085,96.14452316188545,1.9228904632377088,122.0,16.0,48.0,24033.0,5850.0
nfcorpus_bm25,47,32,fixed,200,0.24510579949889155,0.25775147928994085,96.14452316188545,0.4807226158094272,272.0,16.0,48.0,24033.0,5850.0
nfcorpus_bm25,47,0,information_gain,1,0.24510579949889155,0.25775147928994085,0.0,0.0,1.0,0.0,0.0,0.0,0.0
nfcorpus_bm25,47,0,information_gain,10,0.24510579949889155,0.25775147928994085,0.0,0.0,10.0,0.0,0.0,0.0,0.0
nfcorpus_bm25,47,0,information_gain,50,0.24510579949889155,0.25775147928994085,0.0,0.0,50.0,0.0,0.0,0.0,0.0
nfcorpus_bm25,47,0,information_gain,200,0.24510579949889155,0.25775147928994085,0.0,0.0,200.0,0.0,0.0,0.0,0.0
nfcorpus_bm25,47,4,information_gain,1,0.24510579949889155,0.25775147928994085,96.14452316188545,96.14452316188545,9.0,16.0,48.0,24033.0,5850.0
nfcorpus_bm25,47,4,information_gain,10,0.24510579949889155,0.25775147928994085,96.14452316188545,9.614452316188544,18.0,16.0,48.0,24033.0,5850.0
nfcorpus_bm25,47,4,information_gain,50,0.24510579949889155,0.25775147928994085,96.14452316188545,1.9228904632377088,58.0,16.0,48.0,24033.0,5850.0
nfcorpus_bm25,47,4,information_gain,200,0.24510579949889155,0.25775147928994085,96.14452316188545,0.4807226158094272,208.0,16.0,48.0,24033.0,5850.0
nfcorpus_bm25,47,8,information_gain,1,0.24510579949889155,0.25775147928994085,96.14452316188545,96.14452316188545,17.0,16.0,48.0,24033.0,5850.0
nfcorpus_bm25,47,8,information_gain,10,0.24510579949889155,0.25775147928994085,96.14452316188545,9.614452316188544,26.0,16.0,48.0,24033.0,5850.0
nfcorpus_bm25,47,8,information_gain,50,0.24510579949889155,0.25775147928994085,96.14452316188545,1.9228904632377088,66.0,16.0,48.0,24033.0,5850.0
nfcorpus_bm25,47,8,information_gain,200,0.24510579949889155,0.25775147928994085,96.14452316188545,0.4807226158094272,216.0,16.0,48.0,24033.0,5850.0
nfcorpus_bm25,47,16,information_gain,1,0.24510579949889155,0.25775147928994085,96.14452316188545,96.14452316188545,33.0,16.0,48.0,24033.0,5850.0
nfcorpus_bm25,47,16,information_gain,10,0.24510579949889155,0.25775147928994085,96.14452316188545,9.614452316188544,42.0,16.0,48.0,24033.0,5850.0
nfcorpus_bm25,47,16,information_gain,50,0.24510579949889155,0.25775147928994085,96.14452316188545,1.9228904632377088,82.0,16.0,48.0,24033.0,5850.0
nfcorpus_bm25,47,16,information_gain,200,0.24510579949889155,0.25775147928994085,96.14452316188545,0.4807226158094272,232.0,16.0,48.0,24033.0,5850.0
nfcorpus_bm25,47,32,information_gain,1,0.24510579949889155,0.25775147928994085,96.14452316188545,96.14452316188545,67.0,16.0,48.0,24033.0,5850.0
nfcorpus_bm25,47,32,information_gain,10,0.24510579949889155,0.25775147928994085,96.14452316188545,9.614452316188544,76.0,16.0,48.0,24033.0,5850.0
nfcorpus_bm25,47,32,information_gain,50,0.24510579949889155,0.25775147928994085,96.14452316188545,1.9228904632377088,116.0,16.0,48.0,24033.0,5850.0
nfcorpus_bm25,47,32,information_gain,200,0.24510579949889155,0.25775147928994085,96.14452316188545,0.4807226158094272,266.0,16.0,48.0,24033.0,5850.0
nfcorpus_bm25,47,0,learned_value,1,0.24510579949889155,0.25775147928994085,0.0,0.0,1.0,0.0,0.0,0.0,0.0
nfcorpus_bm25,47,0,learned_value,10,0.24510579949889155,0.25775147928994085,0.0,0.0,10.0,0.0,0.0,0.0,0.0
nfcorpus_bm25,47,0,learned_value,50,0.24510579949889155,0.25775147928994085,0.0,0.0,50.0,0.0,0.0,0.0,0.0
nfcorpus_bm25,47,0,learned_value,200,0.24510579949889155,0.25775147928994085,0.0,0.0,200.0,0.0,0.0,0.0,0.0
nfcorpus_bm25,47,4,learned_value,1,0.24510579949889155,0.25775147928994085,96.14452316188545,96.14452316188545,11.0,16.0,48.0,24033.0,5850.0
nfcorpus_bm25,47,4,learned_value,10,0.24510579949889155,0.25775147928994085,96.14452316188545,9.614452316188544,20.0,16.0,48.0,24033.0,5850.0
nfcorpus_bm25,47,4,learned_value,50,0.24510579949889155,0.25775147928994085,96.14452316188545,1.9228904632377088,60.0,16.0,48.0,24033.0,5850.0
nfcorpus_bm25,47,4,learned_value,200,0.24510579949889155,0.25775147928994085,96.14452316188545,0.4807226158094272,210.0,16.0,48.0,24033.0,5850.0
nfcorpus_bm25,47,8,learned_value,1,0.24510579949889155,0.25775147928994085,96.14452316188545,96.14452316188545,19.0,16.0,48.0,24033.0,5850.0
nfcorpus_bm25,47,8,learned_value,10,0.24510579949889155,0.25775147928994085,96.14452316188545,9.614452316188544,28.0,16.0,48.0,24033.0,5850.0
nfcorpus_bm25,47,8,learned_value,50,0.24510579949889155,0.25775147928994085,96.14452316188545,1.9228904632377088,68.0,16.0,48.0,24033.0,5850.0
nfcorpus_bm25,47,8,learned_value,200,0.24510579949889155,0.25775147928994085,96.14452316188545,0.4807226158094272,218.0,16.0,48.0,24033.0,5850.0
nfcorpus_bm25,47,16,learned_value,1,0.24510579949889155,0.25775147928994085,96.14452316188545,96.14452316188545,36.0,16.0,48.0,24033.0,5850.0
nfcorpus_bm25,47,16,learned_value,10,0.24510579949889155,0.25775147928994085,96.14452316188545,9.614452316188544,45.0,16.0,48.0,24033.0,5850.0
nfcorpus_bm25,47,16,learned_value,50,0.24510579949889155,0.25775147928994085,96.14452316188545,1.9228904632377088,85.0,16.0,48.0,24033.0,5850.0
nfcorpus_bm25,47,16,learned_value,200,0.24510579949889155,0.25775147928994085,96.14452316188545,0.4807226158094272,235.0,16.0,48.0,24033.0,5850.0
nfcorpus_bm25,47,32,learned_value,1,0.24510579949889155,0.25775147928994085,96.14452316188545,96.14452316188545,72.0,16.0,48.0,24033.0,5850.0
nfcorpus_bm25,47,32,learned_value,10,0.24510579949889155,0.25775147928994085,96.14452316188545,9.614452316188544,81.0,16.0,48.0,24033.0,5850.0
nfcorpus_bm25,47,32,learned_value,50,0.24510579949889155,0.25775147928994085,96.14452316188545,1.9228904632377088,121.0,16.0,48.0,24033.0,5850.0
nfcorpus_bm25,47,32,learned_value,200,0.24510579949889155,0.25775147928994085,96.14452316188545,0.4807226158094272,271.0,16.0,48.0,24033.0,5850.0
nfcorpus_dense,11,0,source_router,1,0.2347861132448854,0.25276979430825586,0.0,0.0,1.0,0.0,0.0,0.0,0.0
nfcorpus_dense,11,0,source_router,10,0.2347861132448854,0.25276979430825586,0.0,0.0,10.0,0.0,0.0,0.0,0.0
nfcorpus_dense,11,0,source_router,50,0.2347861132448854,0.25276979430825586,0.0,0.0,50.0,0.0,0.0,0.0,0.0
nfcorpus_dense,11,0,source_router,200,0.2347861132448854,0.25276979430825586,0.0,0.0,200.0,0.0,0.0,0.0,0.0
nfcorpus_dense,11,4,source_router,1,0.2347861132448854,0.25276979430825586,0.0,0.0,1.0,0.0,0.0,0.0,0.0
nfcorpus_dense,11,4,source_router,10,0.2347861132448854,0.25276979430825586,0.0,0.0,10.0,0.0,0.0,0.0,0.0
nfcorpus_dense,11,4,source_router,50,0.2347861132448854,0.25276979430825586,0.0,0.0,50.0,0.0,0.0,0.0,0.0
nfcorpus_dense,11,4,source_router,200,0.2347861132448854,0.25276979430825586,0.0,0.0,200.0,0.0,0.0,0.0,0.0
nfcorpus_dense,11,8,source_router,1,0.2347861132448854,0.25276979430825586,0.0,0.0,1.0,0.0,0.0,0.0,0.0
nfcorpus_dense,11,8,source_router,10,0.2347861132448854,0.25276979430825586,0.0,0.0,10.0,0.0,0.0,0.0,0.0
nfcorpus_dense,11,8,source_router,50,0.2347861132448854,0.25276979430825586,0.0,0.0,50.0,0.0,0.0,0.0,0.0
nfcorpus_dense,11,8,source_router,200,0.2347861132448854,0.25276979430825586,0.0,0.0,200.0,0.0,0.0,0.0,0.0
nfcorpus_dense,11,16,source_router,1,0.2347861132448854,0.25276979430825586,0.0,0.0,1.0,0.0,0.0,0.0,0.0
nfcorpus_dense,11,16,source_router,10,0.2347861132448854,0.25276979430825586,0.0,0.0,10.0,0.0,0.0,0.0,0.0
nfcorpus_dense,11,16,source_router,50,0.2347861132448854,0.25276979430825586,0.0,0.0,50.0,0.0,0.0,0.0,0.0
nfcorpus_dense,11,16,source_router,200,0.2347861132448854,0.25276979430825586,0.0,0.0,200.0,0.0,0.0,0.0,0.0
nfcorpus_dense,11,32,source_router,1,0.2347861132448854,0.25276979430825586,0.0,0.0,1.0,0.0,0.0,0.0,0.0
nfcorpus_dense,11,32,source_router,10,0.2347861132448854,0.25276979430825586,0.0,0.0,10.0,0.0,0.0,0.0,0.0
nfcorpus_dense,11,32,source_router,50,0.2347861132448854,0.25276979430825586,0.0,0.0,50.0,0.0,0.0,0.0,0.0
nfcorpus_dense,11,32,source_router,200,0.2347861132448854,0.25276979430825586,0.0,0.0,200.0,0.0,0.0,0.0,0.0
nfcorpus_dense,11,0,random,1,0.2347861132448854,0.25276979430825586,0.0,0.0,1.0,0.0,0.0,0.0,0.0
nfcorpus_dense,11,0,random,10,0.2347861132448854,0.25276979430825586,0.0,0.0,10.0,0.0,0.0,0.0,0.0
nfcorpus_dense,11,0,random,50,0.2347861132448854,0.25276979430825586,0.0,0.0,50.0,0.0,0.0,0.0,0.0
nfcorpus_dense,11,0,random,200,0.2347861132448854,0.25276979430825586,0.0,0.0,200.0,0.0,0.0,0.0,0.0
nfcorpus_dense,11,4,random,1,0.2347861132448854,0.25276979430825586,97.41325913557375,97.41325913557375,9.0,16.0,48.0,24215.0,6074.0
nfcorpus_dense,11,4,random,10,0.2347861132448854,0.25276979430825586,97.41325913557375,9.741325913557375,18.0,16.0,48.0,24215.0,6074.0
nfcorpus_dense,11,4,random,50,0.2347861132448854,0.25276979430825586,97.41325913557375,1.948265182711475,58.0,16.0,48.0,24215.0,6074.0
nfcorpus_dense,11,4,random,200,0.2347861132448854,0.25276979430825586,97.41325913557375,0.48706629567786874,208.0,16.0,48.0,24215.0,6074.0
nfcorpus_dense,11,8,random,1,0.2347861132448854,0.25276979430825586,97.41325913557375,97.41325913557375,17.0,16.0,48.0,24215.0,6074.0
nfcorpus_dense,11,8,random,10,0.2347861132448854,0.25276979430825586,97.41325913557375,9.741325913557375,26.0,16.0,48.0,24215.0,6074.0
nfcorpus_dense,11,8,random,50,0.2347861132448854,0.25276979430825586,97.41325913557375,1.948265182711475,66.0,16.0,48.0,24215.0,6074.0
nfcorpus_dense,11,8,random,200,0.2347861132448854,0.25276979430825586,97.41325913557375,0.48706629567786874,216.0,16.0,48.0,24215.0,6074.0
nfcorpus_dense,11,16,random,1,0.2347861132448854,0.25276979430825586,97.41325913557375,97.41325913557375,36.0,16.0,48.0,24215.0,6074.0
nfcorpus_dense,11,16,random,10,0.2347861132448854,0.25276979430825586,97.41325913557375,9.741325913557375,45.0,16.0,48.0,24215.0,6074.0
nfcorpus_dense,11,16,random,50,0.2347861132448854,0.25276979430825586,97.41325913557375,1.948265182711475,85.0,16.0,48.0,24215.0,6074.0
nfcorpus_dense,11,16,random,200,0.2347861132448854,0.25276979430825586,97.41325913557375,0.48706629567786874,235.0,16.0,48.0,24215.0,6074.0
nfcorpus_dense,11,32,random,1,0.2347861132448854,0.25276979430825586,97.41325913557375,97.41325913557375,74.0,16.0,48.0,24215.0,6074.0
nfcorpus_dense,11,32,random,10,0.2347861132448854,0.25276979430825586,97.41325913557375,9.741325913557375,83.0,16.0,48.0,24215.0,6074.0
nfcorpus_dense,11,32,random,50,0.2347861132448854,0.25276979430825586,97.41325913557375,1.948265182711475,123.0,16.0,48.0,24215.0,6074.0
nfcorpus_dense,11,32,random,200,0.2347861132448854,0.25276979430825586,97.41325913557375,0.48706629567786874,273.0,16.0,48.0,24215.0,6074.0
nfcorpus_dense,11,0,fixed,1,0.2347861132448854,0.25276979430825586,0.0,0.0,1.0,0.0,0.0,0.0,0.0
nfcorpus_dense,11,0,fixed,10,0.2347861132448854,0.25276979430825586,0.0,0.0,10.0,0.0,0.0,0.0,0.0
nfcorpus_dense,11,0,fixed,50,0.2347861132448854,0.25276979430825586,0.0,0.0,50.0,0.0,0.0,0.0,0.0
nfcorpus_dense,11,0,fixed,200,0.2347861132448854,0.25276979430825586,0.0,0.0,200.0,0.0,0.0,0.0,0.0
nfcorpus_dense,11,4,fixed,1,0.2347861132448854,0.25276979430825586,97.41325913557375,97.41325913557375,10.0,16.0,48.0,24215.0,6074.0
nfcorpus_dense,11,4,fixed,10,0.2347861132448854,0.25276979430825586,97.41325913557375,9.741325913557375,19.0,16.0,48.0,24215.0,6074.0
nfcorpus_dense,11,4,fixed,50,0.2347861132448854,0.25276979430825586,97.41325913557375,1.948265182711475,59.0,16.0,48.0,24215.0,6074.0
nfcorpus_dense,11,4,fixed,200,0.2347861132448854,0.25276979430825586,97.41325913557375,0.48706629567786874,209.0,16.0,48.0,24215.0,6074.0
nfcorpus_dense,11,8,fixed,1,0.2347861132448854,0.25276979430825586,97.41325913557375,97.41325913557375,19.0,16.0,48.0,24215.0,6074.0
nfcorpus_dense,11,8,fixed,10,0.2347861132448854,0.25276979430825586,97.41325913557375,9.741325913557375,28.0,16.0,48.0,24215.0,6074.0
nfcorpus_dense,11,8,fixed,50,0.2347861132448854,0.25276979430825586,97.41325913557375,1.948265182711475,68.0,16.0,48.0,24215.0,6074.0
nfcorpus_dense,11,8,fixed,200,0.2347861132448854,0.25276979430825586,97.41325913557375,0.48706629567786874,218.0,16.0,48.0,24215.0,6074.0
nfcorpus_dense,11,16,fixed,1,0.2347861132448854,0.25276979430825586,97.41325913557375,97.41325913557375,37.0,16.0,48.0,24215.0,6074.0
nfcorpus_dense,11,16,fixed,10,0.2347861132448854,0.25276979430825586,97.41325913557375,9.741325913557375,46.0,16.0,48.0,24215.0,6074.0
nfcorpus_dense,11,16,fixed,50,0.2347861132448854,0.25276979430825586,97.41325913557375,1.948265182711475,86.0,16.0,48.0,24215.0,6074.0
nfcorpus_dense,11,16,fixed,200,0.2347861132448854,0.25276979430825586,97.41325913557375,0.48706629567786874,236.0,16.0,48.0,24215.0,6074.0
nfcorpus_dense,11,32,fixed,1,0.2347861132448854,0.25276979430825586,97.41325913557375,97.41325913557375,73.0,16.0,48.0,24215.0,6074.0
nfcorpus_dense,11,32,fixed,10,0.2347861132448854,0.25276979430825586,97.41325913557375,9.741325913557375,82.0,16.0,48.0,24215.0,6074.0
nfcorpus_dense,11,32,fixed,50,0.2347861132448854,0.25276979430825586,97.41325913557375,1.948265182711475,122.0,16.0,48.0,24215.0,6074.0
nfcorpus_dense,11,32,fixed,200,0.2347861132448854,0.25276979430825586,97.41325913557375,0.48706629567786874,272.0,16.0,48.0,24215.0,6074.0
nfcorpus_dense,11,0,information_gain,1,0.2347861132448854,0.25276979430825586,0.0,0.0,1.0,0.0,0.0,0.0,0.0
nfcorpus_dense,11,0,information_gain,10,0.2347861132448854,0.25276979430825586,0.0,0.0,10.0,0.0,0.0,0.0,0.0
nfcorpus_dense,11,0,information_gain,50,0.2347861132448854,0.25276979430825586,0.0,0.0,50.0,0.0,0.0,0.0,0.0
nfcorpus_dense,11,0,information_gain,200,0.2347861132448854,0.25276979430825586,0.0,0.0,200.0,0.0,0.0,0.0,0.0
nfcorpus_dense,11,4,information_gain,1,0.2347861132448854,0.25276979430825586,97.41325913557375,97.41325913557375,9.0,16.0,48.0,24215.0,6074.0
nfcorpus_dense,11,4,information_gain,10,0.2347861132448854,0.25276979430825586,97.41325913557375,9.741325913557375,18.0,16.0,48.0,24215.0,6074.0
nfcorpus_dense,11,4,information_gain,50,0.2347861132448854,0.25276979430825586,97.41325913557375,1.948265182711475,58.0,16.0,48.0,24215.0,6074.0
nfcorpus_dense,11,4,information_gain,200,0.2347861132448854,0.25276979430825586,97.41325913557375,0.48706629567786874,208.0,16.0,48.0,24215.0,6074.0
nfcorpus_dense,11,8,information_gain,1,0.2347861132448854,0.25276979430825586,97.41325913557375,97.41325913557375,17.0,16.0,48.0,24215.0,6074.0
nfcorpus_dense,11,8,information_gain,10,0.2347861132448854,0.25276979430825586,97.41325913557375,9.741325913557375,26.0,16.0,48.0,24215.0,6074.0
nfcorpus_dense,11,8,information_gain,50,0.2347861132448854,0.25276979430825586,97.41325913557375,1.948265182711475,66.0,16.0,48.0,24215.0,6074.0
nfcorpus_dense,11,8,information_gain,200,0.2347861132448854,0.25276979430825586,97.41325913557375,0.48706629567786874,216.0,16.0,48.0,24215.0,6074.0
nfcorpus_dense,11,16,information_gain,1,0.2347861132448854,0.25276979430825586,97.41325913557375,97.41325913557375,33.0,16.0,48.0,24215.0,6074.0
nfcorpus_dense,11,16,information_gain,10,0.2347861132448854,0.25276979430825586,97.41325913557375,9.741325913557375,42.0,16.0,48.0,24215.0,6074.0
nfcorpus_dense,11,16,information_gain,50,0.2347861132448854,0.25276979430825586,97.41325913557375,1.948265182711475,82.0,16.0,48.0,24215.0,6074.0
nfcorpus_dense,11,16,information_gain,200,0.2347861132448854,0.25276979430825586,97.41325913557375,0.48706629567786874,232.0,16.0,48.0,24215.0,6074.0
nfcorpus_dense,11,32,information_gain,1,0.2347861132448854,0.25276979430825586,97.41325913557375,97.41325913557375,65.0,16.0,48.0,24215.0,6074.0
nfcorpus_dense,11,32,information_gain,10,0.2347861132448854,0.25276979430825586,97.41325913557375,9.741325913557375,74.0,16.0,48.0,24215.0,6074.0
nfcorpus_dense,11,32,information_gain,50,0.2347861132448854,0.25276979430825586,97.41325913557375,1.948265182711475,114.0,16.0,48.0,24215.0,6074.0
nfcorpus_dense,11,32,information_gain,200,0.2347861132448854,0.25276979430825586,97.41325913557375,0.48706629567786874,264.0,16.0,48.0,24215.0,6074.0
nfcorpus_dense,11,0,learned_value,1,0.2347861132448854,0.25276979430825586,0.0,0.0,1.0,0.0,0.0,0.0,0.0
nfcorpus_dense,11,0,learned_value,10,0.2347861132448854,0.25276979430825586,0.0,0.0,10.0,0.0,0.0,0.0,0.0
nfcorpus_dense,11,0,learned_value,50,0.2347861132448854,0.25276979430825586,0.0,0.0,50.0,0.0,0.0,0.0,0.0
nfcorpus_dense,11,0,learned_value,200,0.2347861132448854,0.25276979430825586,0.0,0.0,200.0,0.0,0.0,0.0,0.0
nfcorpus_dense,11,4,learned_value,1,0.2347861132448854,0.25276979430825586,97.41325913557375,97.41325913557375,9.0,16.0,48.0,24215.0,6074.0
nfcorpus_dense,11,4,learned_value,10,0.2347861132448854,0.25276979430825586,97.41325913557375,9.741325913557375,18.0,16.0,48.0,24215.0,6074.0
nfcorpus_dense,11,4,learned_value,50,0.2347861132448854,0.25276979430825586,97.41325913557375,1.948265182711475,58.0,16.0,48.0,24215.0,6074.0
nfcorpus_dense,11,4,learned_value,200,0.2347861132448854,0.25276979430825586,97.41325913557375,0.48706629567786874,208.0,16.0,48.0,24215.0,6074.0
nfcorpus_dense,11,8,learned_value,1,0.2347861132448854,0.25276979430825586,97.41325913557375,97.41325913557375,17.0,16.0,48.0,24215.0,6074.0
nfcorpus_dense,11,8,learned_value,10,0.2347861132448854,0.25276979430825586,97.41325913557375,9.741325913557375,26.0,16.0,48.0,24215.0,6074.0
nfcorpus_dense,11,8,learned_value,50,0.2347861132448854,0.25276979430825586,97.41325913557375,1.948265182711475,66.0,16.0,48.0,24215.0,6074.0
nfcorpus_dense,11,8,learned_value,200,0.2347861132448854,0.25276979430825586,97.41325913557375,0.48706629567786874,216.0,16.0,48.0,24215.0,6074.0
nfcorpus_dense,11,16,learned_value,1,0.2347861132448854,0.25276979430825586,97.41325913557375,97.41325913557375,36.0,16.0,48.0,24215.0,6074.0
nfcorpus_dense,11,16,learned_value,10,0.2347861132448854,0.25276979430825586,97.41325913557375,9.741325913557375,45.0,16.0,48.0,24215.0,6074.0
nfcorpus_dense,11,16,learned_value,50,0.2347861132448854,0.25276979430825586,97.41325913557375,1.948265182711475,85.0,16.0,48.0,24215.0,6074.0
nfcorpus_dense,11,16,learned_value,200,0.2347861132448854,0.25276979430825586,97.41325913557375,0.48706629567786874,235.0,16.0,48.0,24215.0,6074.0
nfcorpus_dense,11,32,learned_value,1,0.2347861132448854,0.25276979430825586,97.41325913557375,97.41325913557375,74.0,16.0,48.0,24215.0,6074.0
nfcorpus_dense,11,32,learned_value,10,0.2347861132448854,0.25276979430825586,97.41325913557375,9.741325913557375,83.0,16.0,48.0,24215.0,6074.0
nfcorpus_dense,11,32,learned_value,50,0.2347861132448854,0.25276979430825586,97.41325913557375,1.948265182711475,123.0,16.0,48.0,24215.0,6074.0
nfcorpus_dense,11,32,learned_value,200,0.2347861132448854,0.25276979430825586,97.41325913557375,0.48706629567786874,273.0,16.0,48.0,24215.0,6074.0
nfcorpus_dense,23,0,source_router,1,0.2347861132448854,0.25276979430825586,0.0,0.0,1.0,0.0,0.0,0.0,0.0
nfcorpus_dense,23,0,source_router,10,0.2347861132448854,0.25276979430825586,0.0,0.0,10.0,0.0,0.0,0.0,0.0
nfcorpus_dense,23,0,source_router,50,0.2347861132448854,0.25276979430825586,0.0,0.0,50.0,0.0,0.0,0.0,0.0
nfcorpus_dense,23,0,source_router,200,0.2347861132448854,0.25276979430825586,0.0,0.0,200.0,0.0,0.0,0.0,0.0
nfcorpus_dense,23,4,source_router,1,0.2347861132448854,0.25276979430825586,0.0,0.0,1.0,0.0,0.0,0.0,0.0
nfcorpus_dense,23,4,source_router,10,0.2347861132448854,0.25276979430825586,0.0,0.0,10.0,0.0,0.0,0.0,0.0
nfcorpus_dense,23,4,source_router,50,0.2347861132448854,0.25276979430825586,0.0,0.0,50.0,0.0,0.0,0.0,0.0
nfcorpus_dense,23,4,source_router,200,0.2347861132448854,0.25276979430825586,0.0,0.0,200.0,0.0,0.0,0.0,0.0
nfcorpus_dense,23,8,source_router,1,0.2347861132448854,0.25276979430825586,0.0,0.0,1.0,0.0,0.0,0.0,0.0
nfcorpus_dense,23,8,source_router,10,0.2347861132448854,0.25276979430825586,0.0,0.0,10.0,0.0,0.0,0.0,0.0
nfcorpus_dense,23,8,source_router,50,0.2347861132448854,0.25276979430825586,0.0,0.0,50.0,0.0,0.0,0.0,0.0
nfcorpus_dense,23,8,source_router,200,0.2347861132448854,0.25276979430825586,0.0,0.0,200.0,0.0,0.0,0.0,0.0
nfcorpus_dense,23,16,source_router,1,0.2347861132448854,0.25276979430825586,0.0,0.0,1.0,0.0,0.0,0.0,0.0
nfcorpus_dense,23,16,source_router,10,0.2347861132448854,0.25276979430825586,0.0,0.0,10.0,0.0,0.0,0.0,0.0
nfcorpus_dense,23,16,source_router,50,0.2347861132448854,0.25276979430825586,0.0,0.0,50.0,0.0,0.0,0.0,0.0
nfcorpus_dense,23,16,source_router,200,0.2347861132448854,0.25276979430825586,0.0,0.0,200.0,0.0,0.0,0.0,0.0
nfcorpus_dense,23,32,source_router,1,0.2347861132448854,0.25276979430825586,0.0,0.0,1.0,0.0,0.0,0.0,0.0
nfcorpus_dense,23,32,source_router,10,0.2347861132448854,0.25276979430825586,0.0,0.0,10.0,0.0,0.0,0.0,0.0
nfcorpus_dense,23,32,source_router,50,0.2347861132448854,0.25276979430825586,0.0,0.0,50.0,0.0,0.0,0.0,0.0
nfcorpus_dense,23,32,source_router,200,0.2347861132448854,0.25276979430825586,0.0,0.0,200.0,0.0,0.0,0.0,0.0
nfcorpus_dense,23,0,random,1,0.2347861132448854,0.25276979430825586,0.0,0.0,1.0,0.0,0.0,0.0,0.0
nfcorpus_dense,23,0,random,10,0.2347861132448854,0.25276979430825586,0.0,0.0,10.0,0.0,0.0,0.0,0.0
nfcorpus_dense,23,0,random,50,0.2347861132448854,0.25276979430825586,0.0,0.0,50.0,0.0,0.0,0.0,0.0
nfcorpus_dense,23,0,random,200,0.2347861132448854,0.25276979430825586,0.0,0.0,200.0,0.0,0.0,0.0,0.0
nfcorpus_dense,23,4,random,1,0.2347861132448854,0.25276979430825586,100.15326391182316,100.15326391182316,9.0,16.0,48.0,23007.0,5887.0
nfcorpus_dense,23,4,random,10,0.2347861132448854,0.25276979430825586,100.15326391182316,10.015326391182317,18.0,16.0,48.0,23007.0,5887.0
nfcorpus_dense,23,4,random,50,0.2347861132448854,0.25276979430825586,100.15326391182316,2.003065278236463,58.0,16.0,48.0,23007.0,5887.0
nfcorpus_dense,23,4,random,200,0.2347861132448854,0.25276979430825586,100.15326391182316,0.5007663195591158,208.0,16.0,48.0,23007.0,5887.0
nfcorpus_dense,23,8,random,1,0.2347861132448854,0.25276979430825586,100.15326391182316,100.15326391182316,18.0,16.0,48.0,23007.0,5887.0
nfcorpus_dense,23,8,random,10,0.2347861132448854,0.25276979430825586,100.15326391182316,10.015326391182317,27.0,16.0,48.0,23007.0,5887.0
nfcorpus_dense,23,8,random,50,0.2347861132448854,0.25276979430825586,100.15326391182316,2.003065278236463,67.0,16.0,48.0,23007.0,5887.0
nfcorpus_dense,23,8,random,200,0.2347861132448854,0.25276979430825586,100.15326391182316,0.5007663195591158,217.0,16.0,48.0,23007.0,5887.0
nfcorpus_dense,23,16,random,1,0.2347861132448854,0.25276979430825586,100.15326391182316,100.15326391182316,35.0,16.0,48.0,23007.0,5887.0
nfcorpus_dense,23,16,random,10,0.2347861132448854,0.25276979430825586,100.15326391182316,10.015326391182317,44.0,16.0,48.0,23007.0,5887.0
nfcorpus_dense,23,16,random,50,0.2347861132448854,0.25276979430825586,100.15326391182316,2.003065278236463,84.0,16.0,48.0,23007.0,5887.0
nfcorpus_dense,23,16,random,200,0.2347861132448854,0.25276979430825586,100.15326391182316,0.5007663195591158,234.0,16.0,48.0,23007.0,5887.0
nfcorpus_dense,23,32,random,1,0.2347861132448854,0.25276979430825586,100.15326391182316,100.15326391182316,72.0,16.0,48.0,23007.0,5887.0
nfcorpus_dense,23,32,random,10,0.2347861132448854,0.25276979430825586,100.15326391182316,10.015326391182317,81.0,16.0,48.0,23007.0,5887.0
nfcorpus_dense,23,32,random,50,0.2347861132448854,0.25276979430825586,100.15326391182316,2.003065278236463,121.0,16.0,48.0,23007.0,5887.0
nfcorpus_dense,23,32,random,200,0.2347861132448854,0.25276979430825586,100.15326391182316,0.5007663195591158,271.0,16.0,48.0,23007.0,5887.0
nfcorpus_dense,23,0,fixed,1,0.2347861132448854,0.25276979430825586,0.0,0.0,1.0,0.0,0.0,0.0,0.0
nfcorpus_dense,23,0,fixed,10,0.2347861132448854,0.25276979430825586,0.0,0.0,10.0,0.0,0.0,0.0,0.0
nfcorpus_dense,23,0,fixed,50,0.2347861132448854,0.25276979430825586,0.0,0.0,50.0,0.0,0.0,0.0,0.0
nfcorpus_dense,23,0,fixed,200,0.2347861132448854,0.25276979430825586,0.0,0.0,200.0,0.0,0.0,0.0,0.0
nfcorpus_dense,23,4,fixed,1,0.2347861132448854,0.25276979430825586,100.15326391182316,100.15326391182316,10.0,16.0,48.0,23007.0,5887.0
nfcorpus_dense,23,4,fixed,10,0.2347861132448854,0.25276979430825586,100.15326391182316,10.015326391182317,19.0,16.0,48.0,23007.0,5887.0
nfcorpus_dense,23,4,fixed,50,0.2347861132448854,0.25276979430825586,100.15326391182316,2.003065278236463,59.0,16.0,48.0,23007.0,5887.0
nfcorpus_dense,23,4,fixed,200,0.2347861132448854,0.25276979430825586,100.15326391182316,0.5007663195591158,209.0,16.0,48.0,23007.0,5887.0
nfcorpus_dense,23,8,fixed,1,0.2347861132448854,0.25276979430825586,100.15326391182316,100.15326391182316,19.0,16.0,48.0,23007.0,5887.0
nfcorpus_dense,23,8,fixed,10,0.2347861132448854,0.25276979430825586,100.15326391182316,10.015326391182317,28.0,16.0,48.0,23007.0,5887.0
nfcorpus_dense,23,8,fixed,50,0.2347861132448854,0.25276979430825586,100.15326391182316,2.003065278236463,68.0,16.0,48.0,23007.0,5887.0
nfcorpus_dense,23,8,fixed,200,0.2347861132448854,0.25276979430825586,100.15326391182316,0.5007663195591158,218.0,16.0,48.0,23007.0,5887.0
nfcorpus_dense,23,16,fixed,1,0.2347861132448854,0.25276979430825586,100.15326391182316,100.15326391182316,37.0,16.0,48.0,23007.0,5887.0
nfcorpus_dense,23,16,fixed,10,0.2347861132448854,0.25276979430825586,100.15326391182316,10.015326391182317,46.0,16.0,48.0,23007.0,5887.0
nfcorpus_dense,23,16,fixed,50,0.2347861132448854,0.25276979430825586,100.15326391182316,2.003065278236463,86.0,16.0,48.0,23007.0,5887.0
nfcorpus_dense,23,16,fixed,200,0.2347861132448854,0.25276979430825586,100.15326391182316,0.5007663195591158,236.0,16.0,48.0,23007.0,5887.0
nfcorpus_dense,23,32,fixed,1,0.2347861132448854,0.25276979430825586,100.15326391182316,100.15326391182316,73.0,16.0,48.0,23007.0,5887.0
nfcorpus_dense,23,32,fixed,10,0.2347861132448854,0.25276979430825586,100.15326391182316,10.015326391182317,82.0,16.0,48.0,23007.0,5887.0
nfcorpus_dense,23,32,fixed,50,0.2347861132448854,0.25276979430825586,100.15326391182316,2.003065278236463,122.0,16.0,48.0,23007.0,5887.0
nfcorpus_dense,23,32,fixed,200,0.2347861132448854,0.25276979430825586,100.15326391182316,0.5007663195591158,272.0,16.0,48.0,23007.0,5887.0
nfcorpus_dense,23,0,information_gain,1,0.2347861132448854,0.25276979430825586,0.0,0.0,1.0,0.0,0.0,0.0,0.0
nfcorpus_dense,23,0,information_gain,10,0.2347861132448854,0.25276979430825586,0.0,0.0,10.0,0.0,0.0,0.0,0.0
nfcorpus_dense,23,0,information_gain,50,0.2347861132448854,0.25276979430825586,0.0,0.0,50.0,0.0,0.0,0.0,0.0
nfcorpus_dense,23,0,information_gain,200,0.2347861132448854,0.25276979430825586,0.0,0.0,200.0,0.0,0.0,0.0,0.0
nfcorpus_dense,23,4,information_gain,1,0.2347861132448854,0.25276979430825586,100.15326391182316,100.15326391182316,9.0,16.0,48.0,23007.0,5887.0
nfcorpus_dense,23,4,information_gain,10,0.2347861132448854,0.25276979430825586,100.15326391182316,10.015326391182317,18.0,16.0,48.0,23007.0,5887.0
nfcorpus_dense,23,4,information_gain,50,0.2347861132448854,0.25276979430825586,100.15326391182316,2.003065278236463,58.0,16.0,48.0,23007.0,5887.0
nfcorpus_dense,23,4,information_gain,200,0.2347861132448854,0.25276979430825586,100.15326391182316,0.5007663195591158,208.0,16.0,48.0,23007.0,5887.0
nfcorpus_dense,23,8,information_gain,1,0.2347861132448854,0.25276979430825586,100.15326391182316,100.15326391182316,17.0,16.0,48.0,23007.0,5887.0
nfcorpus_dense,23,8,information_gain,10,0.2347861132448854,0.25276979430825586,100.15326391182316,10.015326391182317,26.0,16.0,48.0,23007.0,5887.0
nfcorpus_dense,23,8,information_gain,50,0.2347861132448854,0.25276979430825586,100.15326391182316,2.003065278236463,66.0,16.0,48.0,23007.0,5887.0
nfcorpus_dense,23,8,information_gain,200,0.2347861132448854,0.25276979430825586,100.15326391182316,0.5007663195591158,216.0,16.0,48.0,23007.0,5887.0
nfcorpus_dense,23,16,information_gain,1,0.2347861132448854,0.25276979430825586,100.15326391182316,100.15326391182316,33.0,16.0,48.0,23007.0,5887.0
nfcorpus_dense,23,16,information_gain,10,0.2347861132448854,0.25276979430825586,100.15326391182316,10.015326391182317,42.0,16.0,48.0,23007.0,5887.0
nfcorpus_dense,23,16,information_gain,50,0.2347861132448854,0.25276979430825586,100.15326391182316,2.003065278236463,82.0,16.0,48.0,23007.0,5887.0
nfcorpus_dense,23,16,information_gain,200,0.2347861132448854,0.25276979430825586,100.15326391182316,0.5007663195591158,232.0,16.0,48.0,23007.0,5887.0
nfcorpus_dense,23,32,information_gain,1,0.2347861132448854,0.25276979430825586,100.15326391182316,100.15326391182316,65.0,16.0,48.0,23007.0,5887.0
nfcorpus_dense,23,32,information_gain,10,0.2347861132448854,0.25276979430825586,100.15326391182316,10.015326391182317,74.0,16.0,48.0,23007.0,5887.0
nfcorpus_dense,23,32,information_gain,50,0.2347861132448854,0.25276979430825586,100.15326391182316,2.003065278236463,114.0,16.0,48.0,23007.0,5887.0
nfcorpus_dense,23,32,information_gain,200,0.2347861132448854,0.25276979430825586,100.15326391182316,0.5007663195591158,264.0,16.0,48.0,23007.0,5887.0
nfcorpus_dense,23,0,learned_value,1,0.2347861132448854,0.25276979430825586,0.0,0.0,1.0,0.0,0.0,0.0,0.0
nfcorpus_dense,23,0,learned_value,10,0.2347861132448854,0.25276979430825586,0.0,0.0,10.0,0.0,0.0,0.0,0.0
nfcorpus_dense,23,0,learned_value,50,0.2347861132448854,0.25276979430825586,0.0,0.0,50.0,0.0,0.0,0.0,0.0
nfcorpus_dense,23,0,learned_value,200,0.2347861132448854,0.25276979430825586,0.0,0.0,200.0,0.0,0.0,0.0,0.0
nfcorpus_dense,23,4,learned_value,1,0.2347861132448854,0.25276979430825586,100.15326391182316,100.15326391182316,9.0,16.0,48.0,23007.0,5887.0
nfcorpus_dense,23,4,learned_value,10,0.2347861132448854,0.25276979430825586,100.15326391182316,10.015326391182317,18.0,16.0,48.0,23007.0,5887.0
nfcorpus_dense,23,4,learned_value,50,0.2347861132448854,0.25276979430825586,100.15326391182316,2.003065278236463,58.0,16.0,48.0,23007.0,5887.0
nfcorpus_dense,23,4,learned_value,200,0.2347861132448854,0.25276979430825586,100.15326391182316,0.5007663195591158,208.0,16.0,48.0,23007.0,5887.0
nfcorpus_dense,23,8,learned_value,1,0.2347861132448854,0.25276979430825586,100.15326391182316,100.15326391182316,18.0,16.0,48.0,23007.0,5887.0
nfcorpus_dense,23,8,learned_value,10,0.2347861132448854,0.25276979430825586,100.15326391182316,10.015326391182317,27.0,16.0,48.0,23007.0,5887.0
nfcorpus_dense,23,8,learned_value,50,0.2347861132448854,0.25276979430825586,100.15326391182316,2.003065278236463,67.0,16.0,48.0,23007.0,5887.0
nfcorpus_dense,23,8,learned_value,200,0.2347861132448854,0.25276979430825586,100.15326391182316,0.5007663195591158,217.0,16.0,48.0,23007.0,5887.0
nfcorpus_dense,23,16,learned_value,1,0.2347861132448854,0.25276979430825586,100.15326391182316,100.15326391182316,35.0,16.0,48.0,23007.0,5887.0
nfcorpus_dense,23,16,learned_value,10,0.2347861132448854,0.25276979430825586,100.15326391182316,10.015326391182317,44.0,16.0,48.0,23007.0,5887.0
nfcorpus_dense,23,16,learned_value,50,0.2347861132448854,0.25276979430825586,100.15326391182316,2.003065278236463,84.0,16.0,48.0,23007.0,5887.0
nfcorpus_dense,23,16,learned_value,200,0.2347861132448854,0.25276979430825586,100.15326391182316,0.5007663195591158,234.0,16.0,48.0,23007.0,5887.0
nfcorpus_dense,23,32,learned_value,1,0.2347861132448854,0.25276979430825586,100.15326391182316,100.15326391182316,72.0,16.0,48.0,23007.0,5887.0
nfcorpus_dense,23,32,learned_value,10,0.2347861132448854,0.25276979430825586,100.15326391182316,10.015326391182317,81.0,16.0,48.0,23007.0,5887.0
nfcorpus_dense,23,32,learned_value,50,0.2347861132448854,0.25276979430825586,100.15326391182316,2.003065278236463,121.0,16.0,48.0,23007.0,5887.0
nfcorpus_dense,23,32,learned_value,200,0.2347861132448854,0.25276979430825586,100.15326391182316,0.5007663195591158,271.0,16.0,48.0,23007.0,5887.0
nfcorpus_dense,47,0,source_router,1,0.2347861132448854,0.25276979430825586,0.0,0.0,1.0,0.0,0.0,0.0,0.0
nfcorpus_dense,47,0,source_router,10,0.2347861132448854,0.25276979430825586,0.0,0.0,10.0,0.0,0.0,0.0,0.0
nfcorpus_dense,47,0,source_router,50,0.2347861132448854,0.25276979430825586,0.0,0.0,50.0,0.0,0.0,0.0,0.0
nfcorpus_dense,47,0,source_router,200,0.2347861132448854,0.25276979430825586,0.0,0.0,200.0,0.0,0.0,0.0,0.0
nfcorpus_dense,47,4,source_router,1,0.2347861132448854,0.25276979430825586,0.0,0.0,1.0,0.0,0.0,0.0,0.0
nfcorpus_dense,47,4,source_router,10,0.2347861132448854,0.25276979430825586,0.0,0.0,10.0,0.0,0.0,0.0,0.0
nfcorpus_dense,47,4,source_router,50,0.2347861132448854,0.25276979430825586,0.0,0.0,50.0,0.0,0.0,0.0,0.0
nfcorpus_dense,47,4,source_router,200,0.2347861132448854,0.25276979430825586,0.0,0.0,200.0,0.0,0.0,0.0,0.0
nfcorpus_dense,47,8,source_router,1,0.2347861132448854,0.25276979430825586,0.0,0.0,1.0,0.0,0.0,0.0,0.0
nfcorpus_dense,47,8,source_router,10,0.2347861132448854,0.25276979430825586,0.0,0.0,10.0,0.0,0.0,0.0,0.0
nfcorpus_dense,47,8,source_router,50,0.2347861132448854,0.25276979430825586,0.0,0.0,50.0,0.0,0.0,0.0,0.0
nfcorpus_dense,47,8,source_router,200,0.2347861132448854,0.25276979430825586,0.0,0.0,200.0,0.0,0.0,0.0,0.0
nfcorpus_dense,47,16,source_router,1,0.2347861132448854,0.25276979430825586,0.0,0.0,1.0,0.0,0.0,0.0,0.0
nfcorpus_dense,47,16,source_router,10,0.2347861132448854,0.25276979430825586,0.0,0.0,10.0,0.0,0.0,0.0,0.0
nfcorpus_dense,47,16,source_router,50,0.2347861132448854,0.25276979430825586,0.0,0.0,50.0,0.0,0.0,0.0,0.0
nfcorpus_dense,47,16,source_router,200,0.2347861132448854,0.25276979430825586,0.0,0.0,200.0,0.0,0.0,0.0,0.0
nfcorpus_dense,47,32,source_router,1,0.2347861132448854,0.25276979430825586,0.0,0.0,1.0,0.0,0.0,0.0,0.0
nfcorpus_dense,47,32,source_router,10,0.2347861132448854,0.25276979430825586,0.0,0.0,10.0,0.0,0.0,0.0,0.0
nfcorpus_dense,47,32,source_router,50,0.2347861132448854,0.25276979430825586,0.0,0.0,50.0,0.0,0.0,0.0,0.0
nfcorpus_dense,47,32,source_router,200,0.2347861132448854,0.25276979430825586,0.0,0.0,200.0,0.0,0.0,0.0,0.0
nfcorpus_dense,47,0,random,1,0.2347861132448854,0.25276979430825586,0.0,0.0,1.0,0.0,0.0,0.0,0.0
nfcorpus_dense,47,0,random,10,0.2347861132448854,0.25276979430825586,0.0,0.0,10.0,0.0,0.0,0.0,0.0
nfcorpus_dense,47,0,random,50,0.2347861132448854,0.25276979430825586,0.0,0.0,50.0,0.0,0.0,0.0,0.0
nfcorpus_dense,47,0,random,200,0.2347861132448854,0.25276979430825586,0.0,0.0,200.0,0.0,0.0,0.0,0.0
nfcorpus_dense,47,4,random,1,0.2347861132448854,0.25276979430825586,96.14452316188545,96.14452316188545,11.0,16.0,48.0,24033.0,5850.0
nfcorpus_dense,47,4,random,10,0.2347861132448854,0.25276979430825586,96.14452316188545,9.614452316188544,20.0,16.0,48.0,24033.0,5850.0
nfcorpus_dense,47,4,random,50,0.2347861132448854,0.25276979430825586,96.14452316188545,1.9228904632377088,60.0,16.0,48.0,24033.0,5850.0
nfcorpus_dense,47,4,random,200,0.2347861132448854,0.25276979430825586,96.14452316188545,0.4807226158094272,210.0,16.0,48.0,24033.0,5850.0
nfcorpus_dense,47,8,random,1,0.2347861132448854,0.25276979430825586,96.14452316188545,96.14452316188545,19.0,16.0,48.0,24033.0,5850.0
nfcorpus_dense,47,8,random,10,0.2347861132448854,0.25276979430825586,96.14452316188545,9.614452316188544,28.0,16.0,48.0,24033.0,5850.0
nfcorpus_dense,47,8,random,50,0.2347861132448854,0.25276979430825586,96.14452316188545,1.9228904632377088,68.0,16.0,48.0,24033.0,5850.0
nfcorpus_dense,47,8,random,200,0.2347861132448854,0.25276979430825586,96.14452316188545,0.4807226158094272,218.0,16.0,48.0,24033.0,5850.0
nfcorpus_dense,47,16,random,1,0.2347861132448854,0.25276979430825586,96.14452316188545,96.14452316188545,36.0,16.0,48.0,24033.0,5850.0
nfcorpus_dense,47,16,random,10,0.2347861132448854,0.25276979430825586,96.14452316188545,9.614452316188544,45.0,16.0,48.0,24033.0,5850.0
nfcorpus_dense,47,16,random,50,0.2347861132448854,0.25276979430825586,96.14452316188545,1.9228904632377088,85.0,16.0,48.0,24033.0,5850.0
nfcorpus_dense,47,16,random,200,0.2347861132448854,0.25276979430825586,96.14452316188545,0.4807226158094272,235.0,16.0,48.0,24033.0,5850.0
nfcorpus_dense,47,32,random,1,0.2347861132448854,0.25276979430825586,96.14452316188545,96.14452316188545,72.0,16.0,48.0,24033.0,5850.0
nfcorpus_dense,47,32,random,10,0.2347861132448854,0.25276979430825586,96.14452316188545,9.614452316188544,81.0,16.0,48.0,24033.0,5850.0
nfcorpus_dense,47,32,random,50,0.2347861132448854,0.25276979430825586,96.14452316188545,1.9228904632377088,121.0,16.0,48.0,24033.0,5850.0
nfcorpus_dense,47,32,random,200,0.2347861132448854,0.25276979430825586,96.14452316188545,0.4807226158094272,271.0,16.0,48.0,24033.0,5850.0
nfcorpus_dense,47,0,fixed,1,0.2347861132448854,0.25276979430825586,0.0,0.0,1.0,0.0,0.0,0.0,0.0
nfcorpus_dense,47,0,fixed,10,0.2347861132448854,0.25276979430825586,0.0,0.0,10.0,0.0,0.0,0.0,0.0
nfcorpus_dense,47,0,fixed,50,0.2347861132448854,0.25276979430825586,0.0,0.0,50.0,0.0,0.0,0.0,0.0
nfcorpus_dense,47,0,fixed,200,0.2347861132448854,0.25276979430825586,0.0,0.0,200.0,0.0,0.0,0.0,0.0
nfcorpus_dense,47,4,fixed,1,0.2347861132448854,0.25276979430825586,96.14452316188545,96.14452316188545,10.0,16.0,48.0,24033.0,5850.0
nfcorpus_dense,47,4,fixed,10,0.2347861132448854,0.25276979430825586,96.14452316188545,9.614452316188544,19.0,16.0,48.0,24033.0,5850.0
nfcorpus_dense,47,4,fixed,50,0.2347861132448854,0.25276979430825586,96.14452316188545,1.9228904632377088,59.0,16.0,48.0,24033.0,5850.0
nfcorpus_dense,47,4,fixed,200,0.2347861132448854,0.25276979430825586,96.14452316188545,0.4807226158094272,209.0,16.0,48.0,24033.0,5850.0
nfcorpus_dense,47,8,fixed,1,0.2347861132448854,0.25276979430825586,96.14452316188545,96.14452316188545,19.0,16.0,48.0,24033.0,5850.0
nfcorpus_dense,47,8,fixed,10,0.2347861132448854,0.25276979430825586,96.14452316188545,9.614452316188544,28.0,16.0,48.0,24033.0,5850.0
nfcorpus_dense,47,8,fixed,50,0.2347861132448854,0.25276979430825586,96.14452316188545,1.9228904632377088,68.0,16.0,48.0,24033.0,5850.0
nfcorpus_dense,47,8,fixed,200,0.2347861132448854,0.25276979430825586,96.14452316188545,0.4807226158094272,218.0,16.0,48.0,24033.0,5850.0
nfcorpus_dense,47,16,fixed,1,0.2347861132448854,0.25276979430825586,96.14452316188545,96.14452316188545,37.0,16.0,48.0,24033.0,5850.0
nfcorpus_dense,47,16,fixed,10,0.2347861132448854,0.25276979430825586,96.14452316188545,9.614452316188544,46.0,16.0,48.0,24033.0,5850.0
nfcorpus_dense,47,16,fixed,50,0.2347861132448854,0.25276979430825586,96.14452316188545,1.9228904632377088,86.0,16.0,48.0,24033.0,5850.0
nfcorpus_dense,47,16,fixed,200,0.2347861132448854,0.25276979430825586,96.14452316188545,0.4807226158094272,236.0,16.0,48.0,24033.0,5850.0
nfcorpus_dense,47,32,fixed,1,0.2347861132448854,0.25276979430825586,96.14452316188545,96.14452316188545,73.0,16.0,48.0,24033.0,5850.0
nfcorpus_dense,47,32,fixed,10,0.2347861132448854,0.25276979430825586,96.14452316188545,9.614452316188544,82.0,16.0,48.0,24033.0,5850.0
nfcorpus_dense,47,32,fixed,50,0.2347861132448854,0.25276979430825586,96.14452316188545,1.9228904632377088,122.0,16.0,48.0,24033.0,5850.0
nfcorpus_dense,47,32,fixed,200,0.2347861132448854,0.25276979430825586,96.14452316188545,0.4807226158094272,272.0,16.0,48.0,24033.0,5850.0
nfcorpus_dense,47,0,information_gain,1,0.2347861132448854,0.25276979430825586,0.0,0.0,1.0,0.0,0.0,0.0,0.0
nfcorpus_dense,47,0,information_gain,10,0.2347861132448854,0.25276979430825586,0.0,0.0,10.0,0.0,0.0,0.0,0.0
nfcorpus_dense,47,0,information_gain,50,0.2347861132448854,0.25276979430825586,0.0,0.0,50.0,0.0,0.0,0.0,0.0
nfcorpus_dense,47,0,information_gain,200,0.2347861132448854,0.25276979430825586,0.0,0.0,200.0,0.0,0.0,0.0,0.0
nfcorpus_dense,47,4,information_gain,1,0.2347861132448854,0.25276979430825586,96.14452316188545,96.14452316188545,9.0,16.0,48.0,24033.0,5850.0
nfcorpus_dense,47,4,information_gain,10,0.2347861132448854,0.25276979430825586,96.14452316188545,9.614452316188544,18.0,16.0,48.0,24033.0,5850.0
nfcorpus_dense,47,4,information_gain,50,0.2347861132448854,0.25276979430825586,96.14452316188545,1.9228904632377088,58.0,16.0,48.0,24033.0,5850.0
nfcorpus_dense,47,4,information_gain,200,0.2347861132448854,0.25276979430825586,96.14452316188545,0.4807226158094272,208.0,16.0,48.0,24033.0,5850.0
nfcorpus_dense,47,8,information_gain,1,0.2347861132448854,0.25276979430825586,96.14452316188545,96.14452316188545,17.0,16.0,48.0,24033.0,5850.0
nfcorpus_dense,47,8,information_gain,10,0.2347861132448854,0.25276979430825586,96.14452316188545,9.614452316188544,26.0,16.0,48.0,24033.0,5850.0
nfcorpus_dense,47,8,information_gain,50,0.2347861132448854,0.25276979430825586,96.14452316188545,1.9228904632377088,66.0,16.0,48.0,24033.0,5850.0
nfcorpus_dense,47,8,information_gain,200,0.2347861132448854,0.25276979430825586,96.14452316188545,0.4807226158094272,216.0,16.0,48.0,24033.0,5850.0
nfcorpus_dense,47,16,information_gain,1,0.2347861132448854,0.25276979430825586,96.14452316188545,96.14452316188545,33.0,16.0,48.0,24033.0,5850.0
nfcorpus_dense,47,16,information_gain,10,0.2347861132448854,0.25276979430825586,96.14452316188545,9.614452316188544,42.0,16.0,48.0,24033.0,5850.0
nfcorpus_dense,47,16,information_gain,50,0.2347861132448854,0.25276979430825586,96.14452316188545,1.9228904632377088,82.0,16.0,48.0,24033.0,5850.0
nfcorpus_dense,47,16,information_gain,200,0.2347861132448854,0.25276979430825586,96.14452316188545,0.4807226158094272,232.0,16.0,48.0,24033.0,5850.0
nfcorpus_dense,47,32,information_gain,1,0.2347861132448854,0.25276979430825586,96.14452316188545,96.14452316188545,65.0,16.0,48.0,24033.0,5850.0
nfcorpus_dense,47,32,information_gain,10,0.2347861132448854,0.25276979430825586,96.14452316188545,9.614452316188544,74.0,16.0,48.0,24033.0,5850.0
nfcorpus_dense,47,32,information_gain,50,0.2347861132448854,0.25276979430825586,96.14452316188545,1.9228904632377088,114.0,16.0,48.0,24033.0,5850.0
nfcorpus_dense,47,32,information_gain,200,0.2347861132448854,0.25276979430825586,96.14452316188545,0.4807226158094272,264.0,16.0,48.0,24033.0,5850.0
nfcorpus_dense,47,0,learned_value,1,0.2347861132448854,0.25276979430825586,0.0,0.0,1.0,0.0,0.0,0.0,0.0
nfcorpus_dense,47,0,learned_value,10,0.2347861132448854,0.25276979430825586,0.0,0.0,10.0,0.0,0.0,0.0,0.0
nfcorpus_dense,47,0,learned_value,50,0.2347861132448854,0.25276979430825586,0.0,0.0,50.0,0.0,0.0,0.0,0.0
nfcorpus_dense,47,0,learned_value,200,0.2347861132448854,0.25276979430825586,0.0,0.0,200.0,0.0,0.0,0.0,0.0
nfcorpus_dense,47,4,learned_value,1,0.2347861132448854,0.25276979430825586,96.14452316188545,96.14452316188545,11.0,16.0,48.0,24033.0,5850.0
nfcorpus_dense,47,4,learned_value,10,0.2347861132448854,0.25276979430825586,96.14452316188545,9.614452316188544,20.0,16.0,48.0,24033.0,5850.0
nfcorpus_dense,47,4,learned_value,50,0.2347861132448854,0.25276979430825586,96.14452316188545,1.9228904632377088,60.0,16.0,48.0,24033.0,5850.0
nfcorpus_dense,47,4,learned_value,200,0.2347861132448854,0.25276979430825586,96.14452316188545,0.4807226158094272,210.0,16.0,48.0,24033.0,5850.0
nfcorpus_dense,47,8,learned_value,1,0.2347861132448854,0.25276979430825586,96.14452316188545,96.14452316188545,19.0,16.0,48.0,24033.0,5850.0
nfcorpus_dense,47,8,learned_value,10,0.2347861132448854,0.25276979430825586,96.14452316188545,9.614452316188544,28.0,16.0,48.0,24033.0,5850.0
nfcorpus_dense,47,8,learned_value,50,0.2347861132448854,0.25276979430825586,96.14452316188545,1.9228904632377088,68.0,16.0,48.0,24033.0,5850.0
nfcorpus_dense,47,8,learned_value,200,0.2347861132448854,0.25276979430825586,96.14452316188545,0.4807226158094272,218.0,16.0,48.0,24033.0,5850.0
nfcorpus_dense,47,16,learned_value,1,0.2347861132448854,0.25276979430825586,96.14452316188545,96.14452316188545,36.0,16.0,48.0,24033.0,5850.0
nfcorpus_dense,47,16,learned_value,10,0.2347861132448854,0.25276979430825586,96.14452316188545,9.614452316188544,45.0,16.0,48.0,24033.0,5850.0
nfcorpus_dense,47,16,learned_value,50,0.2347861132448854,0.25276979430825586,96.14452316188545,1.9228904632377088,85.0,16.0,48.0,24033.0,5850.0
nfcorpus_dense,47,16,learned_value,200,0.2347861132448854,0.25276979430825586,96.14452316188545,0.4807226158094272,235.0,16.0,48.0,24033.0,5850.0
nfcorpus_dense,47,32,learned_value,1,0.2347861132448854,0.25276979430825586,96.14452316188545,96.14452316188545,72.0,16.0,48.0,24033.0,5850.0
nfcorpus_dense,47,32,learned_value,10,0.2347861132448854,0.25276979430825586,96.14452316188545,9.614452316188544,81.0,16.0,48.0,24033.0,5850.0
nfcorpus_dense,47,32,learned_value,50,0.2347861132448854,0.25276979430825586,96.14452316188545,1.9228904632377088,121.0,16.0,48.0,24033.0,5850.0
nfcorpus_dense,47,32,learned_value,200,0.2347861132448854,0.25276979430825586,96.14452316188545,0.4807226158094272,271.0,16.0,48.0,24033.0,5850.0
scifact_bm25,11,0,source_router,1,0.6061398767848605,0.7344444444444445,0.0,0.0,1.0,0.0,0.0,0.0,0.0
scifact_bm25,11,0,source_router,10,0.6061398767848605,0.7344444444444445,0.0,0.0,10.0,0.0,0.0,0.0,0.0
scifact_bm25,11,0,source_router,50,0.6061398767848605,0.7344444444444445,0.0,0.0,50.0,0.0,0.0,0.0,0.0
scifact_bm25,11,0,source_router,200,0.6061398767848605,0.7344444444444445,0.0,0.0,200.0,0.0,0.0,0.0,0.0
scifact_bm25,11,4,source_router,1,0.6061398767848605,0.7344444444444445,0.0,0.0,1.0,0.0,0.0,0.0,0.0
scifact_bm25,11,4,source_router,10,0.6061398767848605,0.7344444444444445,0.0,0.0,10.0,0.0,0.0,0.0,0.0
scifact_bm25,11,4,source_router,50,0.6061398767848605,0.7344444444444445,0.0,0.0,50.0,0.0,0.0,0.0,0.0
scifact_bm25,11,4,source_router,200,0.6061398767848605,0.7344444444444445,0.0,0.0,200.0,0.0,0.0,0.0,0.0
scifact_bm25,11,8,source_router,1,0.6061398767848605,0.7344444444444445,0.0,0.0,1.0,0.0,0.0,0.0,0.0
scifact_bm25,11,8,source_router,10,0.6061398767848605,0.7344444444444445,0.0,0.0,10.0,0.0,0.0,0.0,0.0
scifact_bm25,11,8,source_router,50,0.6061398767848605,0.7344444444444445,0.0,0.0,50.0,0.0,0.0,0.0,0.0
scifact_bm25,11,8,source_router,200,0.6061398767848605,0.7344444444444445,0.0,0.0,200.0,0.0,0.0,0.0,0.0
scifact_bm25,11,16,source_router,1,0.6061398767848605,0.7344444444444445,0.0,0.0,1.0,0.0,0.0,0.0,0.0
scifact_bm25,11,16,source_router,10,0.6061398767848605,0.7344444444444445,0.0,0.0,10.0,0.0,0.0,0.0,0.0
scifact_bm25,11,16,source_router,50,0.6061398767848605,0.7344444444444445,0.0,0.0,50.0,0.0,0.0,0.0,0.0
scifact_bm25,11,16,source_router,200,0.6061398767848605,0.7344444444444445,0.0,0.0,200.0,0.0,0.0,0.0,0.0
scifact_bm25,11,32,source_router,1,0.6061398767848605,0.7344444444444445,0.0,0.0,1.0,0.0,0.0,0.0,0.0
scifact_bm25,11,32,source_router,10,0.6061398767848605,0.7344444444444445,0.0,0.0,10.0,0.0,0.0,0.0,0.0
scifact_bm25,11,32,source_router,50,0.6061398767848605,0.7344444444444445,0.0,0.0,50.0,0.0,0.0,0.0,0.0
scifact_bm25,11,32,source_router,200,0.6061398767848605,0.7344444444444445,0.0,0.0,200.0,0.0,0.0,0.0,0.0
scifact_bm25,11,0,random,1,0.6061398767848605,0.7344444444444445,0.0,0.0,1.0,0.0,0.0,0.0,0.0
scifact_bm25,11,0,random,10,0.6061398767848605,0.7344444444444445,0.0,0.0,10.0,0.0,0.0,0.0,0.0
scifact_bm25,11,0,random,50,0.6061398767848605,0.7344444444444445,0.0,0.0,50.0,0.0,0.0,0.0,0.0
scifact_bm25,11,0,random,200,0.6061398767848605,0.7344444444444445,0.0,0.0,200.0,0.0,0.0,0.0,0.0
scifact_bm25,11,4,random,1,0.6061398767848605,0.7344444444444445,76.11252064608561,76.11252064608561,9.0,16.0,48.0,23491.0,6060.0
scifact_bm25,11,4,random,10,0.6061398767848605,0.7344444444444445,76.11252064608561,7.6112520646085615,18.0,16.0,48.0,23491.0,6060.0
scifact_bm25,11,4,random,50,0.6061398767848605,0.7344444444444445,76.11252064608561,1.5222504129217123,58.0,16.0,48.0,23491.0,6060.0
scifact_bm25,11,4,random,200,0.6061398767848605,0.7344444444444445,76.11252064608561,0.38056260323042806,208.0,16.0,48.0,23491.0,6060.0
scifact_bm25,11,8,random,1,0.6061398767848605,0.7344444444444445,76.11252064608561,76.11252064608561,17.0,16.0,48.0,23491.0,6060.0
scifact_bm25,11,8,random,10,0.6061398767848605,0.7344444444444445,76.11252064608561,7.6112520646085615,26.0,16.0,48.0,23491.0,6060.0
scifact_bm25,11,8,random,50,0.6061398767848605,0.7344444444444445,76.11252064608561,1.5222504129217123,66.0,16.0,48.0,23491.0,6060.0
scifact_bm25,11,8,random,200,0.6061398767848605,0.7344444444444445,76.11252064608561,0.38056260323042806,216.0,16.0,48.0,23491.0,6060.0
scifact_bm25,11,16,random,1,0.6061398767848605,0.7344444444444445,76.11252064608561,76.11252064608561,36.0,16.0,48.0,23491.0,6060.0
scifact_bm25,11,16,random,10,0.6061398767848605,0.7344444444444445,76.11252064608561,7.6112520646085615,45.0,16.0,48.0,23491.0,6060.0
scifact_bm25,11,16,random,50,0.6061398767848605,0.7344444444444445,76.11252064608561,1.5222504129217123,85.0,16.0,48.0,23491.0,6060.0
scifact_bm25,11,16,random,200,0.6061398767848605,0.7344444444444445,76.11252064608561,0.38056260323042806,235.0,16.0,48.0,23491.0,6060.0
scifact_bm25,11,32,random,1,0.6061398767848605,0.7344444444444445,76.11252064608561,76.11252064608561,74.0,16.0,48.0,23491.0,6060.0
scifact_bm25,11,32,random,10,0.6061398767848605,0.7344444444444445,76.11252064608561,7.6112520646085615,83.0,16.0,48.0,23491.0,6060.0
scifact_bm25,11,32,random,50,0.6061398767848605,0.7344444444444445,76.11252064608561,1.5222504129217123,123.0,16.0,48.0,23491.0,6060.0
scifact_bm25,11,32,random,200,0.6061398767848605,0.7344444444444445,76.11252064608561,0.38056260323042806,273.0,16.0,48.0,23491.0,6060.0
scifact_bm25,11,0,fixed,1,0.6061398767848605,0.7344444444444445,0.0,0.0,1.0,0.0,0.0,0.0,0.0
scifact_bm25,11,0,fixed,10,0.6061398767848605,0.7344444444444445,0.0,0.0,10.0,0.0,0.0,0.0,0.0
scifact_bm25,11,0,fixed,50,0.6061398767848605,0.7344444444444445,0.0,0.0,50.0,0.0,0.0,0.0,0.0
scifact_bm25,11,0,fixed,200,0.6061398767848605,0.7344444444444445,0.0,0.0,200.0,0.0,0.0,0.0,0.0
scifact_bm25,11,4,fixed,1,0.6061398767848605,0.7344444444444445,76.11252064608561,76.11252064608561,10.0,16.0,48.0,23491.0,6060.0
scifact_bm25,11,4,fixed,10,0.6061398767848605,0.7344444444444445,76.11252064608561,7.6112520646085615,19.0,16.0,48.0,23491.0,6060.0
scifact_bm25,11,4,fixed,50,0.6061398767848605,0.7344444444444445,76.11252064608561,1.5222504129217123,59.0,16.0,48.0,23491.0,6060.0
scifact_bm25,11,4,fixed,200,0.6061398767848605,0.7344444444444445,76.11252064608561,0.38056260323042806,209.0,16.0,48.0,23491.0,6060.0
scifact_bm25,11,8,fixed,1,0.6061398767848605,0.7344444444444445,76.11252064608561,76.11252064608561,19.0,16.0,48.0,23491.0,6060.0
scifact_bm25,11,8,fixed,10,0.6061398767848605,0.7344444444444445,76.11252064608561,7.6112520646085615,28.0,16.0,48.0,23491.0,6060.0
scifact_bm25,11,8,fixed,50,0.6061398767848605,0.7344444444444445,76.11252064608561,1.5222504129217123,68.0,16.0,48.0,23491.0,6060.0
scifact_bm25,11,8,fixed,200,0.6061398767848605,0.7344444444444445,76.11252064608561,0.38056260323042806,218.0,16.0,48.0,23491.0,6060.0
scifact_bm25,11,16,fixed,1,0.6061398767848605,0.7344444444444445,76.11252064608561,76.11252064608561,37.0,16.0,48.0,23491.0,6060.0
scifact_bm25,11,16,fixed,10,0.6061398767848605,0.7344444444444445,76.11252064608561,7.6112520646085615,46.0,16.0,48.0,23491.0,6060.0
scifact_bm25,11,16,fixed,50,0.6061398767848605,0.7344444444444445,76.11252064608561,1.5222504129217123,86.0,16.0,48.0,23491.0,6060.0
scifact_bm25,11,16,fixed,200,0.6061398767848605,0.7344444444444445,76.11252064608561,0.38056260323042806,236.0,16.0,48.0,23491.0,6060.0
scifact_bm25,11,32,fixed,1,0.6061398767848605,0.7344444444444445,76.11252064608561,76.11252064608561,73.0,16.0,48.0,23491.0,6060.0
scifact_bm25,11,32,fixed,10,0.6061398767848605,0.7344444444444445,76.11252064608561,7.6112520646085615,82.0,16.0,48.0,23491.0,6060.0
scifact_bm25,11,32,fixed,50,0.6061398767848605,0.7344444444444445,76.11252064608561,1.5222504129217123,122.0,16.0,48.0,23491.0,6060.0
scifact_bm25,11,32,fixed,200,0.6061398767848605,0.7344444444444445,76.11252064608561,0.38056260323042806,272.0,16.0,48.0,23491.0,6060.0
scifact_bm25,11,0,information_gain,1,0.6061398767848605,0.7344444444444445,0.0,0.0,1.0,0.0,0.0,0.0,0.0
scifact_bm25,11,0,information_gain,10,0.6061398767848605,0.7344444444444445,0.0,0.0,10.0,0.0,0.0,0.0,0.0
scifact_bm25,11,0,information_gain,50,0.6061398767848605,0.7344444444444445,0.0,0.0,50.0,0.0,0.0,0.0,0.0
scifact_bm25,11,0,information_gain,200,0.6061398767848605,0.7344444444444445,0.0,0.0,200.0,0.0,0.0,0.0,0.0
scifact_bm25,11,4,information_gain,1,0.6061398767848605,0.7344444444444445,76.11252064608561,76.11252064608561,9.0,16.0,48.0,23491.0,6060.0
scifact_bm25,11,4,information_gain,10,0.6061398767848605,0.7344444444444445,76.11252064608561,7.6112520646085615,18.0,16.0,48.0,23491.0,6060.0
scifact_bm25,11,4,information_gain,50,0.6061398767848605,0.7344444444444445,76.11252064608561,1.5222504129217123,58.0,16.0,48.0,23491.0,6060.0
scifact_bm25,11,4,information_gain,200,0.6061398767848605,0.7344444444444445,76.11252064608561,0.38056260323042806,208.0,16.0,48.0,23491.0,6060.0
scifact_bm25,11,8,information_gain,1,0.6061398767848605,0.7344444444444445,76.11252064608561,76.11252064608561,17.0,16.0,48.0,23491.0,6060.0
scifact_bm25,11,8,information_gain,10,0.6061398767848605,0.7344444444444445,76.11252064608561,7.6112520646085615,26.0,16.0,48.0,23491.0,6060.0
scifact_bm25,11,8,information_gain,50,0.6061398767848605,0.7344444444444445,76.11252064608561,1.5222504129217123,66.0,16.0,48.0,23491.0,6060.0
scifact_bm25,11,8,information_gain,200,0.6061398767848605,0.7344444444444445,76.11252064608561,0.38056260323042806,216.0,16.0,48.0,23491.0,6060.0
scifact_bm25,11,16,information_gain,1,0.6061398767848605,0.7344444444444445,76.11252064608561,76.11252064608561,33.0,16.0,48.0,23491.0,6060.0
scifact_bm25,11,16,information_gain,10,0.6061398767848605,0.7344444444444445,76.11252064608561,7.6112520646085615,42.0,16.0,48.0,23491.0,6060.0
scifact_bm25,11,16,information_gain,50,0.6061398767848605,0.7344444444444445,76.11252064608561,1.5222504129217123,82.0,16.0,48.0,23491.0,6060.0
scifact_bm25,11,16,information_gain,200,0.6061398767848605,0.7344444444444445,76.11252064608561,0.38056260323042806,232.0,16.0,48.0,23491.0,6060.0
scifact_bm25,11,32,information_gain,1,0.6061398767848605,0.7344444444444445,76.11252064608561,76.11252064608561,65.0,16.0,48.0,23491.0,6060.0
scifact_bm25,11,32,information_gain,10,0.6061398767848605,0.7344444444444445,76.11252064608561,7.6112520646085615,74.0,16.0,48.0,23491.0,6060.0
scifact_bm25,11,32,information_gain,50,0.6061398767848605,0.7344444444444445,76.11252064608561,1.5222504129217123,114.0,16.0,48.0,23491.0,6060.0
scifact_bm25,11,32,information_gain,200,0.6061398767848605,0.7344444444444445,76.11252064608561,0.38056260323042806,264.0,16.0,48.0,23491.0,6060.0
scifact_bm25,11,0,learned_value,1,0.6061398767848605,0.7344444444444445,0.0,0.0,1.0,0.0,0.0,0.0,0.0
scifact_bm25,11,0,learned_value,10,0.6061398767848605,0.7344444444444445,0.0,0.0,10.0,0.0,0.0,0.0,0.0
scifact_bm25,11,0,learned_value,50,0.6061398767848605,0.7344444444444445,0.0,0.0,50.0,0.0,0.0,0.0,0.0
scifact_bm25,11,0,learned_value,200,0.6061398767848605,0.7344444444444445,0.0,0.0,200.0,0.0,0.0,0.0,0.0
scifact_bm25,11,4,learned_value,1,0.6061398767848605,0.7344444444444445,76.11252064608561,76.11252064608561,9.0,16.0,48.0,23491.0,6060.0
scifact_bm25,11,4,learned_value,10,0.6061398767848605,0.7344444444444445,76.11252064608561,7.6112520646085615,18.0,16.0,48.0,23491.0,6060.0
scifact_bm25,11,4,learned_value,50,0.6061398767848605,0.7344444444444445,76.11252064608561,1.5222504129217123,58.0,16.0,48.0,23491.0,6060.0
scifact_bm25,11,4,learned_value,200,0.6061398767848605,0.7344444444444445,76.11252064608561,0.38056260323042806,208.0,16.0,48.0,23491.0,6060.0
scifact_bm25,11,8,learned_value,1,0.6061398767848605,0.7344444444444445,76.11252064608561,76.11252064608561,17.0,16.0,48.0,23491.0,6060.0
scifact_bm25,11,8,learned_value,10,0.6061398767848605,0.7344444444444445,76.11252064608561,7.6112520646085615,26.0,16.0,48.0,23491.0,6060.0
scifact_bm25,11,8,learned_value,50,0.6061398767848605,0.7344444444444445,76.11252064608561,1.5222504129217123,66.0,16.0,48.0,23491.0,6060.0
scifact_bm25,11,8,learned_value,200,0.6061398767848605,0.7344444444444445,76.11252064608561,0.38056260323042806,216.0,16.0,48.0,23491.0,6060.0
scifact_bm25,11,16,learned_value,1,0.6061398767848605,0.7344444444444445,76.11252064608561,76.11252064608561,36.0,16.0,48.0,23491.0,6060.0
scifact_bm25,11,16,learned_value,10,0.6061398767848605,0.7344444444444445,76.11252064608561,7.6112520646085615,45.0,16.0,48.0,23491.0,6060.0
scifact_bm25,11,16,learned_value,50,0.6061398767848605,0.7344444444444445,76.11252064608561,1.5222504129217123,85.0,16.0,48.0,23491.0,6060.0
scifact_bm25,11,16,learned_value,200,0.6061398767848605,0.7344444444444445,76.11252064608561,0.38056260323042806,235.0,16.0,48.0,23491.0,6060.0
scifact_bm25,11,32,learned_value,1,0.6061398767848605,0.7344444444444445,76.11252064608561,76.11252064608561,74.0,16.0,48.0,23491.0,6060.0
scifact_bm25,11,32,learned_value,10,0.6061398767848605,0.7344444444444445,76.11252064608561,7.6112520646085615,83.0,16.0,48.0,23491.0,6060.0
scifact_bm25,11,32,learned_value,50,0.6061398767848605,0.7344444444444445,76.11252064608561,1.5222504129217123,123.0,16.0,48.0,23491.0,6060.0
scifact_bm25,11,32,learned_value,200,0.6061398767848605,0.7344444444444445,76.11252064608561,0.38056260323042806,273.0,16.0,48.0,23491.0,6060.0
scifact_bm25,23,0,source_router,1,0.6061398767848605,0.7344444444444445,0.0,0.0,1.0,0.0,0.0,0.0,0.0
scifact_bm25,23,0,source_router,10,0.6061398767848605,0.7344444444444445,0.0,0.0,10.0,0.0,0.0,0.0,0.0
scifact_bm25,23,0,source_router,50,0.6061398767848605,0.7344444444444445,0.0,0.0,50.0,0.0,0.0,0.0,0.0
scifact_bm25,23,0,source_router,200,0.6061398767848605,0.7344444444444445,0.0,0.0,200.0,0.0,0.0,0.0,0.0
scifact_bm25,23,4,source_router,1,0.6061398767848605,0.7344444444444445,0.0,0.0,1.0,0.0,0.0,0.0,0.0
scifact_bm25,23,4,source_router,10,0.6061398767848605,0.7344444444444445,0.0,0.0,10.0,0.0,0.0,0.0,0.0
scifact_bm25,23,4,source_router,50,0.6061398767848605,0.7344444444444445,0.0,0.0,50.0,0.0,0.0,0.0,0.0
scifact_bm25,23,4,source_router,200,0.6061398767848605,0.7344444444444445,0.0,0.0,200.0,0.0,0.0,0.0,0.0
scifact_bm25,23,8,source_router,1,0.6061398767848605,0.7344444444444445,0.0,0.0,1.0,0.0,0.0,0.0,0.0
scifact_bm25,23,8,source_router,10,0.6061398767848605,0.7344444444444445,0.0,0.0,10.0,0.0,0.0,0.0,0.0
scifact_bm25,23,8,source_router,50,0.6061398767848605,0.7344444444444445,0.0,0.0,50.0,0.0,0.0,0.0,0.0
scifact_bm25,23,8,source_router,200,0.6061398767848605,0.7344444444444445,0.0,0.0,200.0,0.0,0.0,0.0,0.0
scifact_bm25,23,16,source_router,1,0.6061398767848605,0.7344444444444445,0.0,0.0,1.0,0.0,0.0,0.0,0.0
scifact_bm25,23,16,source_router,10,0.6061398767848605,0.7344444444444445,0.0,0.0,10.0,0.0,0.0,0.0,0.0
scifact_bm25,23,16,source_router,50,0.6061398767848605,0.7344444444444445,0.0,0.0,50.0,0.0,0.0,0.0,0.0
scifact_bm25,23,16,source_router,200,0.6061398767848605,0.7344444444444445,0.0,0.0,200.0,0.0,0.0,0.0,0.0
scifact_bm25,23,32,source_router,1,0.6061398767848605,0.7344444444444445,0.0,0.0,1.0,0.0,0.0,0.0,0.0
scifact_bm25,23,32,source_router,10,0.6061398767848605,0.7344444444444445,0.0,0.0,10.0,0.0,0.0,0.0,0.0
scifact_bm25,23,32,source_router,50,0.6061398767848605,0.7344444444444445,0.0,0.0,50.0,0.0,0.0,0.0,0.0
scifact_bm25,23,32,source_router,200,0.6061398767848605,0.7344444444444445,0.0,0.0,200.0,0.0,0.0,0.0,0.0
scifact_bm25,23,0,random,1,0.6061398767848605,0.7344444444444445,0.0,0.0,1.0,0.0,0.0,0.0,0.0
scifact_bm25,23,0,random,10,0.6061398767848605,0.7344444444444445,0.0,0.0,10.0,0.0,0.0,0.0,0.0
scifact_bm25,23,0,random,50,0.6061398767848605,0.7344444444444445,0.0,0.0,50.0,0.0,0.0,0.0,0.0
scifact_bm25,23,0,random,200,0.6061398767848605,0.7344444444444445,0.0,0.0,200.0,0.0,0.0,0.0,0.0
scifact_bm25,23,4,random,1,0.6061398767848605,0.7344444444444445,77.63634411997919,77.63634411997919,9.0,16.0,48.0,22440.0,5872.0
scifact_bm25,23,4,random,10,0.6061398767848605,0.7344444444444445,77.63634411997919,7.763634411997918,18.0,16.0,48.0,22440.0,5872.0
scifact_bm25,23,4,random,50,0.6061398767848605,0.7344444444444445,77.63634411997919,1.5527268823995837,58.0,16.0,48.0,22440.0,5872.0
scifact_bm25,23,4,random,200,0.6061398767848605,0.7344444444444445,77.63634411997919,0.3881817205998959,208.0,16.0,48.0,22440.0,5872.0
scifact_bm25,23,8,random,1,0.6061398767848605,0.7344444444444445,77.63634411997919,77.63634411997919,18.0,16.0,48.0,22440.0,5872.0
scifact_bm25,23,8,random,10,0.6061398767848605,0.7344444444444445,77.63634411997919,7.763634411997918,27.0,16.0,48.0,22440.0,5872.0
scifact_bm25,23,8,random,50,0.6061398767848605,0.7344444444444445,77.63634411997919,1.5527268823995837,67.0,16.0,48.0,22440.0,5872.0
scifact_bm25,23,8,random,200,0.6061398767848605,0.7344444444444445,77.63634411997919,0.3881817205998959,217.0,16.0,48.0,22440.0,5872.0
scifact_bm25,23,16,random,1,0.6061398767848605,0.7344444444444445,77.63634411997919,77.63634411997919,35.0,16.0,48.0,22440.0,5872.0
scifact_bm25,23,16,random,10,0.6061398767848605,0.7344444444444445,77.63634411997919,7.763634411997918,44.0,16.0,48.0,22440.0,5872.0
scifact_bm25,23,16,random,50,0.6061398767848605,0.7344444444444445,77.63634411997919,1.5527268823995837,84.0,16.0,48.0,22440.0,5872.0
scifact_bm25,23,16,random,200,0.6061398767848605,0.7344444444444445,77.63634411997919,0.3881817205998959,234.0,16.0,48.0,22440.0,5872.0
scifact_bm25,23,32,random,1,0.6061398767848605,0.7344444444444445,77.63634411997919,77.63634411997919,72.0,16.0,48.0,22440.0,5872.0
scifact_bm25,23,32,random,10,0.6061398767848605,0.7344444444444445,77.63634411997919,7.763634411997918,81.0,16.0,48.0,22440.0,5872.0
scifact_bm25,23,32,random,50,0.6061398767848605,0.7344444444444445,77.63634411997919,1.5527268823995837,121.0,16.0,48.0,22440.0,5872.0
scifact_bm25,23,32,random,200,0.6061398767848605,0.7344444444444445,77.63634411997919,0.3881817205998959,271.0,16.0,48.0,22440.0,5872.0
scifact_bm25,23,0,fixed,1,0.6061398767848605,0.7344444444444445,0.0,0.0,1.0,0.0,0.0,0.0,0.0
scifact_bm25,23,0,fixed,10,0.6061398767848605,0.7344444444444445,0.0,0.0,10.0,0.0,0.0,0.0,0.0
scifact_bm25,23,0,fixed,50,0.6061398767848605,0.7344444444444445,0.0,0.0,50.0,0.0,0.0,0.0,0.0
scifact_bm25,23,0,fixed,200,0.6061398767848605,0.7344444444444445,0.0,0.0,200.0,0.0,0.0,0.0,0.0
scifact_bm25,23,4,fixed,1,0.6061398767848605,0.7344444444444445,77.63634411997919,77.63634411997919,10.0,16.0,48.0,22440.0,5872.0
scifact_bm25,23,4,fixed,10,0.6061398767848605,0.7344444444444445,77.63634411997919,7.763634411997918,19.0,16.0,48.0,22440.0,5872.0
scifact_bm25,23,4,fixed,50,0.6061398767848605,0.7344444444444445,77.63634411997919,1.5527268823995837,59.0,16.0,48.0,22440.0,5872.0
scifact_bm25,23,4,fixed,200,0.6061398767848605,0.7344444444444445,77.63634411997919,0.3881817205998959,209.0,16.0,48.0,22440.0,5872.0
scifact_bm25,23,8,fixed,1,0.6061398767848605,0.7344444444444445,77.63634411997919,77.63634411997919,19.0,16.0,48.0,22440.0,5872.0
scifact_bm25,23,8,fixed,10,0.6061398767848605,0.7344444444444445,77.63634411997919,7.763634411997918,28.0,16.0,48.0,22440.0,5872.0
scifact_bm25,23,8,fixed,50,0.6061398767848605,0.7344444444444445,77.63634411997919,1.5527268823995837,68.0,16.0,48.0,22440.0,5872.0
scifact_bm25,23,8,fixed,200,0.6061398767848605,0.7344444444444445,77.63634411997919,0.3881817205998959,218.0,16.0,48.0,22440.0,5872.0
scifact_bm25,23,16,fixed,1,0.6061398767848605,0.7344444444444445,77.63634411997919,77.63634411997919,37.0,16.0,48.0,22440.0,5872.0
scifact_bm25,23,16,fixed,10,0.6061398767848605,0.7344444444444445,77.63634411997919,7.763634411997918,46.0,16.0,48.0,22440.0,5872.0
scifact_bm25,23,16,fixed,50,0.6061398767848605,0.7344444444444445,77.63634411997919,1.5527268823995837,86.0,16.0,48.0,22440.0,5872.0
scifact_bm25,23,16,fixed,200,0.6061398767848605,0.7344444444444445,77.63634411997919,0.3881817205998959,236.0,16.0,48.0,22440.0,5872.0
scifact_bm25,23,32,fixed,1,0.6061398767848605,0.7344444444444445,77.63634411997919,77.63634411997919,73.0,16.0,48.0,22440.0,5872.0
scifact_bm25,23,32,fixed,10,0.6061398767848605,0.7344444444444445,77.63634411997919,7.763634411997918,82.0,16.0,48.0,22440.0,5872.0
scifact_bm25,23,32,fixed,50,0.6061398767848605,0.7344444444444445,77.63634411997919,1.5527268823995837,122.0,16.0,48.0,22440.0,5872.0
scifact_bm25,23,32,fixed,200,0.6061398767848605,0.7344444444444445,77.63634411997919,0.3881817205998959,272.0,16.0,48.0,22440.0,5872.0
scifact_bm25,23,0,information_gain,1,0.6061398767848605,0.7344444444444445,0.0,0.0,1.0,0.0,0.0,0.0,0.0
scifact_bm25,23,0,information_gain,10,0.6061398767848605,0.7344444444444445,0.0,0.0,10.0,0.0,0.0,0.0,0.0
scifact_bm25,23,0,information_gain,50,0.6061398767848605,0.7344444444444445,0.0,0.0,50.0,0.0,0.0,0.0,0.0
scifact_bm25,23,0,information_gain,200,0.6061398767848605,0.7344444444444445,0.0,0.0,200.0,0.0,0.0,0.0,0.0
scifact_bm25,23,4,information_gain,1,0.6061398767848605,0.7344444444444445,77.63634411997919,77.63634411997919,9.0,16.0,48.0,22440.0,5872.0
scifact_bm25,23,4,information_gain,10,0.6061398767848605,0.7344444444444445,77.63634411997919,7.763634411997918,18.0,16.0,48.0,22440.0,5872.0
scifact_bm25,23,4,information_gain,50,0.6061398767848605,0.7344444444444445,77.63634411997919,1.5527268823995837,58.0,16.0,48.0,22440.0,5872.0
scifact_bm25,23,4,information_gain,200,0.6061398767848605,0.7344444444444445,77.63634411997919,0.3881817205998959,208.0,16.0,48.0,22440.0,5872.0
scifact_bm25,23,8,information_gain,1,0.6061398767848605,0.7344444444444445,77.63634411997919,77.63634411997919,17.0,16.0,48.0,22440.0,5872.0
scifact_bm25,23,8,information_gain,10,0.6061398767848605,0.7344444444444445,77.63634411997919,7.763634411997918,26.0,16.0,48.0,22440.0,5872.0
scifact_bm25,23,8,information_gain,50,0.6061398767848605,0.7344444444444445,77.63634411997919,1.5527268823995837,66.0,16.0,48.0,22440.0,5872.0
scifact_bm25,23,8,information_gain,200,0.6061398767848605,0.7344444444444445,77.63634411997919,0.3881817205998959,216.0,16.0,48.0,22440.0,5872.0
scifact_bm25,23,16,information_gain,1,0.6061398767848605,0.7344444444444445,77.63634411997919,77.63634411997919,33.0,16.0,48.0,22440.0,5872.0
scifact_bm25,23,16,information_gain,10,0.6061398767848605,0.7344444444444445,77.63634411997919,7.763634411997918,42.0,16.0,48.0,22440.0,5872.0
scifact_bm25,23,16,information_gain,50,0.6061398767848605,0.7344444444444445,77.63634411997919,1.5527268823995837,82.0,16.0,48.0,22440.0,5872.0
scifact_bm25,23,16,information_gain,200,0.6061398767848605,0.7344444444444445,77.63634411997919,0.3881817205998959,232.0,16.0,48.0,22440.0,5872.0
scifact_bm25,23,32,information_gain,1,0.6061398767848605,0.7344444444444445,77.63634411997919,77.63634411997919,65.0,16.0,48.0,22440.0,5872.0
scifact_bm25,23,32,information_gain,10,0.6061398767848605,0.7344444444444445,77.63634411997919,7.763634411997918,74.0,16.0,48.0,22440.0,5872.0
scifact_bm25,23,32,information_gain,50,0.6061398767848605,0.7344444444444445,77.63634411997919,1.5527268823995837,114.0,16.0,48.0,22440.0,5872.0
scifact_bm25,23,32,information_gain,200,0.6061398767848605,0.7344444444444445,77.63634411997919,0.3881817205998959,264.0,16.0,48.0,22440.0,5872.0
scifact_bm25,23,0,learned_value,1,0.6061398767848605,0.7344444444444445,0.0,0.0,1.0,0.0,0.0,0.0,0.0
scifact_bm25,23,0,learned_value,10,0.6061398767848605,0.7344444444444445,0.0,0.0,10.0,0.0,0.0,0.0,0.0
scifact_bm25,23,0,learned_value,50,0.6061398767848605,0.7344444444444445,0.0,0.0,50.0,0.0,0.0,0.0,0.0
scifact_bm25,23,0,learned_value,200,0.6061398767848605,0.7344444444444445,0.0,0.0,200.0,0.0,0.0,0.0,0.0
scifact_bm25,23,4,learned_value,1,0.6061398767848605,0.7344444444444445,77.63634411997919,77.63634411997919,9.0,16.0,48.0,22440.0,5872.0
scifact_bm25,23,4,learned_value,10,0.6061398767848605,0.7344444444444445,77.63634411997919,7.763634411997918,18.0,16.0,48.0,22440.0,5872.0
scifact_bm25,23,4,learned_value,50,0.6061398767848605,0.7344444444444445,77.63634411997919,1.5527268823995837,58.0,16.0,48.0,22440.0,5872.0
scifact_bm25,23,4,learned_value,200,0.6061398767848605,0.7344444444444445,77.63634411997919,0.3881817205998959,208.0,16.0,48.0,22440.0,5872.0
scifact_bm25,23,8,learned_value,1,0.6061398767848605,0.7344444444444445,77.63634411997919,77.63634411997919,18.0,16.0,48.0,22440.0,5872.0
scifact_bm25,23,8,learned_value,10,0.6061398767848605,0.7344444444444445,77.63634411997919,7.763634411997918,27.0,16.0,48.0,22440.0,5872.0
scifact_bm25,23,8,learned_value,50,0.6061398767848605,0.7344444444444445,77.63634411997919,1.5527268823995837,67.0,16.0,48.0,22440.0,5872.0
scifact_bm25,23,8,learned_value,200,0.6061398767848605,0.7344444444444445,77.63634411997919,0.3881817205998959,217.0,16.0,48.0,22440.0,5872.0
scifact_bm25,23,16,learned_value,1,0.6061398767848605,0.7344444444444445,77.63634411997919,77.63634411997919,35.0,16.0,48.0,22440.0,5872.0
scifact_bm25,23,16,learned_value,10,0.6061398767848605,0.7344444444444445,77.63634411997919,7.763634411997918,44.0,16.0,48.0,22440.0,5872.0
scifact_bm25,23,16,learned_value,50,0.6061398767848605,0.7344444444444445,77.63634411997919,1.5527268823995837,84.0,16.0,48.0,22440.0,5872.0
scifact_bm25,23,16,learned_value,200,0.6061398767848605,0.7344444444444445,77.63634411997919,0.3881817205998959,234.0,16.0,48.0,22440.0,5872.0
scifact_bm25,23,32,learned_value,1,0.6061398767848605,0.7344444444444445,77.63634411997919,77.63634411997919,72.0,16.0,48.0,22440.0,5872.0
scifact_bm25,23,32,learned_value,10,0.6061398767848605,0.7344444444444445,77.63634411997919,7.763634411997918,81.0,16.0,48.0,22440.0,5872.0
scifact_bm25,23,32,learned_value,50,0.6061398767848605,0.7344444444444445,77.63634411997919,1.5527268823995837,121.0,16.0,48.0,22440.0,5872.0
scifact_bm25,23,32,learned_value,200,0.6061398767848605,0.7344444444444445,77.63634411997919,0.3881817205998959,271.0,16.0,48.0,22440.0,5872.0
scifact_bm25,47,0,source_router,1,0.6061398767848605,0.7344444444444445,0.0,0.0,1.0,0.0,0.0,0.0,0.0
scifact_bm25,47,0,source_router,10,0.6061398767848605,0.7344444444444445,0.0,0.0,10.0,0.0,0.0,0.0,0.0
scifact_bm25,47,0,source_router,50,0.6061398767848605,0.7344444444444445,0.0,0.0,50.0,0.0,0.0,0.0,0.0
scifact_bm25,47,0,source_router,200,0.6061398767848605,0.7344444444444445,0.0,0.0,200.0,0.0,0.0,0.0,0.0
scifact_bm25,47,4,source_router,1,0.6061398767848605,0.7344444444444445,0.0,0.0,1.0,0.0,0.0,0.0,0.0
scifact_bm25,47,4,source_router,10,0.6061398767848605,0.7344444444444445,0.0,0.0,10.0,0.0,0.0,0.0,0.0
scifact_bm25,47,4,source_router,50,0.6061398767848605,0.7344444444444445,0.0,0.0,50.0,0.0,0.0,0.0,0.0
scifact_bm25,47,4,source_router,200,0.6061398767848605,0.7344444444444445,0.0,0.0,200.0,0.0,0.0,0.0,0.0
scifact_bm25,47,8,source_router,1,0.6061398767848605,0.7344444444444445,0.0,0.0,1.0,0.0,0.0,0.0,0.0
scifact_bm25,47,8,source_router,10,0.6061398767848605,0.7344444444444445,0.0,0.0,10.0,0.0,0.0,0.0,0.0
scifact_bm25,47,8,source_router,50,0.6061398767848605,0.7344444444444445,0.0,0.0,50.0,0.0,0.0,0.0,0.0
scifact_bm25,47,8,source_router,200,0.6061398767848605,0.7344444444444445,0.0,0.0,200.0,0.0,0.0,0.0,0.0
scifact_bm25,47,16,source_router,1,0.6061398767848605,0.7344444444444445,0.0,0.0,1.0,0.0,0.0,0.0,0.0
scifact_bm25,47,16,source_router,10,0.6061398767848605,0.7344444444444445,0.0,0.0,10.0,0.0,0.0,0.0,0.0
scifact_bm25,47,16,source_router,50,0.6061398767848605,0.7344444444444445,0.0,0.0,50.0,0.0,0.0,0.0,0.0
scifact_bm25,47,16,source_router,200,0.6061398767848605,0.7344444444444445,0.0,0.0,200.0,0.0,0.0,0.0,0.0
scifact_bm25,47,32,source_router,1,0.6061398767848605,0.7344444444444445,0.0,0.0,1.0,0.0,0.0,0.0,0.0
scifact_bm25,47,32,source_router,10,0.6061398767848605,0.7344444444444445,0.0,0.0,10.0,0.0,0.0,0.0,0.0
scifact_bm25,47,32,source_router,50,0.6061398767848605,0.7344444444444445,0.0,0.0,50.0,0.0,0.0,0.0,0.0
scifact_bm25,47,32,source_router,200,0.6061398767848605,0.7344444444444445,0.0,0.0,200.0,0.0,0.0,0.0,0.0
scifact_bm25,47,0,random,1,0.6061398767848605,0.7344444444444445,0.0,0.0,1.0,0.0,0.0,0.0,0.0
scifact_bm25,47,0,random,10,0.6061398767848605,0.7344444444444445,0.0,0.0,10.0,0.0,0.0,0.0,0.0
scifact_bm25,47,0,random,50,0.6061398767848605,0.7344444444444445,0.0,0.0,50.0,0.0,0.0,0.0,0.0
scifact_bm25,47,0,random,200,0.6061398767848605,0.7344444444444445,0.0,0.0,200.0,0.0,0.0,0.0,0.0
scifact_bm25,47,4,random,1,0.6061398767848605,0.7344444444444445,75.94030985984136,75.94030985984136,11.0,16.0,48.0,22603.0,5912.0
scifact_bm25,47,4,random,10,0.6061398767848605,0.7344444444444445,75.94030985984136,7.594030985984136,20.0,16.0,48.0,22603.0,5912.0
scifact_bm25,47,4,random,50,0.6061398767848605,0.7344444444444445,75.94030985984136,1.5188061971968272,60.0,16.0,48.0,22603.0,5912.0
scifact_bm25,47,4,random,200,0.6061398767848605,0.7344444444444445,75.94030985984136,0.3797015492992068,210.0,16.0,48.0,22603.0,5912.0
scifact_bm25,47,8,random,1,0.6061398767848605,0.7344444444444445,75.94030985984136,75.94030985984136,19.0,16.0,48.0,22603.0,5912.0
scifact_bm25,47,8,random,10,0.6061398767848605,0.7344444444444445,75.94030985984136,7.594030985984136,28.0,16.0,48.0,22603.0,5912.0
scifact_bm25,47,8,random,50,0.6061398767848605,0.7344444444444445,75.94030985984136,1.5188061971968272,68.0,16.0,48.0,22603.0,5912.0
scifact_bm25,47,8,random,200,0.6061398767848605,0.7344444444444445,75.94030985984136,0.3797015492992068,218.0,16.0,48.0,22603.0,5912.0
scifact_bm25,47,16,random,1,0.6061398767848605,0.7344444444444445,75.94030985984136,75.94030985984136,36.0,16.0,48.0,22603.0,5912.0
scifact_bm25,47,16,random,10,0.6061398767848605,0.7344444444444445,75.94030985984136,7.594030985984136,45.0,16.0,48.0,22603.0,5912.0
scifact_bm25,47,16,random,50,0.6061398767848605,0.7344444444444445,75.94030985984136,1.5188061971968272,85.0,16.0,48.0,22603.0,5912.0
scifact_bm25,47,16,random,200,0.6061398767848605,0.7344444444444445,75.94030985984136,0.3797015492992068,235.0,16.0,48.0,22603.0,5912.0
scifact_bm25,47,32,random,1,0.6061398767848605,0.7344444444444445,75.94030985984136,75.94030985984136,72.0,16.0,48.0,22603.0,5912.0
scifact_bm25,47,32,random,10,0.6061398767848605,0.7344444444444445,75.94030985984136,7.594030985984136,81.0,16.0,48.0,22603.0,5912.0
scifact_bm25,47,32,random,50,0.6061398767848605,0.7344444444444445,75.94030985984136,1.5188061971968272,121.0,16.0,48.0,22603.0,5912.0
scifact_bm25,47,32,random,200,0.6061398767848605,0.7344444444444445,75.94030985984136,0.3797015492992068,271.0,16.0,48.0,22603.0,5912.0
scifact_bm25,47,0,fixed,1,0.6061398767848605,0.7344444444444445,0.0,0.0,1.0,0.0,0.0,0.0,0.0
scifact_bm25,47,0,fixed,10,0.6061398767848605,0.7344444444444445,0.0,0.0,10.0,0.0,0.0,0.0,0.0
scifact_bm25,47,0,fixed,50,0.6061398767848605,0.7344444444444445,0.0,0.0,50.0,0.0,0.0,0.0,0.0
scifact_bm25,47,0,fixed,200,0.6061398767848605,0.7344444444444445,0.0,0.0,200.0,0.0,0.0,0.0,0.0
scifact_bm25,47,4,fixed,1,0.6061398767848605,0.7344444444444445,75.94030985984136,75.94030985984136,10.0,16.0,48.0,22603.0,5912.0
scifact_bm25,47,4,fixed,10,0.6061398767848605,0.7344444444444445,75.94030985984136,7.594030985984136,19.0,16.0,48.0,22603.0,5912.0
scifact_bm25,47,4,fixed,50,0.6061398767848605,0.7344444444444445,75.94030985984136,1.5188061971968272,59.0,16.0,48.0,22603.0,5912.0
scifact_bm25,47,4,fixed,200,0.6061398767848605,0.7344444444444445,75.94030985984136,0.3797015492992068,209.0,16.0,48.0,22603.0,5912.0
scifact_bm25,47,8,fixed,1,0.6061398767848605,0.7344444444444445,75.94030985984136,75.94030985984136,19.0,16.0,48.0,22603.0,5912.0
scifact_bm25,47,8,fixed,10,0.6061398767848605,0.7344444444444445,75.94030985984136,7.594030985984136,28.0,16.0,48.0,22603.0,5912.0
scifact_bm25,47,8,fixed,50,0.6061398767848605,0.7344444444444445,75.94030985984136,1.5188061971968272,68.0,16.0,48.0,22603.0,5912.0
scifact_bm25,47,8,fixed,200,0.6061398767848605,0.7344444444444445,75.94030985984136,0.3797015492992068,218.0,16.0,48.0,22603.0,5912.0
scifact_bm25,47,16,fixed,1,0.6061398767848605,0.7344444444444445,75.94030985984136,75.94030985984136,37.0,16.0,48.0,22603.0,5912.0
scifact_bm25,47,16,fixed,10,0.6061398767848605,0.7344444444444445,75.94030985984136,7.594030985984136,46.0,16.0,48.0,22603.0,5912.0
scifact_bm25,47,16,fixed,50,0.6061398767848605,0.7344444444444445,75.94030985984136,1.5188061971968272,86.0,16.0,48.0,22603.0,5912.0
scifact_bm25,47,16,fixed,200,0.6061398767848605,0.7344444444444445,75.94030985984136,0.3797015492992068,236.0,16.0,48.0,22603.0,5912.0
scifact_bm25,47,32,fixed,1,0.6061398767848605,0.7344444444444445,75.94030985984136,75.94030985984136,73.0,16.0,48.0,22603.0,5912.0
scifact_bm25,47,32,fixed,10,0.6061398767848605,0.7344444444444445,75.94030985984136,7.594030985984136,82.0,16.0,48.0,22603.0,5912.0
scifact_bm25,47,32,fixed,50,0.6061398767848605,0.7344444444444445,75.94030985984136,1.5188061971968272,122.0,16.0,48.0,22603.0,5912.0
scifact_bm25,47,32,fixed,200,0.6061398767848605,0.7344444444444445,75.94030985984136,0.3797015492992068,272.0,16.0,48.0,22603.0,5912.0
scifact_bm25,47,0,information_gain,1,0.6061398767848605,0.7344444444444445,0.0,0.0,1.0,0.0,0.0,0.0,0.0
scifact_bm25,47,0,information_gain,10,0.6061398767848605,0.7344444444444445,0.0,0.0,10.0,0.0,0.0,0.0,0.0
scifact_bm25,47,0,information_gain,50,0.6061398767848605,0.7344444444444445,0.0,0.0,50.0,0.0,0.0,0.0,0.0
scifact_bm25,47,0,information_gain,200,0.6061398767848605,0.7344444444444445,0.0,0.0,200.0,0.0,0.0,0.0,0.0
scifact_bm25,47,4,information_gain,1,0.6061398767848605,0.7344444444444445,75.94030985984136,75.94030985984136,9.0,16.0,48.0,22603.0,5912.0
scifact_bm25,47,4,information_gain,10,0.6061398767848605,0.7344444444444445,75.94030985984136,7.594030985984136,18.0,16.0,48.0,22603.0,5912.0
scifact_bm25,47,4,information_gain,50,0.6061398767848605,0.7344444444444445,75.94030985984136,1.5188061971968272,58.0,16.0,48.0,22603.0,5912.0
scifact_bm25,47,4,information_gain,200,0.6061398767848605,0.7344444444444445,75.94030985984136,0.3797015492992068,208.0,16.0,48.0,22603.0,5912.0
scifact_bm25,47,8,information_gain,1,0.6061398767848605,0.7344444444444445,75.94030985984136,75.94030985984136,17.0,16.0,48.0,22603.0,5912.0
scifact_bm25,47,8,information_gain,10,0.6061398767848605,0.7344444444444445,75.94030985984136,7.594030985984136,26.0,16.0,48.0,22603.0,5912.0
scifact_bm25,47,8,information_gain,50,0.6061398767848605,0.7344444444444445,75.94030985984136,1.5188061971968272,66.0,16.0,48.0,22603.0,5912.0
scifact_bm25,47,8,information_gain,200,0.6061398767848605,0.7344444444444445,75.94030985984136,0.3797015492992068,216.0,16.0,48.0,22603.0,5912.0
scifact_bm25,47,16,information_gain,1,0.6061398767848605,0.7344444444444445,75.94030985984136,75.94030985984136,33.0,16.0,48.0,22603.0,5912.0
scifact_bm25,47,16,information_gain,10,0.6061398767848605,0.7344444444444445,75.94030985984136,7.594030985984136,42.0,16.0,48.0,22603.0,5912.0
scifact_bm25,47,16,information_gain,50,0.6061398767848605,0.7344444444444445,75.94030985984136,1.5188061971968272,82.0,16.0,48.0,22603.0,5912.0
scifact_bm25,47,16,information_gain,200,0.6061398767848605,0.7344444444444445,75.94030985984136,0.3797015492992068,232.0,16.0,48.0,22603.0,5912.0
scifact_bm25,47,32,information_gain,1,0.6061398767848605,0.7344444444444445,75.94030985984136,75.94030985984136,65.0,16.0,48.0,22603.0,5912.0
scifact_bm25,47,32,information_gain,10,0.6061398767848605,0.7344444444444445,75.94030985984136,7.594030985984136,74.0,16.0,48.0,22603.0,5912.0
scifact_bm25,47,32,information_gain,50,0.6061398767848605,0.7344444444444445,75.94030985984136,1.5188061971968272,114.0,16.0,48.0,22603.0,5912.0
scifact_bm25,47,32,information_gain,200,0.6061398767848605,0.7344444444444445,75.94030985984136,0.3797015492992068,264.0,16.0,48.0,22603.0,5912.0
scifact_bm25,47,0,learned_value,1,0.6061398767848605,0.7344444444444445,0.0,0.0,1.0,0.0,0.0,0.0,0.0
scifact_bm25,47,0,learned_value,10,0.6061398767848605,0.7344444444444445,0.0,0.0,10.0,0.0,0.0,0.0,0.0
scifact_bm25,47,0,learned_value,50,0.6061398767848605,0.7344444444444445,0.0,0.0,50.0,0.0,0.0,0.0,0.0
scifact_bm25,47,0,learned_value,200,0.6061398767848605,0.7344444444444445,0.0,0.0,200.0,0.0,0.0,0.0,0.0
scifact_bm25,47,4,learned_value,1,0.6061398767848605,0.7344444444444445,75.94030985984136,75.94030985984136,11.0,16.0,48.0,22603.0,5912.0
scifact_bm25,47,4,learned_value,10,0.6061398767848605,0.7344444444444445,75.94030985984136,7.594030985984136,20.0,16.0,48.0,22603.0,5912.0
scifact_bm25,47,4,learned_value,50,0.6061398767848605,0.7344444444444445,75.94030985984136,1.5188061971968272,60.0,16.0,48.0,22603.0,5912.0
scifact_bm25,47,4,learned_value,200,0.6061398767848605,0.7344444444444445,75.94030985984136,0.3797015492992068,210.0,16.0,48.0,22603.0,5912.0
scifact_bm25,47,8,learned_value,1,0.6061398767848605,0.7344444444444445,75.94030985984136,75.94030985984136,19.0,16.0,48.0,22603.0,5912.0
scifact_bm25,47,8,learned_value,10,0.6061398767848605,0.7344444444444445,75.94030985984136,7.594030985984136,28.0,16.0,48.0,22603.0,5912.0
scifact_bm25,47,8,learned_value,50,0.6061398767848605,0.7344444444444445,75.94030985984136,1.5188061971968272,68.0,16.0,48.0,22603.0,5912.0
scifact_bm25,47,8,learned_value,200,0.6061398767848605,0.7344444444444445,75.94030985984136,0.3797015492992068,218.0,16.0,48.0,22603.0,5912.0
scifact_bm25,47,16,learned_value,1,0.6061398767848605,0.7344444444444445,75.94030985984136,75.94030985984136,36.0,16.0,48.0,22603.0,5912.0
scifact_bm25,47,16,learned_value,10,0.6061398767848605,0.7344444444444445,75.94030985984136,7.594030985984136,45.0,16.0,48.0,22603.0,5912.0
scifact_bm25,47,16,learned_value,50,0.6061398767848605,0.7344444444444445,75.94030985984136,1.5188061971968272,85.0,16.0,48.0,22603.0,5912.0
scifact_bm25,47,16,learned_value,200,0.6061398767848605,0.7344444444444445,75.94030985984136,0.3797015492992068,235.0,16.0,48.0,22603.0,5912.0
scifact_bm25,47,32,learned_value,1,0.6061398767848605,0.7344444444444445,75.94030985984136,75.94030985984136,72.0,16.0,48.0,22603.0,5912.0
scifact_bm25,47,32,learned_value,10,0.6061398767848605,0.7344444444444445,75.94030985984136,7.594030985984136,81.0,16.0,48.0,22603.0,5912.0
scifact_bm25,47,32,learned_value,50,0.6061398767848605,0.7344444444444445,75.94030985984136,1.5188061971968272,121.0,16.0,48.0,22603.0,5912.0
scifact_bm25,47,32,learned_value,200,0.6061398767848605,0.7344444444444445,75.94030985984136,0.3797015492992068,271.0,16.0,48.0,22603.0,5912.0
scifact_dense,11,0,source_router,1,0.6435738713255216,0.7833333333333333,0.0,0.0,1.0,0.0,0.0,0.0,0.0
scifact_dense,11,0,source_router,10,0.6435738713255216,0.7833333333333333,0.0,0.0,10.0,0.0,0.0,0.0,0.0
scifact_dense,11,0,source_router,50,0.6435738713255216,0.7833333333333333,0.0,0.0,50.0,0.0,0.0,0.0,0.0
scifact_dense,11,0,source_router,200,0.6435738713255216,0.7833333333333333,0.0,0.0,200.0,0.0,0.0,0.0,0.0
scifact_dense,11,4,source_router,1,0.6435738713255216,0.7833333333333333,0.0,0.0,1.0,0.0,0.0,0.0,0.0
scifact_dense,11,4,source_router,10,0.6435738713255216,0.7833333333333333,0.0,0.0,10.0,0.0,0.0,0.0,0.0
scifact_dense,11,4,source_router,50,0.6435738713255216,0.7833333333333333,0.0,0.0,50.0,0.0,0.0,0.0,0.0
scifact_dense,11,4,source_router,200,0.6435738713255216,0.7833333333333333,0.0,0.0,200.0,0.0,0.0,0.0,0.0
scifact_dense,11,8,source_router,1,0.6435738713255216,0.7833333333333333,0.0,0.0,1.0,0.0,0.0,0.0,0.0
scifact_dense,11,8,source_router,10,0.6435738713255216,0.7833333333333333,0.0,0.0,10.0,0.0,0.0,0.0,0.0
scifact_dense,11,8,source_router,50,0.6435738713255216,0.7833333333333333,0.0,0.0,50.0,0.0,0.0,0.0,0.0
scifact_dense,11,8,source_router,200,0.6435738713255216,0.7833333333333333,0.0,0.0,200.0,0.0,0.0,0.0,0.0
scifact_dense,11,16,source_router,1,0.6435738713255216,0.7833333333333333,0.0,0.0,1.0,0.0,0.0,0.0,0.0
scifact_dense,11,16,source_router,10,0.6435738713255216,0.7833333333333333,0.0,0.0,10.0,0.0,0.0,0.0,0.0
scifact_dense,11,16,source_router,50,0.6435738713255216,0.7833333333333333,0.0,0.0,50.0,0.0,0.0,0.0,0.0
scifact_dense,11,16,source_router,200,0.6435738713255216,0.7833333333333333,0.0,0.0,200.0,0.0,0.0,0.0,0.0
scifact_dense,11,32,source_router,1,0.6435738713255216,0.7833333333333333,0.0,0.0,1.0,0.0,0.0,0.0,0.0
scifact_dense,11,32,source_router,10,0.6435738713255216,0.7833333333333333,0.0,0.0,10.0,0.0,0.0,0.0,0.0
scifact_dense,11,32,source_router,50,0.6435738713255216,0.7833333333333333,0.0,0.0,50.0,0.0,0.0,0.0,0.0
scifact_dense,11,32,source_router,200,0.6435738713255216,0.7833333333333333,0.0,0.0,200.0,0.0,0.0,0.0,0.0
scifact_dense,11,0,random,1,0.6435738713255216,0.7833333333333333,0.0,0.0,1.0,0.0,0.0,0.0,0.0
scifact_dense,11,0,random,10,0.6435738713255216,0.7833333333333333,0.0,0.0,10.0,0.0,0.0,0.0,0.0
scifact_dense,11,0,random,50,0.6435738713255216,0.7833333333333333,0.0,0.0,50.0,0.0,0.0,0.0,0.0
scifact_dense,11,0,random,200,0.6435738713255216,0.7833333333333333,0.0,0.0,200.0,0.0,0.0,0.0,0.0
scifact_dense,11,4,random,1,0.6435738713255216,0.7833333333333333,76.11252064608561,76.11252064608561,9.0,16.0,48.0,23491.0,6060.0
scifact_dense,11,4,random,10,0.6435738713255216,0.7833333333333333,76.11252064608561,7.6112520646085615,18.0,16.0,48.0,23491.0,6060.0
scifact_dense,11,4,random,50,0.6435738713255216,0.7833333333333333,76.11252064608561,1.5222504129217123,58.0,16.0,48.0,23491.0,6060.0
scifact_dense,11,4,random,200,0.6435738713255216,0.7833333333333333,76.11252064608561,0.38056260323042806,208.0,16.0,48.0,23491.0,6060.0
scifact_dense,11,8,random,1,0.6435738713255216,0.7833333333333333,76.11252064608561,76.11252064608561,17.0,16.0,48.0,23491.0,6060.0
scifact_dense,11,8,random,10,0.6435738713255216,0.7833333333333333,76.11252064608561,7.6112520646085615,26.0,16.0,48.0,23491.0,6060.0
scifact_dense,11,8,random,50,0.6435738713255216,0.7833333333333333,76.11252064608561,1.5222504129217123,66.0,16.0,48.0,23491.0,6060.0
scifact_dense,11,8,random,200,0.6435738713255216,0.7833333333333333,76.11252064608561,0.38056260323042806,216.0,16.0,48.0,23491.0,6060.0
scifact_dense,11,16,random,1,0.6435738713255216,0.7833333333333333,76.11252064608561,76.11252064608561,36.0,16.0,48.0,23491.0,6060.0
scifact_dense,11,16,random,10,0.6435738713255216,0.7833333333333333,76.11252064608561,7.6112520646085615,45.0,16.0,48.0,23491.0,6060.0
scifact_dense,11,16,random,50,0.6435738713255216,0.7833333333333333,76.11252064608561,1.5222504129217123,85.0,16.0,48.0,23491.0,6060.0
scifact_dense,11,16,random,200,0.6435738713255216,0.7833333333333333,76.11252064608561,0.38056260323042806,235.0,16.0,48.0,23491.0,6060.0
scifact_dense,11,32,random,1,0.6435738713255216,0.7833333333333333,76.11252064608561,76.11252064608561,74.0,16.0,48.0,23491.0,6060.0
scifact_dense,11,32,random,10,0.6435738713255216,0.7833333333333333,76.11252064608561,7.6112520646085615,83.0,16.0,48.0,23491.0,6060.0
scifact_dense,11,32,random,50,0.6435738713255216,0.7833333333333333,76.11252064608561,1.5222504129217123,123.0,16.0,48.0,23491.0,6060.0
scifact_dense,11,32,random,200,0.6435738713255216,0.7833333333333333,76.11252064608561,0.38056260323042806,273.0,16.0,48.0,23491.0,6060.0
scifact_dense,11,0,fixed,1,0.6435738713255216,0.7833333333333333,0.0,0.0,1.0,0.0,0.0,0.0,0.0
scifact_dense,11,0,fixed,10,0.6435738713255216,0.7833333333333333,0.0,0.0,10.0,0.0,0.0,0.0,0.0
scifact_dense,11,0,fixed,50,0.6435738713255216,0.7833333333333333,0.0,0.0,50.0,0.0,0.0,0.0,0.0
scifact_dense,11,0,fixed,200,0.6435738713255216,0.7833333333333333,0.0,0.0,200.0,0.0,0.0,0.0,0.0
scifact_dense,11,4,fixed,1,0.6435738713255216,0.7833333333333333,76.11252064608561,76.11252064608561,10.0,16.0,48.0,23491.0,6060.0
scifact_dense,11,4,fixed,10,0.6435738713255216,0.7833333333333333,76.11252064608561,7.6112520646085615,19.0,16.0,48.0,23491.0,6060.0
scifact_dense,11,4,fixed,50,0.6435738713255216,0.7833333333333333,76.11252064608561,1.5222504129217123,59.0,16.0,48.0,23491.0,6060.0
scifact_dense,11,4,fixed,200,0.6435738713255216,0.7833333333333333,76.11252064608561,0.38056260323042806,209.0,16.0,48.0,23491.0,6060.0
scifact_dense,11,8,fixed,1,0.6435738713255216,0.7833333333333333,76.11252064608561,76.11252064608561,19.0,16.0,48.0,23491.0,6060.0
scifact_dense,11,8,fixed,10,0.6435738713255216,0.7833333333333333,76.11252064608561,7.6112520646085615,28.0,16.0,48.0,23491.0,6060.0
scifact_dense,11,8,fixed,50,0.6435738713255216,0.7833333333333333,76.11252064608561,1.5222504129217123,68.0,16.0,48.0,23491.0,6060.0
scifact_dense,11,8,fixed,200,0.6435738713255216,0.7833333333333333,76.11252064608561,0.38056260323042806,218.0,16.0,48.0,23491.0,6060.0
scifact_dense,11,16,fixed,1,0.6435738713255216,0.7833333333333333,76.11252064608561,76.11252064608561,37.0,16.0,48.0,23491.0,6060.0
scifact_dense,11,16,fixed,10,0.6435738713255216,0.7833333333333333,76.11252064608561,7.6112520646085615,46.0,16.0,48.0,23491.0,6060.0
scifact_dense,11,16,fixed,50,0.6435738713255216,0.7833333333333333,76.11252064608561,1.5222504129217123,86.0,16.0,48.0,23491.0,6060.0
scifact_dense,11,16,fixed,200,0.6435738713255216,0.7833333333333333,76.11252064608561,0.38056260323042806,236.0,16.0,48.0,23491.0,6060.0
scifact_dense,11,32,fixed,1,0.6435738713255216,0.7833333333333333,76.11252064608561,76.11252064608561,73.0,16.0,48.0,23491.0,6060.0
scifact_dense,11,32,fixed,10,0.6435738713255216,0.7833333333333333,76.11252064608561,7.6112520646085615,82.0,16.0,48.0,23491.0,6060.0
scifact_dense,11,32,fixed,50,0.6435738713255216,0.7833333333333333,76.11252064608561,1.5222504129217123,122.0,16.0,48.0,23491.0,6060.0
scifact_dense,11,32,fixed,200,0.6435738713255216,0.7833333333333333,76.11252064608561,0.38056260323042806,272.0,16.0,48.0,23491.0,6060.0
scifact_dense,11,0,information_gain,1,0.6435738713255216,0.7833333333333333,0.0,0.0,1.0,0.0,0.0,0.0,0.0
scifact_dense,11,0,information_gain,10,0.6435738713255216,0.7833333333333333,0.0,0.0,10.0,0.0,0.0,0.0,0.0
scifact_dense,11,0,information_gain,50,0.6435738713255216,0.7833333333333333,0.0,0.0,50.0,0.0,0.0,0.0,0.0
scifact_dense,11,0,information_gain,200,0.6435738713255216,0.7833333333333333,0.0,0.0,200.0,0.0,0.0,0.0,0.0
scifact_dense,11,4,information_gain,1,0.6435738713255216,0.7833333333333333,76.11252064608561,76.11252064608561,9.0,16.0,48.0,23491.0,6060.0
scifact_dense,11,4,information_gain,10,0.6435738713255216,0.7833333333333333,76.11252064608561,7.6112520646085615,18.0,16.0,48.0,23491.0,6060.0
scifact_dense,11,4,information_gain,50,0.6435738713255216,0.7833333333333333,76.11252064608561,1.5222504129217123,58.0,16.0,48.0,23491.0,6060.0
scifact_dense,11,4,information_gain,200,0.6435738713255216,0.7833333333333333,76.11252064608561,0.38056260323042806,208.0,16.0,48.0,23491.0,6060.0
scifact_dense,11,8,information_gain,1,0.6435738713255216,0.7833333333333333,76.11252064608561,76.11252064608561,17.0,16.0,48.0,23491.0,6060.0
scifact_dense,11,8,information_gain,10,0.6435738713255216,0.7833333333333333,76.11252064608561,7.6112520646085615,26.0,16.0,48.0,23491.0,6060.0
scifact_dense,11,8,information_gain,50,0.6435738713255216,0.7833333333333333,76.11252064608561,1.5222504129217123,66.0,16.0,48.0,23491.0,6060.0
scifact_dense,11,8,information_gain,200,0.6435738713255216,0.7833333333333333,76.11252064608561,0.38056260323042806,216.0,16.0,48.0,23491.0,6060.0
scifact_dense,11,16,information_gain,1,0.6435738713255216,0.7833333333333333,76.11252064608561,76.11252064608561,33.0,16.0,48.0,23491.0,6060.0
scifact_dense,11,16,information_gain,10,0.6435738713255216,0.7833333333333333,76.11252064608561,7.6112520646085615,42.0,16.0,48.0,23491.0,6060.0
scifact_dense,11,16,information_gain,50,0.6435738713255216,0.7833333333333333,76.11252064608561,1.5222504129217123,82.0,16.0,48.0,23491.0,6060.0
scifact_dense,11,16,information_gain,200,0.6435738713255216,0.7833333333333333,76.11252064608561,0.38056260323042806,232.0,16.0,48.0,23491.0,6060.0
scifact_dense,11,32,information_gain,1,0.6435738713255216,0.7833333333333333,76.11252064608561,76.11252064608561,65.0,16.0,48.0,23491.0,6060.0
scifact_dense,11,32,information_gain,10,0.6435738713255216,0.7833333333333333,76.11252064608561,7.6112520646085615,74.0,16.0,48.0,23491.0,6060.0
scifact_dense,11,32,information_gain,50,0.6435738713255216,0.7833333333333333,76.11252064608561,1.5222504129217123,114.0,16.0,48.0,23491.0,6060.0
scifact_dense,11,32,information_gain,200,0.6435738713255216,0.7833333333333333,76.11252064608561,0.38056260323042806,264.0,16.0,48.0,23491.0,6060.0
scifact_dense,11,0,learned_value,1,0.6435738713255216,0.7833333333333333,0.0,0.0,1.0,0.0,0.0,0.0,0.0
scifact_dense,11,0,learned_value,10,0.6435738713255216,0.7833333333333333,0.0,0.0,10.0,0.0,0.0,0.0,0.0
scifact_dense,11,0,learned_value,50,0.6435738713255216,0.7833333333333333,0.0,0.0,50.0,0.0,0.0,0.0,0.0
scifact_dense,11,0,learned_value,200,0.6435738713255216,0.7833333333333333,0.0,0.0,200.0,0.0,0.0,0.0,0.0
scifact_dense,11,4,learned_value,1,0.6435738713255216,0.7833333333333333,76.11252064608561,76.11252064608561,9.0,16.0,48.0,23491.0,6060.0
scifact_dense,11,4,learned_value,10,0.6435738713255216,0.7833333333333333,76.11252064608561,7.6112520646085615,18.0,16.0,48.0,23491.0,6060.0
scifact_dense,11,4,learned_value,50,0.6435738713255216,0.7833333333333333,76.11252064608561,1.5222504129217123,58.0,16.0,48.0,23491.0,6060.0
scifact_dense,11,4,learned_value,200,0.6435738713255216,0.7833333333333333,76.11252064608561,0.38056260323042806,208.0,16.0,48.0,23491.0,6060.0
scifact_dense,11,8,learned_value,1,0.6435738713255216,0.7833333333333333,76.11252064608561,76.11252064608561,17.0,16.0,48.0,23491.0,6060.0
scifact_dense,11,8,learned_value,10,0.6435738713255216,0.7833333333333333,76.11252064608561,7.6112520646085615,26.0,16.0,48.0,23491.0,6060.0
scifact_dense,11,8,learned_value,50,0.6435738713255216,0.7833333333333333,76.11252064608561,1.5222504129217123,66.0,16.0,48.0,23491.0,6060.0
scifact_dense,11,8,learned_value,200,0.6435738713255216,0.7833333333333333,76.11252064608561,0.38056260323042806,216.0,16.0,48.0,23491.0,6060.0
scifact_dense,11,16,learned_value,1,0.6435738713255216,0.7833333333333333,76.11252064608561,76.11252064608561,36.0,16.0,48.0,23491.0,6060.0
scifact_dense,11,16,learned_value,10,0.6435738713255216,0.7833333333333333,76.11252064608561,7.6112520646085615,45.0,16.0,48.0,23491.0,6060.0
scifact_dense,11,16,learned_value,50,0.6435738713255216,0.7833333333333333,76.11252064608561,1.5222504129217123,85.0,16.0,48.0,23491.0,6060.0
scifact_dense,11,16,learned_value,200,0.6435738713255216,0.7833333333333333,76.11252064608561,0.38056260323042806,235.0,16.0,48.0,23491.0,6060.0
scifact_dense,11,32,learned_value,1,0.6435738713255216,0.7833333333333333,76.11252064608561,76.11252064608561,74.0,16.0,48.0,23491.0,6060.0
scifact_dense,11,32,learned_value,10,0.6435738713255216,0.7833333333333333,76.11252064608561,7.6112520646085615,83.0,16.0,48.0,23491.0,6060.0
scifact_dense,11,32,learned_value,50,0.6435738713255216,0.7833333333333333,76.11252064608561,1.5222504129217123,123.0,16.0,48.0,23491.0,6060.0
scifact_dense,11,32,learned_value,200,0.6435738713255216,0.7833333333333333,76.11252064608561,0.38056260323042806,273.0,16.0,48.0,23491.0,6060.0
scifact_dense,23,0,source_router,1,0.6435738713255216,0.7833333333333333,0.0,0.0,1.0,0.0,0.0,0.0,0.0
scifact_dense,23,0,source_router,10,0.6435738713255216,0.7833333333333333,0.0,0.0,10.0,0.0,0.0,0.0,0.0
scifact_dense,23,0,source_router,50,0.6435738713255216,0.7833333333333333,0.0,0.0,50.0,0.0,0.0,0.0,0.0
scifact_dense,23,0,source_router,200,0.6435738713255216,0.7833333333333333,0.0,0.0,200.0,0.0,0.0,0.0,0.0
scifact_dense,23,4,source_router,1,0.6435738713255216,0.7833333333333333,0.0,0.0,1.0,0.0,0.0,0.0,0.0
scifact_dense,23,4,source_router,10,0.6435738713255216,0.7833333333333333,0.0,0.0,10.0,0.0,0.0,0.0,0.0
scifact_dense,23,4,source_router,50,0.6435738713255216,0.7833333333333333,0.0,0.0,50.0,0.0,0.0,0.0,0.0
scifact_dense,23,4,source_router,200,0.6435738713255216,0.7833333333333333,0.0,0.0,200.0,0.0,0.0,0.0,0.0
scifact_dense,23,8,source_router,1,0.6435738713255216,0.7833333333333333,0.0,0.0,1.0,0.0,0.0,0.0,0.0
scifact_dense,23,8,source_router,10,0.6435738713255216,0.7833333333333333,0.0,0.0,10.0,0.0,0.0,0.0,0.0
scifact_dense,23,8,source_router,50,0.6435738713255216,0.7833333333333333,0.0,0.0,50.0,0.0,0.0,0.0,0.0
scifact_dense,23,8,source_router,200,0.6435738713255216,0.7833333333333333,0.0,0.0,200.0,0.0,0.0,0.0,0.0
scifact_dense,23,16,source_router,1,0.6435738713255216,0.7833333333333333,0.0,0.0,1.0,0.0,0.0,0.0,0.0
scifact_dense,23,16,source_router,10,0.6435738713255216,0.7833333333333333,0.0,0.0,10.0,0.0,0.0,0.0,0.0
scifact_dense,23,16,source_router,50,0.6435738713255216,0.7833333333333333,0.0,0.0,50.0,0.0,0.0,0.0,0.0
scifact_dense,23,16,source_router,200,0.6435738713255216,0.7833333333333333,0.0,0.0,200.0,0.0,0.0,0.0,0.0
scifact_dense,23,32,source_router,1,0.6435738713255216,0.7833333333333333,0.0,0.0,1.0,0.0,0.0,0.0,0.0
scifact_dense,23,32,source_router,10,0.6435738713255216,0.7833333333333333,0.0,0.0,10.0,0.0,0.0,0.0,0.0
scifact_dense,23,32,source_router,50,0.6435738713255216,0.7833333333333333,0.0,0.0,50.0,0.0,0.0,0.0,0.0
scifact_dense,23,32,source_router,200,0.6435738713255216,0.7833333333333333,0.0,0.0,200.0,0.0,0.0,0.0,0.0
scifact_dense,23,0,random,1,0.6435738713255216,0.7833333333333333,0.0,0.0,1.0,0.0,0.0,0.0,0.0
scifact_dense,23,0,random,10,0.6435738713255216,0.7833333333333333,0.0,0.0,10.0,0.0,0.0,0.0,0.0
scifact_dense,23,0,random,50,0.6435738713255216,0.7833333333333333,0.0,0.0,50.0,0.0,0.0,0.0,0.0
scifact_dense,23,0,random,200,0.6435738713255216,0.7833333333333333,0.0,0.0,200.0,0.0,0.0,0.0,0.0
scifact_dense,23,4,random,1,0.6435738713255216,0.7833333333333333,77.63634411997919,77.63634411997919,9.0,16.0,48.0,22440.0,5872.0
scifact_dense,23,4,random,10,0.6435738713255216,0.7833333333333333,77.63634411997919,7.763634411997918,18.0,16.0,48.0,22440.0,5872.0
scifact_dense,23,4,random,50,0.6435738713255216,0.7833333333333333,77.63634411997919,1.5527268823995837,58.0,16.0,48.0,22440.0,5872.0
scifact_dense,23,4,random,200,0.6435738713255216,0.7833333333333333,77.63634411997919,0.3881817205998959,208.0,16.0,48.0,22440.0,5872.0
scifact_dense,23,8,random,1,0.6435738713255216,0.7833333333333333,77.63634411997919,77.63634411997919,18.0,16.0,48.0,22440.0,5872.0
scifact_dense,23,8,random,10,0.6435738713255216,0.7833333333333333,77.63634411997919,7.763634411997918,27.0,16.0,48.0,22440.0,5872.0
scifact_dense,23,8,random,50,0.6435738713255216,0.7833333333333333,77.63634411997919,1.5527268823995837,67.0,16.0,48.0,22440.0,5872.0
scifact_dense,23,8,random,200,0.6435738713255216,0.7833333333333333,77.63634411997919,0.3881817205998959,217.0,16.0,48.0,22440.0,5872.0
scifact_dense,23,16,random,1,0.6435738713255216,0.7833333333333333,77.63634411997919,77.63634411997919,35.0,16.0,48.0,22440.0,5872.0
scifact_dense,23,16,random,10,0.6435738713255216,0.7833333333333333,77.63634411997919,7.763634411997918,44.0,16.0,48.0,22440.0,5872.0
scifact_dense,23,16,random,50,0.6435738713255216,0.7833333333333333,77.63634411997919,1.5527268823995837,84.0,16.0,48.0,22440.0,5872.0
scifact_dense,23,16,random,200,0.6435738713255216,0.7833333333333333,77.63634411997919,0.3881817205998959,234.0,16.0,48.0,22440.0,5872.0
scifact_dense,23,32,random,1,0.6435738713255216,0.7833333333333333,77.63634411997919,77.63634411997919,72.0,16.0,48.0,22440.0,5872.0
scifact_dense,23,32,random,10,0.6435738713255216,0.7833333333333333,77.63634411997919,7.763634411997918,81.0,16.0,48.0,22440.0,5872.0
scifact_dense,23,32,random,50,0.6435738713255216,0.7833333333333333,77.63634411997919,1.5527268823995837,121.0,16.0,48.0,22440.0,5872.0
scifact_dense,23,32,random,200,0.6435738713255216,0.7833333333333333,77.63634411997919,0.3881817205998959,271.0,16.0,48.0,22440.0,5872.0
scifact_dense,23,0,fixed,1,0.6435738713255216,0.7833333333333333,0.0,0.0,1.0,0.0,0.0,0.0,0.0
scifact_dense,23,0,fixed,10,0.6435738713255216,0.7833333333333333,0.0,0.0,10.0,0.0,0.0,0.0,0.0
scifact_dense,23,0,fixed,50,0.6435738713255216,0.7833333333333333,0.0,0.0,50.0,0.0,0.0,0.0,0.0
scifact_dense,23,0,fixed,200,0.6435738713255216,0.7833333333333333,0.0,0.0,200.0,0.0,0.0,0.0,0.0
scifact_dense,23,4,fixed,1,0.6435738713255216,0.7833333333333333,77.63634411997919,77.63634411997919,10.0,16.0,48.0,22440.0,5872.0
scifact_dense,23,4,fixed,10,0.6435738713255216,0.7833333333333333,77.63634411997919,7.763634411997918,19.0,16.0,48.0,22440.0,5872.0
scifact_dense,23,4,fixed,50,0.6435738713255216,0.7833333333333333,77.63634411997919,1.5527268823995837,59.0,16.0,48.0,22440.0,5872.0
scifact_dense,23,4,fixed,200,0.6435738713255216,0.7833333333333333,77.63634411997919,0.3881817205998959,209.0,16.0,48.0,22440.0,5872.0
scifact_dense,23,8,fixed,1,0.6435738713255216,0.7833333333333333,77.63634411997919,77.63634411997919,19.0,16.0,48.0,22440.0,5872.0
scifact_dense,23,8,fixed,10,0.6435738713255216,0.7833333333333333,77.63634411997919,7.763634411997918,28.0,16.0,48.0,22440.0,5872.0
scifact_dense,23,8,fixed,50,0.6435738713255216,0.7833333333333333,77.63634411997919,1.5527268823995837,68.0,16.0,48.0,22440.0,5872.0
scifact_dense,23,8,fixed,200,0.6435738713255216,0.7833333333333333,77.63634411997919,0.3881817205998959,218.0,16.0,48.0,22440.0,5872.0
scifact_dense,23,16,fixed,1,0.6435738713255216,0.7833333333333333,77.63634411997919,77.63634411997919,37.0,16.0,48.0,22440.0,5872.0
scifact_dense,23,16,fixed,10,0.6435738713255216,0.7833333333333333,77.63634411997919,7.763634411997918,46.0,16.0,48.0,22440.0,5872.0
scifact_dense,23,16,fixed,50,0.6435738713255216,0.7833333333333333,77.63634411997919,1.5527268823995837,86.0,16.0,48.0,22440.0,5872.0
scifact_dense,23,16,fixed,200,0.6435738713255216,0.7833333333333333,77.63634411997919,0.3881817205998959,236.0,16.0,48.0,22440.0,5872.0
scifact_dense,23,32,fixed,1,0.6435738713255216,0.7833333333333333,77.63634411997919,77.63634411997919,73.0,16.0,48.0,22440.0,5872.0
scifact_dense,23,32,fixed,10,0.6435738713255216,0.7833333333333333,77.63634411997919,7.763634411997918,82.0,16.0,48.0,22440.0,5872.0
scifact_dense,23,32,fixed,50,0.6435738713255216,0.7833333333333333,77.63634411997919,1.5527268823995837,122.0,16.0,48.0,22440.0,5872.0
scifact_dense,23,32,fixed,200,0.6435738713255216,0.7833333333333333,77.63634411997919,0.3881817205998959,272.0,16.0,48.0,22440.0,5872.0
scifact_dense,23,0,information_gain,1,0.6435738713255216,0.7833333333333333,0.0,0.0,1.0,0.0,0.0,0.0,0.0
scifact_dense,23,0,information_gain,10,0.6435738713255216,0.7833333333333333,0.0,0.0,10.0,0.0,0.0,0.0,0.0
scifact_dense,23,0,information_gain,50,0.6435738713255216,0.7833333333333333,0.0,0.0,50.0,0.0,0.0,0.0,0.0
scifact_dense,23,0,information_gain,200,0.6435738713255216,0.7833333333333333,0.0,0.0,200.0,0.0,0.0,0.0,0.0
scifact_dense,23,4,information_gain,1,0.6435738713255216,0.7833333333333333,77.63634411997919,77.63634411997919,9.0,16.0,48.0,22440.0,5872.0
scifact_dense,23,4,information_gain,10,0.6435738713255216,0.7833333333333333,77.63634411997919,7.763634411997918,18.0,16.0,48.0,22440.0,5872.0
scifact_dense,23,4,information_gain,50,0.6435738713255216,0.7833333333333333,77.63634411997919,1.5527268823995837,58.0,16.0,48.0,22440.0,5872.0
scifact_dense,23,4,information_gain,200,0.6435738713255216,0.7833333333333333,77.63634411997919,0.3881817205998959,208.0,16.0,48.0,22440.0,5872.0
scifact_dense,23,8,information_gain,1,0.6435738713255216,0.7833333333333333,77.63634411997919,77.63634411997919,17.0,16.0,48.0,22440.0,5872.0
scifact_dense,23,8,information_gain,10,0.6435738713255216,0.7833333333333333,77.63634411997919,7.763634411997918,26.0,16.0,48.0,22440.0,5872.0
scifact_dense,23,8,information_gain,50,0.6435738713255216,0.7833333333333333,77.63634411997919,1.5527268823995837,66.0,16.0,48.0,22440.0,5872.0
scifact_dense,23,8,information_gain,200,0.6435738713255216,0.7833333333333333,77.63634411997919,0.3881817205998959,216.0,16.0,48.0,22440.0,5872.0
scifact_dense,23,16,information_gain,1,0.6435738713255216,0.7833333333333333,77.63634411997919,77.63634411997919,33.0,16.0,48.0,22440.0,5872.0
scifact_dense,23,16,information_gain,10,0.6435738713255216,0.7833333333333333,77.63634411997919,7.763634411997918,42.0,16.0,48.0,22440.0,5872.0
scifact_dense,23,16,information_gain,50,0.6435738713255216,0.7833333333333333,77.63634411997919,1.5527268823995837,82.0,16.0,48.0,22440.0,5872.0
scifact_dense,23,16,information_gain,200,0.6435738713255216,0.7833333333333333,77.63634411997919,0.3881817205998959,232.0,16.0,48.0,22440.0,5872.0
scifact_dense,23,32,information_gain,1,0.6435738713255216,0.7833333333333333,77.63634411997919,77.63634411997919,65.0,16.0,48.0,22440.0,5872.0
scifact_dense,23,32,information_gain,10,0.6435738713255216,0.7833333333333333,77.63634411997919,7.763634411997918,74.0,16.0,48.0,22440.0,5872.0
scifact_dense,23,32,information_gain,50,0.6435738713255216,0.7833333333333333,77.63634411997919,1.5527268823995837,114.0,16.0,48.0,22440.0,5872.0
scifact_dense,23,32,information_gain,200,0.6435738713255216,0.7833333333333333,77.63634411997919,0.3881817205998959,264.0,16.0,48.0,22440.0,5872.0
scifact_dense,23,0,learned_value,1,0.6435738713255216,0.7833333333333333,0.0,0.0,1.0,0.0,0.0,0.0,0.0
scifact_dense,23,0,learned_value,10,0.6435738713255216,0.7833333333333333,0.0,0.0,10.0,0.0,0.0,0.0,0.0
scifact_dense,23,0,learned_value,50,0.6435738713255216,0.7833333333333333,0.0,0.0,50.0,0.0,0.0,0.0,0.0
scifact_dense,23,0,learned_value,200,0.6435738713255216,0.7833333333333333,0.0,0.0,200.0,0.0,0.0,0.0,0.0
scifact_dense,23,4,learned_value,1,0.6435738713255216,0.7833333333333333,77.63634411997919,77.63634411997919,9.0,16.0,48.0,22440.0,5872.0
scifact_dense,23,4,learned_value,10,0.6435738713255216,0.7833333333333333,77.63634411997919,7.763634411997918,18.0,16.0,48.0,22440.0,5872.0
scifact_dense,23,4,learned_value,50,0.6435738713255216,0.7833333333333333,77.63634411997919,1.5527268823995837,58.0,16.0,48.0,22440.0,5872.0
scifact_dense,23,4,learned_value,200,0.6435738713255216,0.7833333333333333,77.63634411997919,0.3881817205998959,208.0,16.0,48.0,22440.0,5872.0
scifact_dense,23,8,learned_value,1,0.6435738713255216,0.7833333333333333,77.63634411997919,77.63634411997919,18.0,16.0,48.0,22440.0,5872.0
scifact_dense,23,8,learned_value,10,0.6435738713255216,0.7833333333333333,77.63634411997919,7.763634411997918,27.0,16.0,48.0,22440.0,5872.0
scifact_dense,23,8,learned_value,50,0.6435738713255216,0.7833333333333333,77.63634411997919,1.5527268823995837,67.0,16.0,48.0,22440.0,5872.0
scifact_dense,23,8,learned_value,200,0.6435738713255216,0.7833333333333333,77.63634411997919,0.3881817205998959,217.0,16.0,48.0,22440.0,5872.0
scifact_dense,23,16,learned_value,1,0.6435738713255216,0.7833333333333333,77.63634411997919,77.63634411997919,35.0,16.0,48.0,22440.0,5872.0
scifact_dense,23,16,learned_value,10,0.6435738713255216,0.7833333333333333,77.63634411997919,7.763634411997918,44.0,16.0,48.0,22440.0,5872.0
scifact_dense,23,16,learned_value,50,0.6435738713255216,0.7833333333333333,77.63634411997919,1.5527268823995837,84.0,16.0,48.0,22440.0,5872.0
scifact_dense,23,16,learned_value,200,0.6435738713255216,0.7833333333333333,77.63634411997919,0.3881817205998959,234.0,16.0,48.0,22440.0,5872.0
scifact_dense,23,32,learned_value,1,0.6435738713255216,0.7833333333333333,77.63634411997919,77.63634411997919,72.0,16.0,48.0,22440.0,5872.0
scifact_dense,23,32,learned_value,10,0.6435738713255216,0.7833333333333333,77.63634411997919,7.763634411997918,81.0,16.0,48.0,22440.0,5872.0
scifact_dense,23,32,learned_value,50,0.6435738713255216,0.7833333333333333,77.63634411997919,1.5527268823995837,121.0,16.0,48.0,22440.0,5872.0
scifact_dense,23,32,learned_value,200,0.6435738713255216,0.7833333333333333,77.63634411997919,0.3881817205998959,271.0,16.0,48.0,22440.0,5872.0
scifact_dense,47,0,source_router,1,0.6435738713255216,0.7833333333333333,0.0,0.0,1.0,0.0,0.0,0.0,0.0
scifact_dense,47,0,source_router,10,0.6435738713255216,0.7833333333333333,0.0,0.0,10.0,0.0,0.0,0.0,0.0
scifact_dense,47,0,source_router,50,0.6435738713255216,0.7833333333333333,0.0,0.0,50.0,0.0,0.0,0.0,0.0
scifact_dense,47,0,source_router,200,0.6435738713255216,0.7833333333333333,0.0,0.0,200.0,0.0,0.0,0.0,0.0
scifact_dense,47,4,source_router,1,0.6435738713255216,0.7833333333333333,0.0,0.0,1.0,0.0,0.0,0.0,0.0
scifact_dense,47,4,source_router,10,0.6435738713255216,0.7833333333333333,0.0,0.0,10.0,0.0,0.0,0.0,0.0
scifact_dense,47,4,source_router,50,0.6435738713255216,0.7833333333333333,0.0,0.0,50.0,0.0,0.0,0.0,0.0
scifact_dense,47,4,source_router,200,0.6435738713255216,0.7833333333333333,0.0,0.0,200.0,0.0,0.0,0.0,0.0
scifact_dense,47,8,source_router,1,0.6435738713255216,0.7833333333333333,0.0,0.0,1.0,0.0,0.0,0.0,0.0
scifact_dense,47,8,source_router,10,0.6435738713255216,0.7833333333333333,0.0,0.0,10.0,0.0,0.0,0.0,0.0
scifact_dense,47,8,source_router,50,0.6435738713255216,0.7833333333333333,0.0,0.0,50.0,0.0,0.0,0.0,0.0
scifact_dense,47,8,source_router,200,0.6435738713255216,0.7833333333333333,0.0,0.0,200.0,0.0,0.0,0.0,0.0
scifact_dense,47,16,source_router,1,0.6435738713255216,0.7833333333333333,0.0,0.0,1.0,0.0,0.0,0.0,0.0
scifact_dense,47,16,source_router,10,0.6435738713255216,0.7833333333333333,0.0,0.0,10.0,0.0,0.0,0.0,0.0
scifact_dense,47,16,source_router,50,0.6435738713255216,0.7833333333333333,0.0,0.0,50.0,0.0,0.0,0.0,0.0
scifact_dense,47,16,source_router,200,0.6435738713255216,0.7833333333333333,0.0,0.0,200.0,0.0,0.0,0.0,0.0
scifact_dense,47,32,source_router,1,0.6435738713255216,0.7833333333333333,0.0,0.0,1.0,0.0,0.0,0.0,0.0
scifact_dense,47,32,source_router,10,0.6435738713255216,0.7833333333333333,0.0,0.0,10.0,0.0,0.0,0.0,0.0
scifact_dense,47,32,source_router,50,0.6435738713255216,0.7833333333333333,0.0,0.0,50.0,0.0,0.0,0.0,0.0
scifact_dense,47,32,source_router,200,0.6435738713255216,0.7833333333333333,0.0,0.0,200.0,0.0,0.0,0.0,0.0
scifact_dense,47,0,random,1,0.6435738713255216,0.7833333333333333,0.0,0.0,1.0,0.0,0.0,0.0,0.0
scifact_dense,47,0,random,10,0.6435738713255216,0.7833333333333333,0.0,0.0,10.0,0.0,0.0,0.0,0.0
scifact_dense,47,0,random,50,0.6435738713255216,0.7833333333333333,0.0,0.0,50.0,0.0,0.0,0.0,0.0
scifact_dense,47,0,random,200,0.6435738713255216,0.7833333333333333,0.0,0.0,200.0,0.0,0.0,0.0,0.0
scifact_dense,47,4,random,1,0.6435738713255216,0.7833333333333333,75.94030985984136,75.94030985984136,11.0,16.0,48.0,22603.0,5912.0
scifact_dense,47,4,random,10,0.6435738713255216,0.7833333333333333,75.94030985984136,7.594030985984136,20.0,16.0,48.0,22603.0,5912.0
scifact_dense,47,4,random,50,0.6435738713255216,0.7833333333333333,75.94030985984136,1.5188061971968272,60.0,16.0,48.0,22603.0,5912.0
scifact_dense,47,4,random,200,0.6435738713255216,0.7833333333333333,75.94030985984136,0.3797015492992068,210.0,16.0,48.0,22603.0,5912.0
scifact_dense,47,8,random,1,0.6435738713255216,0.7833333333333333,75.94030985984136,75.94030985984136,19.0,16.0,48.0,22603.0,5912.0
scifact_dense,47,8,random,10,0.6435738713255216,0.7833333333333333,75.94030985984136,7.594030985984136,28.0,16.0,48.0,22603.0,5912.0
scifact_dense,47,8,random,50,0.6435738713255216,0.7833333333333333,75.94030985984136,1.5188061971968272,68.0,16.0,48.0,22603.0,5912.0
scifact_dense,47,8,random,200,0.6435738713255216,0.7833333333333333,75.94030985984136,0.3797015492992068,218.0,16.0,48.0,22603.0,5912.0
scifact_dense,47,16,random,1,0.6435738713255216,0.7833333333333333,75.94030985984136,75.94030985984136,36.0,16.0,48.0,22603.0,5912.0
scifact_dense,47,16,random,10,0.6435738713255216,0.7833333333333333,75.94030985984136,7.594030985984136,45.0,16.0,48.0,22603.0,5912.0
scifact_dense,47,16,random,50,0.6435738713255216,0.7833333333333333,75.94030985984136,1.5188061971968272,85.0,16.0,48.0,22603.0,5912.0
scifact_dense,47,16,random,200,0.6435738713255216,0.7833333333333333,75.94030985984136,0.3797015492992068,235.0,16.0,48.0,22603.0,5912.0
scifact_dense,47,32,random,1,0.6435738713255216,0.7833333333333333,75.94030985984136,75.94030985984136,72.0,16.0,48.0,22603.0,5912.0
scifact_dense,47,32,random,10,0.6435738713255216,0.7833333333333333,75.94030985984136,7.594030985984136,81.0,16.0,48.0,22603.0,5912.0
scifact_dense,47,32,random,50,0.6435738713255216,0.7833333333333333,75.94030985984136,1.5188061971968272,121.0,16.0,48.0,22603.0,5912.0
scifact_dense,47,32,random,200,0.6435738713255216,0.7833333333333333,75.94030985984136,0.3797015492992068,271.0,16.0,48.0,22603.0,5912.0
scifact_dense,47,0,fixed,1,0.6435738713255216,0.7833333333333333,0.0,0.0,1.0,0.0,0.0,0.0,0.0
scifact_dense,47,0,fixed,10,0.6435738713255216,0.7833333333333333,0.0,0.0,10.0,0.0,0.0,0.0,0.0
scifact_dense,47,0,fixed,50,0.6435738713255216,0.7833333333333333,0.0,0.0,50.0,0.0,0.0,0.0,0.0
scifact_dense,47,0,fixed,200,0.6435738713255216,0.7833333333333333,0.0,0.0,200.0,0.0,0.0,0.0,0.0
scifact_dense,47,4,fixed,1,0.6435738713255216,0.7833333333333333,75.94030985984136,75.94030985984136,10.0,16.0,48.0,22603.0,5912.0
scifact_dense,47,4,fixed,10,0.6435738713255216,0.7833333333333333,75.94030985984136,7.594030985984136,19.0,16.0,48.0,22603.0,5912.0
scifact_dense,47,4,fixed,50,0.6435738713255216,0.7833333333333333,75.94030985984136,1.5188061971968272,59.0,16.0,48.0,22603.0,5912.0
scifact_dense,47,4,fixed,200,0.6435738713255216,0.7833333333333333,75.94030985984136,0.3797015492992068,209.0,16.0,48.0,22603.0,5912.0
scifact_dense,47,8,fixed,1,0.6435738713255216,0.7833333333333333,75.94030985984136,75.94030985984136,19.0,16.0,48.0,22603.0,5912.0
scifact_dense,47,8,fixed,10,0.6435738713255216,0.7833333333333333,75.94030985984136,7.594030985984136,28.0,16.0,48.0,22603.0,5912.0
scifact_dense,47,8,fixed,50,0.6435738713255216,0.7833333333333333,75.94030985984136,1.5188061971968272,68.0,16.0,48.0,22603.0,5912.0
scifact_dense,47,8,fixed,200,0.6435738713255216,0.7833333333333333,75.94030985984136,0.3797015492992068,218.0,16.0,48.0,22603.0,5912.0
scifact_dense,47,16,fixed,1,0.6435738713255216,0.7833333333333333,75.94030985984136,75.94030985984136,37.0,16.0,48.0,22603.0,5912.0
scifact_dense,47,16,fixed,10,0.6435738713255216,0.7833333333333333,75.94030985984136,7.594030985984136,46.0,16.0,48.0,22603.0,5912.0
scifact_dense,47,16,fixed,50,0.6435738713255216,0.7833333333333333,75.94030985984136,1.5188061971968272,86.0,16.0,48.0,22603.0,5912.0
scifact_dense,47,16,fixed,200,0.6435738713255216,0.7833333333333333,75.94030985984136,0.3797015492992068,236.0,16.0,48.0,22603.0,5912.0
scifact_dense,47,32,fixed,1,0.6435738713255216,0.7833333333333333,75.94030985984136,75.94030985984136,73.0,16.0,48.0,22603.0,5912.0
scifact_dense,47,32,fixed,10,0.6435738713255216,0.7833333333333333,75.94030985984136,7.594030985984136,82.0,16.0,48.0,22603.0,5912.0
scifact_dense,47,32,fixed,50,0.6435738713255216,0.7833333333333333,75.94030985984136,1.5188061971968272,122.0,16.0,48.0,22603.0,5912.0
scifact_dense,47,32,fixed,200,0.6435738713255216,0.7833333333333333,75.94030985984136,0.3797015492992068,272.0,16.0,48.0,22603.0,5912.0
scifact_dense,47,0,information_gain,1,0.6435738713255216,0.7833333333333333,0.0,0.0,1.0,0.0,0.0,0.0,0.0
scifact_dense,47,0,information_gain,10,0.6435738713255216,0.7833333333333333,0.0,0.0,10.0,0.0,0.0,0.0,0.0
scifact_dense,47,0,information_gain,50,0.6435738713255216,0.7833333333333333,0.0,0.0,50.0,0.0,0.0,0.0,0.0
scifact_dense,47,0,information_gain,200,0.6435738713255216,0.7833333333333333,0.0,0.0,200.0,0.0,0.0,0.0,0.0
scifact_dense,47,4,information_gain,1,0.6435738713255216,0.7833333333333333,75.94030985984136,75.94030985984136,9.0,16.0,48.0,22603.0,5912.0
scifact_dense,47,4,information_gain,10,0.6435738713255216,0.7833333333333333,75.94030985984136,7.594030985984136,18.0,16.0,48.0,22603.0,5912.0
scifact_dense,47,4,information_gain,50,0.6435738713255216,0.7833333333333333,75.94030985984136,1.5188061971968272,58.0,16.0,48.0,22603.0,5912.0
scifact_dense,47,4,information_gain,200,0.6435738713255216,0.7833333333333333,75.94030985984136,0.3797015492992068,208.0,16.0,48.0,22603.0,5912.0
scifact_dense,47,8,information_gain,1,0.6435738713255216,0.7833333333333333,75.94030985984136,75.94030985984136,17.0,16.0,48.0,22603.0,5912.0
scifact_dense,47,8,information_gain,10,0.6435738713255216,0.7833333333333333,75.94030985984136,7.594030985984136,26.0,16.0,48.0,22603.0,5912.0
scifact_dense,47,8,information_gain,50,0.6435738713255216,0.7833333333333333,75.94030985984136,1.5188061971968272,66.0,16.0,48.0,22603.0,5912.0
scifact_dense,47,8,information_gain,200,0.6435738713255216,0.7833333333333333,75.94030985984136,0.3797015492992068,216.0,16.0,48.0,22603.0,5912.0
scifact_dense,47,16,information_gain,1,0.6435738713255216,0.7833333333333333,75.94030985984136,75.94030985984136,33.0,16.0,48.0,22603.0,5912.0
scifact_dense,47,16,information_gain,10,0.6435738713255216,0.7833333333333333,75.94030985984136,7.594030985984136,42.0,16.0,48.0,22603.0,5912.0
scifact_dense,47,16,information_gain,50,0.6435738713255216,0.7833333333333333,75.94030985984136,1.5188061971968272,82.0,16.0,48.0,22603.0,5912.0
scifact_dense,47,16,information_gain,200,0.6435738713255216,0.7833333333333333,75.94030985984136,0.3797015492992068,232.0,16.0,48.0,22603.0,5912.0
scifact_dense,47,32,information_gain,1,0.6435738713255216,0.7833333333333333,75.94030985984136,75.94030985984136,65.0,16.0,48.0,22603.0,5912.0
scifact_dense,47,32,information_gain,10,0.6435738713255216,0.7833333333333333,75.94030985984136,7.594030985984136,74.0,16.0,48.0,22603.0,5912.0
scifact_dense,47,32,information_gain,50,0.6435738713255216,0.7833333333333333,75.94030985984136,1.5188061971968272,114.0,16.0,48.0,22603.0,5912.0
scifact_dense,47,32,information_gain,200,0.6435738713255216,0.7833333333333333,75.94030985984136,0.3797015492992068,264.0,16.0,48.0,22603.0,5912.0
scifact_dense,47,0,learned_value,1,0.6435738713255216,0.7833333333333333,0.0,0.0,1.0,0.0,0.0,0.0,0.0
scifact_dense,47,0,learned_value,10,0.6435738713255216,0.7833333333333333,0.0,0.0,10.0,0.0,0.0,0.0,0.0
scifact_dense,47,0,learned_value,50,0.6435738713255216,0.7833333333333333,0.0,0.0,50.0,0.0,0.0,0.0,0.0
scifact_dense,47,0,learned_value,200,0.6435738713255216,0.7833333333333333,0.0,0.0,200.0,0.0,0.0,0.0,0.0
scifact_dense,47,4,learned_value,1,0.6435738713255216,0.7833333333333333,75.94030985984136,75.94030985984136,11.0,16.0,48.0,22603.0,5912.0
scifact_dense,47,4,learned_value,10,0.6435738713255216,0.7833333333333333,75.94030985984136,7.594030985984136,20.0,16.0,48.0,22603.0,5912.0
scifact_dense,47,4,learned_value,50,0.6435738713255216,0.7833333333333333,75.94030985984136,1.5188061971968272,60.0,16.0,48.0,22603.0,5912.0
scifact_dense,47,4,learned_value,200,0.6435738713255216,0.7833333333333333,75.94030985984136,0.3797015492992068,210.0,16.0,48.0,22603.0,5912.0
scifact_dense,47,8,learned_value,1,0.6435738713255216,0.7833333333333333,75.94030985984136,75.94030985984136,19.0,16.0,48.0,22603.0,5912.0
scifact_dense,47,8,learned_value,10,0.6435738713255216,0.7833333333333333,75.94030985984136,7.594030985984136,28.0,16.0,48.0,22603.0,5912.0
scifact_dense,47,8,learned_value,50,0.6435738713255216,0.7833333333333333,75.94030985984136,1.5188061971968272,68.0,16.0,48.0,22603.0,5912.0
scifact_dense,47,8,learned_value,200,0.6435738713255216,0.7833333333333333,75.94030985984136,0.3797015492992068,218.0,16.0,48.0,22603.0,5912.0
scifact_dense,47,16,learned_value,1,0.6435738713255216,0.7833333333333333,75.94030985984136,75.94030985984136,36.0,16.0,48.0,22603.0,5912.0
scifact_dense,47,16,learned_value,10,0.6435738713255216,0.7833333333333333,75.94030985984136,7.594030985984136,45.0,16.0,48.0,22603.0,5912.0
scifact_dense,47,16,learned_value,50,0.6435738713255216,0.7833333333333333,75.94030985984136,1.5188061971968272,85.0,16.0,48.0,22603.0,5912.0
scifact_dense,47,16,learned_value,200,0.6435738713255216,0.7833333333333333,75.94030985984136,0.3797015492992068,235.0,16.0,48.0,22603.0,5912.0
scifact_dense,47,32,learned_value,1,0.6435738713255216,0.7833333333333333,75.94030985984136,75.94030985984136,72.0,16.0,48.0,22603.0,5912.0
scifact_dense,47,32,learned_value,10,0.6435738713255216,0.7833333333333333,75.94030985984136,7.594030985984136,81.0,16.0,48.0,22603.0,5912.0
scifact_dense,47,32,learned_value,50,0.6435738713255216,0.7833333333333333,75.94030985984136,1.5188061971968272,121.0,16.0,48.0,22603.0,5912.0
scifact_dense,47,32,learned_value,200,0.6435738713255216,0.7833333333333333,75.94030985984136,0.3797015492992068,271.0,16.0,48.0,22603.0,5912.0
