environment,corpus_name,backend,seed,method,budget,n_queries,selected_probe_pairs,ndcg,recall_at_10,delta_vs_zero_budget,delta_vs_original_frozen_router,delta_recall_vs_zero_budget,delta_recall_vs_original_frozen_router,changed_action_fraction_vs_zero_budget,changed_action_fraction_vs_original_frozen_router,posterior_world_0,posterior_world_1,measured_onboarding_generation_seconds,onboarding_search_calls,onboarding_sample_calls,onboarding_llm_calls,onboarding_input_tokens,onboarding_output_tokens,mean_task_search_calls,mean_task_sample_calls,mean_task_llm_calls,mean_task_input_tokens,mean_task_output_tokens
fiqa_bm25,fiqa,bm25,11,random,0,150,0,0.23978653908293807,0.30944444444444447,0.0,-0.012727618819961721,0.0,-0.013888888888888886,0.0,0.34,0.5,0.5,0.0,0.0,0.0,0.0,0.0,0.0,1.1333333333333333,0.0,0.13333333333333333,52.026666666666664,17.393333333333334
fiqa_bm25,fiqa,bm25,11,random,4,150,4,0.23122021562609732,0.30111111111111116,-0.008566323456840764,-0.02129394227680248,-0.008333333333333333,-0.02222222222222222,0.66,1.0,0.8327855812066548,0.16721441879334512,74.45561634347541,8.0,16.0,48.0,20434.0,5505.0,1.1333333333333333,0.0,0.13333333333333333,52.026666666666664,17.393333333333334
fiqa_bm25,fiqa,bm25,11,random,8,150,8,0.23978653908293807,0.30944444444444447,0.0,-0.012727618819961721,0.0,-0.013888888888888886,0.0,0.34,0.5817547808340222,0.4182452191659777,74.45561634347541,16.0,16.0,48.0,20434.0,5505.0,1.1333333333333333,0.0,0.13333333333333333,52.026666666666664,17.393333333333334
fiqa_bm25,fiqa,bm25,11,random,16,150,16,0.23978653908293807,0.30944444444444447,0.0,-0.012727618819961721,0.0,-0.013888888888888886,0.0,0.34,0.5765114147225701,0.42348858527742983,74.45561634347541,35.0,16.0,48.0,20434.0,5505.0,1.1333333333333333,0.0,0.13333333333333333,52.026666666666664,17.393333333333334
fiqa_bm25,fiqa,bm25,11,random,32,150,32,0.23978653908293807,0.30944444444444447,0.0,-0.012727618819961721,0.0,-0.013888888888888886,0.0,0.34,0.4514308117108048,0.5485691882891952,74.45561634347541,73.0,16.0,48.0,20434.0,5505.0,1.1333333333333333,0.0,0.13333333333333333,52.026666666666664,17.393333333333334
fiqa_bm25,fiqa,bm25,11,fixed,0,150,0,0.23978653908293807,0.30944444444444447,0.0,-0.012727618819961721,0.0,-0.013888888888888886,0.0,0.34,0.5,0.5,0.0,0.0,0.0,0.0,0.0,0.0,1.1333333333333333,0.0,0.13333333333333333,52.026666666666664,17.393333333333334
fiqa_bm25,fiqa,bm25,11,fixed,4,150,4,0.23978653908293807,0.30944444444444447,0.0,-0.012727618819961721,0.0,-0.013888888888888886,0.0,0.34,0.4202731806802057,0.5797268193197944,74.45561634347541,9.0,16.0,48.0,20434.0,5505.0,1.1333333333333333,0.0,0.13333333333333333,52.026666666666664,17.393333333333334
fiqa_bm25,fiqa,bm25,11,fixed,8,150,8,0.23978653908293807,0.30944444444444447,0.0,-0.012727618819961721,0.0,-0.013888888888888886,0.0,0.34,0.5293603092249688,0.47063969077503115,74.45561634347541,18.0,16.0,48.0,20434.0,5505.0,1.1333333333333333,0.0,0.13333333333333333,52.026666666666664,17.393333333333334
fiqa_bm25,fiqa,bm25,11,fixed,16,150,16,0.23122021562609732,0.30111111111111116,-0.008566323456840764,-0.02129394227680248,-0.008333333333333333,-0.02222222222222222,0.66,1.0,0.6833114012851881,0.31668859871481186,74.45561634347541,36.0,16.0,48.0,20434.0,5505.0,1.1333333333333333,0.0,0.13333333333333333,52.026666666666664,17.393333333333334
fiqa_bm25,fiqa,bm25,11,fixed,32,150,32,0.23128133693078542,0.305,-0.008505202152152674,-0.0212328209721144,-0.004444444444444445,-0.018333333333333333,0.7933333333333333,1.0,0.9792913898706165,0.0207086101293835,74.45561634347541,72.0,16.0,48.0,20434.0,5505.0,1.0,0.0,0.13333333333333333,52.026666666666664,17.393333333333334
fiqa_bm25,fiqa,bm25,11,information_gain,0,150,0,0.23978653908293807,0.30944444444444447,0.0,-0.012727618819961721,0.0,-0.013888888888888886,0.0,0.34,0.5,0.5,0.0,0.0,0.0,0.0,0.0,0.0,1.1333333333333333,0.0,0.13333333333333333,52.026666666666664,17.393333333333334
fiqa_bm25,fiqa,bm25,11,information_gain,4,150,4,0.23777211564811415,0.31444444444444447,-0.002014423434823939,-0.014742042254785656,0.005,-0.008888888888888889,0.4066666666666667,0.7466666666666667,0.6188334574090312,0.3811665425909688,74.45561634347541,8.0,16.0,48.0,20434.0,5505.0,1.1333333333333333,0.0,0.13333333333333333,52.026666666666664,17.393333333333334
fiqa_bm25,fiqa,bm25,11,information_gain,8,150,8,0.23128133693078542,0.305,-0.008505202152152674,-0.0212328209721144,-0.004444444444444445,-0.018333333333333333,0.7933333333333333,1.0,0.984692251210128,0.015307748789871997,74.45561634347541,16.0,16.0,48.0,20434.0,5505.0,1.0,0.0,0.13333333333333333,52.026666666666664,17.393333333333334
fiqa_bm25,fiqa,bm25,11,information_gain,16,150,16,0.23128133693078542,0.305,-0.008505202152152674,-0.0212328209721144,-0.004444444444444445,-0.018333333333333333,0.7933333333333333,1.0,0.9981048423846128,0.0018951576153871,74.45561634347541,32.0,16.0,48.0,20434.0,5505.0,1.0,0.0,0.13333333333333333,52.026666666666664,17.393333333333334
fiqa_bm25,fiqa,bm25,11,information_gain,32,150,32,0.23128133693078542,0.305,-0.008505202152152674,-0.0212328209721144,-0.004444444444444445,-0.018333333333333333,0.7933333333333333,1.0,0.9996980507990669,0.00030194920093313014,74.45561634347541,71.0,16.0,48.0,20434.0,5505.0,1.0,0.0,0.13333333333333333,52.026666666666664,17.393333333333334
fiqa_bm25,fiqa,bm25,11,decision_value,0,150,0,0.23978653908293807,0.30944444444444447,0.0,-0.012727618819961721,0.0,-0.013888888888888886,0.0,0.34,0.5,0.5,0.0,0.0,0.0,0.0,0.0,0.0,1.1333333333333333,0.0,0.13333333333333333,52.026666666666664,17.393333333333334
fiqa_bm25,fiqa,bm25,11,decision_value,4,150,4,0.23777211564811415,0.31444444444444447,-0.002014423434823939,-0.014742042254785656,0.005,-0.008888888888888889,0.4066666666666667,0.7466666666666667,0.6188334574090312,0.3811665425909688,74.45561634347541,8.0,16.0,48.0,20434.0,5505.0,1.1333333333333333,0.0,0.13333333333333333,52.026666666666664,17.393333333333334
fiqa_bm25,fiqa,bm25,11,decision_value,8,150,8,0.23128133693078542,0.305,-0.008505202152152674,-0.0212328209721144,-0.004444444444444445,-0.018333333333333333,0.7933333333333333,1.0,0.984692251210128,0.015307748789871997,74.45561634347541,16.0,16.0,48.0,20434.0,5505.0,1.0,0.0,0.13333333333333333,52.026666666666664,17.393333333333334
fiqa_bm25,fiqa,bm25,11,decision_value,16,150,16,0.23128133693078542,0.305,-0.008505202152152674,-0.0212328209721144,-0.004444444444444445,-0.018333333333333333,0.7933333333333333,1.0,0.9994324138926408,0.0005675861073592723,74.45561634347541,32.0,16.0,48.0,20434.0,5505.0,1.0,0.0,0.13333333333333333,52.026666666666664,17.393333333333334
fiqa_bm25,fiqa,bm25,11,decision_value,32,150,32,0.23128133693078542,0.305,-0.008505202152152674,-0.0212328209721144,-0.004444444444444445,-0.018333333333333333,0.7933333333333333,1.0,0.9992237052329294,0.000776294767070693,74.45561634347541,69.0,16.0,48.0,20434.0,5505.0,1.0,0.0,0.13333333333333333,52.026666666666664,17.393333333333334
fiqa_bm25,fiqa,bm25,23,random,0,150,0,0.23978653908293807,0.30944444444444447,0.0,-0.012727618819961721,0.0,-0.013888888888888886,0.0,0.34,0.5,0.5,0.0,0.0,0.0,0.0,0.0,0.0,1.1333333333333333,0.0,0.13333333333333333,52.026666666666664,17.393333333333334
fiqa_bm25,fiqa,bm25,23,random,4,150,4,0.23128133693078542,0.305,-0.008505202152152674,-0.0212328209721144,-0.004444444444444445,-0.018333333333333333,0.7933333333333333,1.0,0.9760307665575354,0.02396923344246464,73.66888182834373,8.0,16.0,48.0,19861.0,5219.0,1.0,0.0,0.13333333333333333,52.026666666666664,17.393333333333334
fiqa_bm25,fiqa,bm25,23,random,8,150,8,0.23128133693078542,0.305,-0.008505202152152674,-0.0212328209721144,-0.004444444444444445,-0.018333333333333333,0.7933333333333333,1.0,0.9727751582233756,0.027224841776624542,73.66888182834373,17.0,16.0,48.0,19861.0,5219.0,1.0,0.0,0.13333333333333333,52.026666666666664,17.393333333333334
fiqa_bm25,fiqa,bm25,23,random,16,150,16,0.25734741150410106,0.3233333333333333,0.01756087242116294,0.0048332536012012225,0.013888888888888886,0.0,0.13333333333333333,0.34,0.39293146337352475,0.6070685366264752,73.66888182834373,34.0,16.0,48.0,19861.0,5219.0,1.0,0.0,0.0,0.0,0.0
fiqa_bm25,fiqa,bm25,23,random,32,150,32,0.23128133693078542,0.305,-0.008505202152152674,-0.0212328209721144,-0.004444444444444445,-0.018333333333333333,0.7933333333333333,1.0,0.9799230378178095,0.02007696218219047,73.66888182834373,71.0,16.0,48.0,19861.0,5219.0,1.0,0.0,0.13333333333333333,52.026666666666664,17.393333333333334
fiqa_bm25,fiqa,bm25,23,fixed,0,150,0,0.23978653908293807,0.30944444444444447,0.0,-0.012727618819961721,0.0,-0.013888888888888886,0.0,0.34,0.5,0.5,0.0,0.0,0.0,0.0,0.0,0.0,1.1333333333333333,0.0,0.13333333333333333,52.026666666666664,17.393333333333334
fiqa_bm25,fiqa,bm25,23,fixed,4,150,4,0.23978653908293807,0.30944444444444447,0.0,-0.012727618819961721,0.0,-0.013888888888888886,0.0,0.34,0.5345438632384192,0.46545613676158093,73.66888182834373,9.0,16.0,48.0,19861.0,5219.0,1.1333333333333333,0.0,0.13333333333333333,52.026666666666664,17.393333333333334
fiqa_bm25,fiqa,bm25,23,fixed,8,150,8,0.23128133693078542,0.305,-0.008505202152152674,-0.0212328209721144,-0.004444444444444445,-0.018333333333333333,0.7933333333333333,1.0,0.9402587552487769,0.05974124475122311,73.66888182834373,18.0,16.0,48.0,19861.0,5219.0,1.0,0.0,0.13333333333333333,52.026666666666664,17.393333333333334
fiqa_bm25,fiqa,bm25,23,fixed,16,150,16,0.23128133693078542,0.305,-0.008505202152152674,-0.0212328209721144,-0.004444444444444445,-0.018333333333333333,0.7933333333333333,1.0,0.9211371430192221,0.07886285698077779,73.66888182834373,36.0,16.0,48.0,19861.0,5219.0,1.0,0.0,0.13333333333333333,52.026666666666664,17.393333333333334
fiqa_bm25,fiqa,bm25,23,fixed,32,150,32,0.23128133693078542,0.305,-0.008505202152152674,-0.0212328209721144,-0.004444444444444445,-0.018333333333333333,0.7933333333333333,1.0,0.9348276165413398,0.0651723834586602,73.66888182834373,72.0,16.0,48.0,19861.0,5219.0,1.0,0.0,0.13333333333333333,52.026666666666664,17.393333333333334
fiqa_bm25,fiqa,bm25,23,information_gain,0,150,0,0.23978653908293807,0.30944444444444447,0.0,-0.012727618819961721,0.0,-0.013888888888888886,0.0,0.34,0.5,0.5,0.0,0.0,0.0,0.0,0.0,0.0,1.1333333333333333,0.0,0.13333333333333333,52.026666666666664,17.393333333333334
fiqa_bm25,fiqa,bm25,23,information_gain,4,150,4,0.25734741150410106,0.3233333333333333,0.01756087242116294,0.0048332536012012225,0.013888888888888886,0.0,0.13333333333333333,0.34,0.1306461550101053,0.8693538449898948,73.66888182834373,8.0,16.0,48.0,19861.0,5219.0,1.0,0.0,0.0,0.0,0.0
fiqa_bm25,fiqa,bm25,23,information_gain,8,150,8,0.23128133693078542,0.305,-0.008505202152152674,-0.0212328209721144,-0.004444444444444445,-0.018333333333333333,0.7933333333333333,1.0,0.9692196386282558,0.03078036137174428,73.66888182834373,16.0,16.0,48.0,19861.0,5219.0,1.0,0.0,0.13333333333333333,52.026666666666664,17.393333333333334
fiqa_bm25,fiqa,bm25,23,information_gain,16,150,16,0.23128133693078542,0.305,-0.008505202152152674,-0.0212328209721144,-0.004444444444444445,-0.018333333333333333,0.7933333333333333,1.0,0.9998589640552965,0.0001410359447036238,73.66888182834373,32.0,16.0,48.0,19861.0,5219.0,1.0,0.0,0.13333333333333333,52.026666666666664,17.393333333333334
fiqa_bm25,fiqa,bm25,23,information_gain,32,150,32,0.23128133693078542,0.305,-0.008505202152152674,-0.0212328209721144,-0.004444444444444445,-0.018333333333333333,0.7933333333333333,1.0,0.9999999664237325,3.357626757196681e-08,73.66888182834373,72.0,16.0,48.0,19861.0,5219.0,1.0,0.0,0.13333333333333333,52.026666666666664,17.393333333333334
fiqa_bm25,fiqa,bm25,23,decision_value,0,150,0,0.23978653908293807,0.30944444444444447,0.0,-0.012727618819961721,0.0,-0.013888888888888886,0.0,0.34,0.5,0.5,0.0,0.0,0.0,0.0,0.0,0.0,1.1333333333333333,0.0,0.13333333333333333,52.026666666666664,17.393333333333334
fiqa_bm25,fiqa,bm25,23,decision_value,4,150,4,0.25734741150410106,0.3233333333333333,0.01756087242116294,0.0048332536012012225,0.013888888888888886,0.0,0.13333333333333333,0.34,0.1306461550101053,0.8693538449898948,73.66888182834373,8.0,16.0,48.0,19861.0,5219.0,1.0,0.0,0.0,0.0,0.0
fiqa_bm25,fiqa,bm25,23,decision_value,8,150,8,0.23128133693078542,0.305,-0.008505202152152674,-0.0212328209721144,-0.004444444444444445,-0.018333333333333333,0.7933333333333333,1.0,0.9692196386282558,0.03078036137174428,73.66888182834373,16.0,16.0,48.0,19861.0,5219.0,1.0,0.0,0.13333333333333333,52.026666666666664,17.393333333333334
fiqa_bm25,fiqa,bm25,23,decision_value,16,150,16,0.23128133693078542,0.305,-0.008505202152152674,-0.0212328209721144,-0.004444444444444445,-0.018333333333333333,0.7933333333333333,1.0,0.9996398735297668,0.00036012647023334895,73.66888182834373,33.0,16.0,48.0,19861.0,5219.0,1.0,0.0,0.13333333333333333,52.026666666666664,17.393333333333334
fiqa_bm25,fiqa,bm25,23,decision_value,32,150,32,0.23128133693078542,0.305,-0.008505202152152674,-0.0212328209721144,-0.004444444444444445,-0.018333333333333333,0.7933333333333333,1.0,0.9987444302293735,0.0012555697706264923,73.66888182834373,69.0,16.0,48.0,19861.0,5219.0,1.0,0.0,0.13333333333333333,52.026666666666664,17.393333333333334
fiqa_bm25,fiqa,bm25,47,random,0,150,0,0.23978653908293807,0.30944444444444447,0.0,-0.012727618819961721,0.0,-0.013888888888888886,0.0,0.34,0.5,0.5,0.0,0.0,0.0,0.0,0.0,0.0,1.1333333333333333,0.0,0.13333333333333333,52.026666666666664,17.393333333333334
fiqa_bm25,fiqa,bm25,47,random,4,150,4,0.23978653908293807,0.30944444444444447,0.0,-0.012727618819961721,0.0,-0.013888888888888886,0.0,0.34,0.5110297413231738,0.48897025867682614,76.39591286834911,10.0,16.0,48.0,19549.0,5067.0,1.1333333333333333,0.0,0.13333333333333333,52.026666666666664,17.393333333333334
fiqa_bm25,fiqa,bm25,47,random,8,150,8,0.23777211564811415,0.31444444444444447,-0.002014423434823939,-0.014742042254785656,0.005,-0.008888888888888889,0.4066666666666667,0.7466666666666667,0.6306435460196451,0.36935645398035494,76.39591286834911,18.0,16.0,48.0,19549.0,5067.0,1.1333333333333333,0.0,0.13333333333333333,52.026666666666664,17.393333333333334
fiqa_bm25,fiqa,bm25,47,random,16,150,16,0.23128133693078542,0.305,-0.008505202152152674,-0.0212328209721144,-0.004444444444444445,-0.018333333333333333,0.7933333333333333,1.0,0.9915995050420637,0.008400494957936235,76.39591286834911,35.0,16.0,48.0,19549.0,5067.0,1.0,0.0,0.13333333333333333,52.026666666666664,17.393333333333334
fiqa_bm25,fiqa,bm25,47,random,32,150,32,0.23128133693078542,0.305,-0.008505202152152674,-0.0212328209721144,-0.004444444444444445,-0.018333333333333333,0.7933333333333333,1.0,0.9999994872354863,5.127645137762071e-07,76.39591286834911,71.0,16.0,48.0,19549.0,5067.0,1.0,0.0,0.13333333333333333,52.026666666666664,17.393333333333334
fiqa_bm25,fiqa,bm25,47,fixed,0,150,0,0.23978653908293807,0.30944444444444447,0.0,-0.012727618819961721,0.0,-0.013888888888888886,0.0,0.34,0.5,0.5,0.0,0.0,0.0,0.0,0.0,0.0,1.1333333333333333,0.0,0.13333333333333333,52.026666666666664,17.393333333333334
fiqa_bm25,fiqa,bm25,47,fixed,4,150,4,0.23128133693078542,0.305,-0.008505202152152674,-0.0212328209721144,-0.004444444444444445,-0.018333333333333333,0.7933333333333333,1.0,0.9507979956452185,0.04920200435478144,76.39591286834911,9.0,16.0,48.0,19549.0,5067.0,1.0,0.0,0.13333333333333333,52.026666666666664,17.393333333333334
fiqa_bm25,fiqa,bm25,47,fixed,8,150,8,0.23128133693078542,0.305,-0.008505202152152674,-0.0212328209721144,-0.004444444444444445,-0.018333333333333333,0.7933333333333333,1.0,0.9997869230769678,0.00021307692303226177,76.39591286834911,18.0,16.0,48.0,19549.0,5067.0,1.0,0.0,0.13333333333333333,52.026666666666664,17.393333333333334
fiqa_bm25,fiqa,bm25,47,fixed,16,150,16,0.23128133693078542,0.305,-0.008505202152152674,-0.0212328209721144,-0.004444444444444445,-0.018333333333333333,0.7933333333333333,1.0,0.9999284355400095,7.156445999038425e-05,76.39591286834911,36.0,16.0,48.0,19549.0,5067.0,1.0,0.0,0.13333333333333333,52.026666666666664,17.393333333333334
fiqa_bm25,fiqa,bm25,47,fixed,32,150,32,0.23128133693078542,0.305,-0.008505202152152674,-0.0212328209721144,-0.004444444444444445,-0.018333333333333333,0.7933333333333333,1.0,0.9999998759421233,1.2405787685607273e-07,76.39591286834911,72.0,16.0,48.0,19549.0,5067.0,1.0,0.0,0.13333333333333333,52.026666666666664,17.393333333333334
fiqa_bm25,fiqa,bm25,47,information_gain,0,150,0,0.23978653908293807,0.30944444444444447,0.0,-0.012727618819961721,0.0,-0.013888888888888886,0.0,0.34,0.5,0.5,0.0,0.0,0.0,0.0,0.0,0.0,1.1333333333333333,0.0,0.13333333333333333,52.026666666666664,17.393333333333334
fiqa_bm25,fiqa,bm25,47,information_gain,4,150,4,0.23128133693078542,0.305,-0.008505202152152674,-0.0212328209721144,-0.004444444444444445,-0.018333333333333333,0.7933333333333333,1.0,0.9358422531758904,0.06415774682410953,76.39591286834911,8.0,16.0,48.0,19549.0,5067.0,1.0,0.0,0.13333333333333333,52.026666666666664,17.393333333333334
fiqa_bm25,fiqa,bm25,47,information_gain,8,150,8,0.23128133693078542,0.305,-0.008505202152152674,-0.0212328209721144,-0.004444444444444445,-0.018333333333333333,0.7933333333333333,1.0,0.9968663979447043,0.00313360205529569,76.39591286834911,16.0,16.0,48.0,19549.0,5067.0,1.0,0.0,0.13333333333333333,52.026666666666664,17.393333333333334
fiqa_bm25,fiqa,bm25,47,information_gain,16,150,16,0.23128133693078542,0.305,-0.008505202152152674,-0.0212328209721144,-0.004444444444444445,-0.018333333333333333,0.7933333333333333,1.0,0.9999999865160396,1.348396044006933e-08,76.39591286834911,32.0,16.0,48.0,19549.0,5067.0,1.0,0.0,0.13333333333333333,52.026666666666664,17.393333333333334
fiqa_bm25,fiqa,bm25,47,information_gain,32,150,32,0.23128133693078542,0.305,-0.008505202152152674,-0.0212328209721144,-0.004444444444444445,-0.018333333333333333,0.7933333333333333,1.0,0.9999999999999616,3.842470035928621e-14,76.39591286834911,70.0,16.0,48.0,19549.0,5067.0,1.0,0.0,0.13333333333333333,52.026666666666664,17.393333333333334
fiqa_bm25,fiqa,bm25,47,decision_value,0,150,0,0.23978653908293807,0.30944444444444447,0.0,-0.012727618819961721,0.0,-0.013888888888888886,0.0,0.34,0.5,0.5,0.0,0.0,0.0,0.0,0.0,0.0,1.1333333333333333,0.0,0.13333333333333333,52.026666666666664,17.393333333333334
fiqa_bm25,fiqa,bm25,47,decision_value,4,150,4,0.23128133693078542,0.305,-0.008505202152152674,-0.0212328209721144,-0.004444444444444445,-0.018333333333333333,0.7933333333333333,1.0,0.9358422531758904,0.06415774682410953,76.39591286834911,8.0,16.0,48.0,19549.0,5067.0,1.0,0.0,0.13333333333333333,52.026666666666664,17.393333333333334
fiqa_bm25,fiqa,bm25,47,decision_value,8,150,8,0.23128133693078542,0.305,-0.008505202152152674,-0.0212328209721144,-0.004444444444444445,-0.018333333333333333,0.7933333333333333,1.0,0.9968663979447043,0.00313360205529569,76.39591286834911,16.0,16.0,48.0,19549.0,5067.0,1.0,0.0,0.13333333333333333,52.026666666666664,17.393333333333334
fiqa_bm25,fiqa,bm25,47,decision_value,16,150,16,0.23128133693078542,0.305,-0.008505202152152674,-0.0212328209721144,-0.004444444444444445,-0.018333333333333333,0.7933333333333333,1.0,0.9999397147232433,6.028527675673806e-05,76.39591286834911,34.0,16.0,48.0,19549.0,5067.0,1.0,0.0,0.13333333333333333,52.026666666666664,17.393333333333334
fiqa_bm25,fiqa,bm25,47,decision_value,32,150,32,0.23128133693078542,0.305,-0.008505202152152674,-0.0212328209721144,-0.004444444444444445,-0.018333333333333333,0.7933333333333333,1.0,0.9999999832374816,1.676251852836132e-08,76.39591286834911,70.0,16.0,48.0,19549.0,5067.0,1.0,0.0,0.13333333333333333,52.026666666666664,17.393333333333334
fiqa_dense,fiqa,dense,11,random,0,150,0,0.3250366862359049,0.4181746031746032,0.0,-0.007491044938178078,0.0,-0.007888888888888891,0.0,0.4066666666666667,0.5,0.5,0.0,0.0,0.0,0.0,0.0,0.0,1.0,0.0,0.5933333333333334,233.19333333333333,74.34666666666666
fiqa_dense,fiqa,dense,11,random,4,150,4,0.3325277311740831,0.42606349206349203,0.007491044938178078,0.0,0.007888888888888891,0.0,0.4066666666666667,0.0,0.9974482662754134,0.00255173372458674,74.45561634347541,8.0,16.0,48.0,20434.0,5505.0,1.0,0.0,1.0,393.93333333333334,124.31333333333333
fiqa_dense,fiqa,dense,11,random,8,150,8,0.3325277311740831,0.42606349206349203,0.007491044938178078,0.0,0.007888888888888891,0.0,0.4066666666666667,0.0,0.999844247109524,0.00015575289047597027,74.45561634347541,16.0,16.0,48.0,20434.0,5505.0,1.0,0.0,1.0,393.93333333333334,124.31333333333333
fiqa_dense,fiqa,dense,11,random,16,150,16,0.3325277311740831,0.42606349206349203,0.007491044938178078,0.0,0.007888888888888891,0.0,0.4066666666666667,0.0,0.9999667465796589,3.325342034114555e-05,74.45561634347541,35.0,16.0,48.0,20434.0,5505.0,1.0,0.0,1.0,393.93333333333334,124.31333333333333
fiqa_dense,fiqa,dense,11,random,32,150,32,0.3325277311740831,0.42606349206349203,0.007491044938178078,0.0,0.007888888888888891,0.0,0.4066666666666667,0.0,0.9999969620041057,3.0379958941552303e-06,74.45561634347541,73.0,16.0,48.0,20434.0,5505.0,1.0,0.0,1.0,393.93333333333334,124.31333333333333
fiqa_dense,fiqa,dense,11,fixed,0,150,0,0.3250366862359049,0.4181746031746032,0.0,-0.007491044938178078,0.0,-0.007888888888888891,0.0,0.4066666666666667,0.5,0.5,0.0,0.0,0.0,0.0,0.0,0.0,1.0,0.0,0.5933333333333334,233.19333333333333,74.34666666666666
fiqa_dense,fiqa,dense,11,fixed,4,150,4,0.3250366862359049,0.4181746031746032,0.0,-0.007491044938178078,0.0,-0.007888888888888891,0.0,0.4066666666666667,0.43185635842674863,0.5681436415732515,74.45561634347541,9.0,16.0,48.0,20434.0,5505.0,1.0,0.0,0.5933333333333334,233.19333333333333,74.34666666666666
fiqa_dense,fiqa,dense,11,fixed,8,150,8,0.3250366862359049,0.4181746031746032,0.0,-0.007491044938178078,0.0,-0.007888888888888891,0.0,0.4066666666666667,0.42393342226571423,0.5760665777342857,74.45561634347541,18.0,16.0,48.0,20434.0,5505.0,1.0,0.0,0.5933333333333334,233.19333333333333,74.34666666666666
fiqa_dense,fiqa,dense,11,fixed,16,150,16,0.3250366862359049,0.4181746031746032,0.0,-0.007491044938178078,0.0,-0.007888888888888891,0.0,0.4066666666666667,0.6180688724114999,0.3819311275885002,74.45561634347541,36.0,16.0,48.0,20434.0,5505.0,1.0,0.0,0.5933333333333334,233.19333333333333,74.34666666666666
fiqa_dense,fiqa,dense,11,fixed,32,150,32,0.3325277311740831,0.42606349206349203,0.007491044938178078,0.0,0.007888888888888891,0.0,0.4066666666666667,0.0,0.9971964554656928,0.002803544534307117,74.45561634347541,72.0,16.0,48.0,20434.0,5505.0,1.0,0.0,1.0,393.93333333333334,124.31333333333333
fiqa_dense,fiqa,dense,11,information_gain,0,150,0,0.3250366862359049,0.4181746031746032,0.0,-0.007491044938178078,0.0,-0.007888888888888891,0.0,0.4066666666666667,0.5,0.5,0.0,0.0,0.0,0.0,0.0,0.0,1.0,0.0,0.5933333333333334,233.19333333333333,74.34666666666666
fiqa_dense,fiqa,dense,11,information_gain,4,150,4,0.3325277311740831,0.42606349206349203,0.007491044938178078,0.0,0.007888888888888891,0.0,0.4066666666666667,0.0,0.992237653745285,0.007762346254714954,74.45561634347541,8.0,16.0,48.0,20434.0,5505.0,1.0,0.0,1.0,393.93333333333334,124.31333333333333
fiqa_dense,fiqa,dense,11,information_gain,8,150,8,0.3325277311740831,0.42606349206349203,0.007491044938178078,0.0,0.007888888888888891,0.0,0.4066666666666667,0.0,0.9878302262121669,0.012169773787833061,74.45561634347541,16.0,16.0,48.0,20434.0,5505.0,1.0,0.0,1.0,393.93333333333334,124.31333333333333
fiqa_dense,fiqa,dense,11,information_gain,16,150,16,0.3325277311740831,0.42606349206349203,0.007491044938178078,0.0,0.007888888888888891,0.0,0.4066666666666667,0.0,0.9926261083520664,0.007373891647933563,74.45561634347541,32.0,16.0,48.0,20434.0,5505.0,1.0,0.0,1.0,393.93333333333334,124.31333333333333
fiqa_dense,fiqa,dense,11,information_gain,32,150,32,0.3325277311740831,0.42606349206349203,0.007491044938178078,0.0,0.007888888888888891,0.0,0.4066666666666667,0.0,0.9999850243739369,1.4975626063134367e-05,74.45561634347541,71.0,16.0,48.0,20434.0,5505.0,1.0,0.0,1.0,393.93333333333334,124.31333333333333
fiqa_dense,fiqa,dense,11,decision_value,0,150,0,0.3250366862359049,0.4181746031746032,0.0,-0.007491044938178078,0.0,-0.007888888888888891,0.0,0.4066666666666667,0.5,0.5,0.0,0.0,0.0,0.0,0.0,0.0,1.0,0.0,0.5933333333333334,233.19333333333333,74.34666666666666
fiqa_dense,fiqa,dense,11,decision_value,4,150,4,0.3325277311740831,0.42606349206349203,0.007491044938178078,0.0,0.007888888888888891,0.0,0.4066666666666667,0.0,0.9917992181095999,0.00820078189039997,74.45561634347541,9.0,16.0,48.0,20434.0,5505.0,1.0,0.0,1.0,393.93333333333334,124.31333333333333
fiqa_dense,fiqa,dense,11,decision_value,8,150,8,0.3325277311740831,0.42606349206349203,0.007491044938178078,0.0,0.007888888888888891,0.0,0.4066666666666667,0.0,0.9881682529384077,0.01183174706159233,74.45561634347541,19.0,16.0,48.0,20434.0,5505.0,1.0,0.0,1.0,393.93333333333334,124.31333333333333
fiqa_dense,fiqa,dense,11,decision_value,16,150,16,0.3325277311740831,0.42606349206349203,0.007491044938178078,0.0,0.007888888888888891,0.0,0.4066666666666667,0.0,0.9658352744353109,0.03416472556468914,74.45561634347541,38.0,16.0,48.0,20434.0,5505.0,1.0,0.0,1.0,393.93333333333334,124.31333333333333
fiqa_dense,fiqa,dense,11,decision_value,32,150,32,0.3325277311740831,0.42606349206349203,0.007491044938178078,0.0,0.007888888888888891,0.0,0.4066666666666667,0.0,0.99998925899174,1.0741008259935937e-05,74.45561634347541,72.0,16.0,48.0,20434.0,5505.0,1.0,0.0,1.0,393.93333333333334,124.31333333333333
fiqa_dense,fiqa,dense,23,random,0,150,0,0.3250366862359049,0.4181746031746032,0.0,-0.007491044938178078,0.0,-0.007888888888888891,0.0,0.4066666666666667,0.5,0.5,0.0,0.0,0.0,0.0,0.0,0.0,1.0,0.0,0.5933333333333334,233.19333333333333,74.34666666666666
fiqa_dense,fiqa,dense,23,random,4,150,4,0.3250366862359049,0.4181746031746032,0.0,-0.007491044938178078,0.0,-0.007888888888888891,0.0,0.4066666666666667,0.3020185575634554,0.6979814424365446,73.66888182834373,8.0,16.0,48.0,19861.0,5219.0,1.0,0.0,0.5933333333333334,233.19333333333333,74.34666666666666
fiqa_dense,fiqa,dense,23,random,8,150,8,0.3250366862359049,0.4181746031746032,0.0,-0.007491044938178078,0.0,-0.007888888888888891,0.0,0.4066666666666667,0.4129164505574951,0.5870835494425048,73.66888182834373,17.0,16.0,48.0,19861.0,5219.0,1.0,0.0,0.5933333333333334,233.19333333333333,74.34666666666666
fiqa_dense,fiqa,dense,23,random,16,150,16,0.3250366862359049,0.4181746031746032,0.0,-0.007491044938178078,0.0,-0.007888888888888891,0.0,0.4066666666666667,0.5614601304273595,0.43853986957264035,73.66888182834373,34.0,16.0,48.0,19861.0,5219.0,1.0,0.0,0.5933333333333334,233.19333333333333,74.34666666666666
fiqa_dense,fiqa,dense,23,random,32,150,32,0.3325277311740831,0.42606349206349203,0.007491044938178078,0.0,0.007888888888888891,0.0,0.4066666666666667,0.0,0.9765946808614588,0.023405319138541127,73.66888182834373,71.0,16.0,48.0,19861.0,5219.0,1.0,0.0,1.0,393.93333333333334,124.31333333333333
fiqa_dense,fiqa,dense,23,fixed,0,150,0,0.3250366862359049,0.4181746031746032,0.0,-0.007491044938178078,0.0,-0.007888888888888891,0.0,0.4066666666666667,0.5,0.5,0.0,0.0,0.0,0.0,0.0,0.0,1.0,0.0,0.5933333333333334,233.19333333333333,74.34666666666666
fiqa_dense,fiqa,dense,23,fixed,4,150,4,0.3250366862359049,0.4181746031746032,0.0,-0.007491044938178078,0.0,-0.007888888888888891,0.0,0.4066666666666667,0.3916600225582457,0.6083399774417543,73.66888182834373,9.0,16.0,48.0,19861.0,5219.0,1.0,0.0,0.5933333333333334,233.19333333333333,74.34666666666666
fiqa_dense,fiqa,dense,23,fixed,8,150,8,0.3250366862359049,0.4181746031746032,0.0,-0.007491044938178078,0.0,-0.007888888888888891,0.0,0.4066666666666667,0.4425435727564422,0.5574564272435577,73.66888182834373,18.0,16.0,48.0,19861.0,5219.0,1.0,0.0,0.5933333333333334,233.19333333333333,74.34666666666666
fiqa_dense,fiqa,dense,23,fixed,16,150,16,0.3325277311740831,0.42606349206349203,0.007491044938178078,0.0,0.007888888888888891,0.0,0.4066666666666667,0.0,0.8214182989461526,0.17858170105384744,73.66888182834373,36.0,16.0,48.0,19861.0,5219.0,1.0,0.0,1.0,393.93333333333334,124.31333333333333
fiqa_dense,fiqa,dense,23,fixed,32,150,32,0.3325277311740831,0.42606349206349203,0.007491044938178078,0.0,0.007888888888888891,0.0,0.4066666666666667,0.0,0.9908729602102682,0.009127039789731903,73.66888182834373,72.0,16.0,48.0,19861.0,5219.0,1.0,0.0,1.0,393.93333333333334,124.31333333333333
fiqa_dense,fiqa,dense,23,information_gain,0,150,0,0.3250366862359049,0.4181746031746032,0.0,-0.007491044938178078,0.0,-0.007888888888888891,0.0,0.4066666666666667,0.5,0.5,0.0,0.0,0.0,0.0,0.0,0.0,1.0,0.0,0.5933333333333334,233.19333333333333,74.34666666666666
fiqa_dense,fiqa,dense,23,information_gain,4,150,4,0.3250366862359049,0.4181746031746032,0.0,-0.007491044938178078,0.0,-0.007888888888888891,0.0,0.4066666666666667,0.7613380479349682,0.23866195206503185,73.66888182834373,8.0,16.0,48.0,19861.0,5219.0,1.0,0.0,0.5933333333333334,233.19333333333333,74.34666666666666
fiqa_dense,fiqa,dense,23,information_gain,8,150,8,0.3325277311740831,0.42606349206349203,0.007491044938178078,0.0,0.007888888888888891,0.0,0.4066666666666667,0.0,0.9767866101475661,0.023213389852433916,73.66888182834373,16.0,16.0,48.0,19861.0,5219.0,1.0,0.0,1.0,393.93333333333334,124.31333333333333
fiqa_dense,fiqa,dense,23,information_gain,16,150,16,0.3325277311740831,0.42606349206349203,0.007491044938178078,0.0,0.007888888888888891,0.0,0.4066666666666667,0.0,0.9931796032725739,0.006820396727426112,73.66888182834373,32.0,16.0,48.0,19861.0,5219.0,1.0,0.0,1.0,393.93333333333334,124.31333333333333
fiqa_dense,fiqa,dense,23,information_gain,32,150,32,0.3325277311740831,0.42606349206349203,0.007491044938178078,0.0,0.007888888888888891,0.0,0.4066666666666667,0.0,0.9999903676009427,9.632399057171304e-06,73.66888182834373,72.0,16.0,48.0,19861.0,5219.0,1.0,0.0,1.0,393.93333333333334,124.31333333333333
fiqa_dense,fiqa,dense,23,decision_value,0,150,0,0.3250366862359049,0.4181746031746032,0.0,-0.007491044938178078,0.0,-0.007888888888888891,0.0,0.4066666666666667,0.5,0.5,0.0,0.0,0.0,0.0,0.0,0.0,1.0,0.0,0.5933333333333334,233.19333333333333,74.34666666666666
fiqa_dense,fiqa,dense,23,decision_value,4,150,4,0.3250366862359049,0.4181746031746032,0.0,-0.007491044938178078,0.0,-0.007888888888888891,0.0,0.4066666666666667,0.7613380479349682,0.23866195206503185,73.66888182834373,8.0,16.0,48.0,19861.0,5219.0,1.0,0.0,0.5933333333333334,233.19333333333333,74.34666666666666
fiqa_dense,fiqa,dense,23,decision_value,8,150,8,0.3325277311740831,0.42606349206349203,0.007491044938178078,0.0,0.007888888888888891,0.0,0.4066666666666667,0.0,0.9767866101475661,0.023213389852433916,73.66888182834373,16.0,16.0,48.0,19861.0,5219.0,1.0,0.0,1.0,393.93333333333334,124.31333333333333
fiqa_dense,fiqa,dense,23,decision_value,16,150,16,0.3325277311740831,0.42606349206349203,0.007491044938178078,0.0,0.007888888888888891,0.0,0.4066666666666667,0.0,0.9972943016254335,0.002705698374566442,73.66888182834373,34.0,16.0,48.0,19861.0,5219.0,1.0,0.0,1.0,393.93333333333334,124.31333333333333
fiqa_dense,fiqa,dense,23,decision_value,32,150,32,0.3325277311740831,0.42606349206349203,0.007491044938178078,0.0,0.007888888888888891,0.0,0.4066666666666667,0.0,0.9981216524784348,0.0018783475215652563,73.66888182834373,73.0,16.0,48.0,19861.0,5219.0,1.0,0.0,1.0,393.93333333333334,124.31333333333333
fiqa_dense,fiqa,dense,47,random,0,150,0,0.3250366862359049,0.4181746031746032,0.0,-0.007491044938178078,0.0,-0.007888888888888891,0.0,0.4066666666666667,0.5,0.5,0.0,0.0,0.0,0.0,0.0,0.0,1.0,0.0,0.5933333333333334,233.19333333333333,74.34666666666666
fiqa_dense,fiqa,dense,47,random,4,150,4,0.3325277311740831,0.42606349206349203,0.007491044938178078,0.0,0.007888888888888891,0.0,0.4066666666666667,0.0,0.9892851711792061,0.010714828820793795,76.39591286834911,10.0,16.0,48.0,19549.0,5067.0,1.0,0.0,1.0,393.93333333333334,124.31333333333333
fiqa_dense,fiqa,dense,47,random,8,150,8,0.3325277311740831,0.42606349206349203,0.007491044938178078,0.0,0.007888888888888891,0.0,0.4066666666666667,0.0,0.9930539780007903,0.006946021999209654,76.39591286834911,18.0,16.0,48.0,19549.0,5067.0,1.0,0.0,1.0,393.93333333333334,124.31333333333333
fiqa_dense,fiqa,dense,47,random,16,150,16,0.3325277311740831,0.42606349206349203,0.007491044938178078,0.0,0.007888888888888891,0.0,0.4066666666666667,0.0,0.9775792983481933,0.022420701651806714,76.39591286834911,35.0,16.0,48.0,19549.0,5067.0,1.0,0.0,1.0,393.93333333333334,124.31333333333333
fiqa_dense,fiqa,dense,47,random,32,150,32,0.3325277311740831,0.42606349206349203,0.007491044938178078,0.0,0.007888888888888891,0.0,0.4066666666666667,0.0,0.999607310952513,0.0003926890474870763,76.39591286834911,71.0,16.0,48.0,19549.0,5067.0,1.0,0.0,1.0,393.93333333333334,124.31333333333333
fiqa_dense,fiqa,dense,47,fixed,0,150,0,0.3250366862359049,0.4181746031746032,0.0,-0.007491044938178078,0.0,-0.007888888888888891,0.0,0.4066666666666667,0.5,0.5,0.0,0.0,0.0,0.0,0.0,0.0,1.0,0.0,0.5933333333333334,233.19333333333333,74.34666666666666
fiqa_dense,fiqa,dense,47,fixed,4,150,4,0.3325277311740831,0.42606349206349203,0.007491044938178078,0.0,0.007888888888888891,0.0,0.4066666666666667,0.0,0.9079800806824359,0.09201991931756417,76.39591286834911,9.0,16.0,48.0,19549.0,5067.0,1.0,0.0,1.0,393.93333333333334,124.31333333333333
fiqa_dense,fiqa,dense,47,fixed,8,150,8,0.3325277311740831,0.42606349206349203,0.007491044938178078,0.0,0.007888888888888891,0.0,0.4066666666666667,0.0,0.972842351463995,0.027157648536004952,76.39591286834911,18.0,16.0,48.0,19549.0,5067.0,1.0,0.0,1.0,393.93333333333334,124.31333333333333
fiqa_dense,fiqa,dense,47,fixed,16,150,16,0.3325277311740831,0.42606349206349203,0.007491044938178078,0.0,0.007888888888888891,0.0,0.4066666666666667,0.0,0.9759377408527822,0.024062259147217723,76.39591286834911,36.0,16.0,48.0,19549.0,5067.0,1.0,0.0,1.0,393.93333333333334,124.31333333333333
fiqa_dense,fiqa,dense,47,fixed,32,150,32,0.3325277311740831,0.42606349206349203,0.007491044938178078,0.0,0.007888888888888891,0.0,0.4066666666666667,0.0,0.9986250797394419,0.0013749202605580304,76.39591286834911,72.0,16.0,48.0,19549.0,5067.0,1.0,0.0,1.0,393.93333333333334,124.31333333333333
fiqa_dense,fiqa,dense,47,information_gain,0,150,0,0.3250366862359049,0.4181746031746032,0.0,-0.007491044938178078,0.0,-0.007888888888888891,0.0,0.4066666666666667,0.5,0.5,0.0,0.0,0.0,0.0,0.0,0.0,1.0,0.0,0.5933333333333334,233.19333333333333,74.34666666666666
fiqa_dense,fiqa,dense,47,information_gain,4,150,4,0.3325277311740831,0.42606349206349203,0.007491044938178078,0.0,0.007888888888888891,0.0,0.4066666666666667,0.0,0.9295311534274797,0.07046884657252034,76.39591286834911,8.0,16.0,48.0,19549.0,5067.0,1.0,0.0,1.0,393.93333333333334,124.31333333333333
fiqa_dense,fiqa,dense,47,information_gain,8,150,8,0.3325277311740831,0.42606349206349203,0.007491044938178078,0.0,0.007888888888888891,0.0,0.4066666666666667,0.0,0.9982765667013617,0.0017234332986384184,76.39591286834911,16.0,16.0,48.0,19549.0,5067.0,1.0,0.0,1.0,393.93333333333334,124.31333333333333
fiqa_dense,fiqa,dense,47,information_gain,16,150,16,0.3325277311740831,0.42606349206349203,0.007491044938178078,0.0,0.007888888888888891,0.0,0.4066666666666667,0.0,0.9989384079119988,0.0010615920880011475,76.39591286834911,32.0,16.0,48.0,19549.0,5067.0,1.0,0.0,1.0,393.93333333333334,124.31333333333333
fiqa_dense,fiqa,dense,47,information_gain,32,150,32,0.3325277311740831,0.42606349206349203,0.007491044938178078,0.0,0.007888888888888891,0.0,0.4066666666666667,0.0,0.9997954991853559,0.00020450081464409785,76.39591286834911,74.0,16.0,48.0,19549.0,5067.0,1.0,0.0,1.0,393.93333333333334,124.31333333333333
fiqa_dense,fiqa,dense,47,decision_value,0,150,0,0.3250366862359049,0.4181746031746032,0.0,-0.007491044938178078,0.0,-0.007888888888888891,0.0,0.4066666666666667,0.5,0.5,0.0,0.0,0.0,0.0,0.0,0.0,1.0,0.0,0.5933333333333334,233.19333333333333,74.34666666666666
fiqa_dense,fiqa,dense,47,decision_value,4,150,4,0.3325277311740831,0.42606349206349203,0.007491044938178078,0.0,0.007888888888888891,0.0,0.4066666666666667,0.0,0.9295311534274797,0.07046884657252034,76.39591286834911,8.0,16.0,48.0,19549.0,5067.0,1.0,0.0,1.0,393.93333333333334,124.31333333333333
fiqa_dense,fiqa,dense,47,decision_value,8,150,8,0.3325277311740831,0.42606349206349203,0.007491044938178078,0.0,0.007888888888888891,0.0,0.4066666666666667,0.0,0.9982467959040866,0.0017532040959133868,76.39591286834911,18.0,16.0,48.0,19549.0,5067.0,1.0,0.0,1.0,393.93333333333334,124.31333333333333
fiqa_dense,fiqa,dense,47,decision_value,16,150,16,0.3325277311740831,0.42606349206349203,0.007491044938178078,0.0,0.007888888888888891,0.0,0.4066666666666667,0.0,0.9999242159863564,7.578401364357965e-05,76.39591286834911,36.0,16.0,48.0,19549.0,5067.0,1.0,0.0,1.0,393.93333333333334,124.31333333333333
fiqa_dense,fiqa,dense,47,decision_value,32,150,32,0.3325277311740831,0.42606349206349203,0.007491044938178078,0.0,0.007888888888888891,0.0,0.4066666666666667,0.0,0.9999910948260946,8.905173905385518e-06,76.39591286834911,70.0,16.0,48.0,19549.0,5067.0,1.0,0.0,1.0,393.93333333333334,124.31333333333333
nfcorpus_bm25,nfcorpus,bm25,11,random,0,65,0,0.24510579949889155,0.25775147928994085,0.0,0.0,0.0,0.0,0.0,0.0,0.5,0.5,0.0,0.0,0.0,0.0,0.0,0.0,1.0,0.0,0.0,0.0,0.0
nfcorpus_bm25,nfcorpus,bm25,11,random,4,65,4,0.24510579949889155,0.25775147928994085,0.0,0.0,0.0,0.0,0.0,0.0,0.7213719613109741,0.27862803868902586,97.41325913557375,8.0,16.0,48.0,24215.0,6074.0,1.0,0.0,0.0,0.0,0.0
nfcorpus_bm25,nfcorpus,bm25,11,random,8,65,8,0.24510579949889155,0.25775147928994085,0.0,0.0,0.0,0.0,0.0,0.0,0.7140093973063584,0.2859906026936415,97.41325913557375,16.0,16.0,48.0,24215.0,6074.0,1.0,0.0,0.0,0.0,0.0
nfcorpus_bm25,nfcorpus,bm25,11,random,16,65,16,0.24510579949889155,0.25775147928994085,0.0,0.0,0.0,0.0,0.0,0.0,0.3518897395830782,0.6481102604169219,97.41325913557375,35.0,16.0,48.0,24215.0,6074.0,1.0,0.0,0.0,0.0,0.0
nfcorpus_bm25,nfcorpus,bm25,11,random,32,65,32,0.24510579949889155,0.25775147928994085,0.0,0.0,0.0,0.0,0.0,0.0,0.2971484079662402,0.7028515920337598,97.41325913557375,73.0,16.0,48.0,24215.0,6074.0,1.0,0.0,0.0,0.0,0.0
nfcorpus_bm25,nfcorpus,bm25,11,fixed,0,65,0,0.24510579949889155,0.25775147928994085,0.0,0.0,0.0,0.0,0.0,0.0,0.5,0.5,0.0,0.0,0.0,0.0,0.0,0.0,1.0,0.0,0.0,0.0,0.0
nfcorpus_bm25,nfcorpus,bm25,11,fixed,4,65,4,0.24510579949889155,0.25775147928994085,0.0,0.0,0.0,0.0,0.0,0.0,0.38756682752534627,0.6124331724746538,97.41325913557375,9.0,16.0,48.0,24215.0,6074.0,1.0,0.0,0.0,0.0,0.0
nfcorpus_bm25,nfcorpus,bm25,11,fixed,8,65,8,0.24510579949889155,0.25775147928994085,0.0,0.0,0.0,0.0,0.0,0.0,0.8105588640250637,0.18944113597493623,97.41325913557375,18.0,16.0,48.0,24215.0,6074.0,1.0,0.0,0.0,0.0,0.0
nfcorpus_bm25,nfcorpus,bm25,11,fixed,16,65,16,0.24510579949889155,0.25775147928994085,0.0,0.0,0.0,0.0,0.0,0.0,0.7627278546910831,0.23727214530891705,97.41325913557375,36.0,16.0,48.0,24215.0,6074.0,1.0,0.0,0.0,0.0,0.0
nfcorpus_bm25,nfcorpus,bm25,11,fixed,32,65,32,0.24510579949889155,0.25775147928994085,0.0,0.0,0.0,0.0,0.0,0.0,0.7471952887478701,0.2528047112521299,97.41325913557375,72.0,16.0,48.0,24215.0,6074.0,1.0,0.0,0.0,0.0,0.0
nfcorpus_bm25,nfcorpus,bm25,11,information_gain,0,65,0,0.24510579949889155,0.25775147928994085,0.0,0.0,0.0,0.0,0.0,0.0,0.5,0.5,0.0,0.0,0.0,0.0,0.0,0.0,1.0,0.0,0.0,0.0,0.0
nfcorpus_bm25,nfcorpus,bm25,11,information_gain,4,65,4,0.24510579949889155,0.25775147928994085,0.0,0.0,0.0,0.0,0.0,0.0,0.27624394561821275,0.7237560543817874,97.41325913557375,8.0,16.0,48.0,24215.0,6074.0,1.0,0.0,0.0,0.0,0.0
nfcorpus_bm25,nfcorpus,bm25,11,information_gain,8,65,8,0.2455191904189422,0.25775147928994085,0.000413390920050688,0.000413390920050688,0.0,0.0,0.06153846153846154,0.06153846153846154,0.04758556476414809,0.9524144352358518,97.41325913557375,16.0,16.0,48.0,24215.0,6074.0,1.0,0.0,0.0,0.0,0.0
nfcorpus_bm25,nfcorpus,bm25,11,information_gain,16,65,16,0.24756796301988784,0.25775147928994085,0.0024621635209963054,0.0024621635209963054,0.0,0.0,0.9384615384615385,0.9384615384615385,0.004003679255791609,0.9959963207442083,97.41325913557375,37.0,16.0,48.0,24215.0,6074.0,1.0,0.0,0.0,0.0,0.0
nfcorpus_bm25,nfcorpus,bm25,11,information_gain,32,65,32,0.2455191904189422,0.25775147928994085,0.000413390920050688,0.000413390920050688,0.0,0.0,0.06153846153846154,0.06153846153846154,0.03790497380950652,0.9620950261904935,97.41325913557375,75.0,16.0,48.0,24215.0,6074.0,1.0,0.0,0.0,0.0,0.0
nfcorpus_bm25,nfcorpus,bm25,11,decision_value,0,65,0,0.24510579949889155,0.25775147928994085,0.0,0.0,0.0,0.0,0.0,0.0,0.5,0.5,0.0,0.0,0.0,0.0,0.0,0.0,1.0,0.0,0.0,0.0,0.0
nfcorpus_bm25,nfcorpus,bm25,11,decision_value,4,65,4,0.24510579949889155,0.25775147928994085,0.0,0.0,0.0,0.0,0.0,0.0,0.27624394561821275,0.7237560543817874,97.41325913557375,8.0,16.0,48.0,24215.0,6074.0,1.0,0.0,0.0,0.0,0.0
nfcorpus_bm25,nfcorpus,bm25,11,decision_value,8,65,8,0.2455191904189422,0.25775147928994085,0.000413390920050688,0.000413390920050688,0.0,0.0,0.06153846153846154,0.06153846153846154,0.04758556476414809,0.9524144352358518,97.41325913557375,16.0,16.0,48.0,24215.0,6074.0,1.0,0.0,0.0,0.0,0.0
nfcorpus_bm25,nfcorpus,bm25,11,decision_value,16,65,16,0.24756796301988784,0.25775147928994085,0.0024621635209963054,0.0024621635209963054,0.0,0.0,0.9384615384615385,0.9384615384615385,0.006883792295286399,0.9931162077047136,97.41325913557375,35.0,16.0,48.0,24215.0,6074.0,1.0,0.0,0.0,0.0,0.0
nfcorpus_bm25,nfcorpus,bm25,11,decision_value,32,65,32,0.2455191904189422,0.25775147928994085,0.000413390920050688,0.000413390920050688,0.0,0.0,0.06153846153846154,0.06153846153846154,0.037904973809506456,0.9620950261904935,97.41325913557375,75.0,16.0,48.0,24215.0,6074.0,1.0,0.0,0.0,0.0,0.0
nfcorpus_bm25,nfcorpus,bm25,23,random,0,65,0,0.24510579949889155,0.25775147928994085,0.0,0.0,0.0,0.0,0.0,0.0,0.5,0.5,0.0,0.0,0.0,0.0,0.0,0.0,1.0,0.0,0.0,0.0,0.0
nfcorpus_bm25,nfcorpus,bm25,23,random,4,65,4,0.24510579949889155,0.25775147928994085,0.0,0.0,0.0,0.0,0.0,0.0,0.5583600641681288,0.4416399358318712,100.15326391182316,8.0,16.0,48.0,23007.0,5887.0,1.0,0.0,0.0,0.0,0.0
nfcorpus_bm25,nfcorpus,bm25,23,random,8,65,8,0.24510579949889155,0.25775147928994085,0.0,0.0,0.0,0.0,0.0,0.0,0.33340373246504335,0.6665962675349567,100.15326391182316,17.0,16.0,48.0,23007.0,5887.0,1.0,0.0,0.0,0.0,0.0
nfcorpus_bm25,nfcorpus,bm25,23,random,16,65,16,0.24510579949889155,0.25775147928994085,0.0,0.0,0.0,0.0,0.0,0.0,0.29790856145129013,0.7020914385487099,100.15326391182316,34.0,16.0,48.0,23007.0,5887.0,1.0,0.0,0.0,0.0,0.0
nfcorpus_bm25,nfcorpus,bm25,23,random,32,65,32,0.24510579949889155,0.25775147928994085,0.0,0.0,0.0,0.0,0.0,0.0,0.7599938192410559,0.240006180758944,100.15326391182316,71.0,16.0,48.0,23007.0,5887.0,1.0,0.0,0.0,0.0,0.0
nfcorpus_bm25,nfcorpus,bm25,23,fixed,0,65,0,0.24510579949889155,0.25775147928994085,0.0,0.0,0.0,0.0,0.0,0.0,0.5,0.5,0.0,0.0,0.0,0.0,0.0,0.0,1.0,0.0,0.0,0.0,0.0
nfcorpus_bm25,nfcorpus,bm25,23,fixed,4,65,4,0.24510579949889155,0.25775147928994085,0.0,0.0,0.0,0.0,0.0,0.0,0.38756682752534627,0.6124331724746538,100.15326391182316,9.0,16.0,48.0,23007.0,5887.0,1.0,0.0,0.0,0.0,0.0
nfcorpus_bm25,nfcorpus,bm25,23,fixed,8,65,8,0.24510579949889155,0.25775147928994085,0.0,0.0,0.0,0.0,0.0,0.0,0.7428314880971534,0.2571685119028466,100.15326391182316,18.0,16.0,48.0,23007.0,5887.0,1.0,0.0,0.0,0.0,0.0
nfcorpus_bm25,nfcorpus,bm25,23,fixed,16,65,16,0.24510579949889155,0.25775147928994085,0.0,0.0,0.0,0.0,0.0,0.0,0.7795784296555648,0.22042157034443527,100.15326391182316,36.0,16.0,48.0,23007.0,5887.0,1.0,0.0,0.0,0.0,0.0
nfcorpus_bm25,nfcorpus,bm25,23,fixed,32,65,32,0.24510579949889155,0.25775147928994085,0.0,0.0,0.0,0.0,0.0,0.0,0.273490393484315,0.726509606515685,100.15326391182316,72.0,16.0,48.0,23007.0,5887.0,1.0,0.0,0.0,0.0,0.0
nfcorpus_bm25,nfcorpus,bm25,23,information_gain,0,65,0,0.24510579949889155,0.25775147928994085,0.0,0.0,0.0,0.0,0.0,0.0,0.5,0.5,0.0,0.0,0.0,0.0,0.0,0.0,1.0,0.0,0.0,0.0,0.0
nfcorpus_bm25,nfcorpus,bm25,23,information_gain,4,65,4,0.24510579949889155,0.25775147928994085,0.0,0.0,0.0,0.0,0.0,0.0,0.526714696454487,0.47328530354551296,100.15326391182316,8.0,16.0,48.0,23007.0,5887.0,1.0,0.0,0.0,0.0,0.0
nfcorpus_bm25,nfcorpus,bm25,23,information_gain,8,65,8,0.24334018480094824,0.25005917159763313,-0.0017656146979433001,-0.0017656146979433001,-0.007692307692307693,-0.007692307692307693,0.06153846153846154,0.06153846153846154,0.9987255439780619,0.0012744560219381772,100.15326391182316,18.0,16.0,48.0,23007.0,5887.0,1.0,0.0,0.06153846153846154,24.153846153846153,7.6
nfcorpus_bm25,nfcorpus,bm25,23,information_gain,16,65,16,0.24334018480094824,0.25005917159763313,-0.0017656146979433001,-0.0017656146979433001,-0.007692307692307693,-0.007692307692307693,0.06153846153846154,0.06153846153846154,0.9983393703861406,0.0016606296138593128,100.15326391182316,38.0,16.0,48.0,23007.0,5887.0,1.0,0.0,0.06153846153846154,24.153846153846153,7.6
nfcorpus_bm25,nfcorpus,bm25,23,information_gain,32,65,32,0.24334018480094824,0.25005917159763313,-0.0017656146979433001,-0.0017656146979433001,-0.007692307692307693,-0.007692307692307693,0.06153846153846154,0.06153846153846154,0.9999374725041731,6.252749582706534e-05,100.15326391182316,74.0,16.0,48.0,23007.0,5887.0,1.0,0.0,0.06153846153846154,24.153846153846153,7.6
nfcorpus_bm25,nfcorpus,bm25,23,decision_value,0,65,0,0.24510579949889155,0.25775147928994085,0.0,0.0,0.0,0.0,0.0,0.0,0.5,0.5,0.0,0.0,0.0,0.0,0.0,0.0,1.0,0.0,0.0,0.0,0.0
nfcorpus_bm25,nfcorpus,bm25,23,decision_value,4,65,4,0.24510579949889155,0.25775147928994085,0.0,0.0,0.0,0.0,0.0,0.0,0.526714696454487,0.47328530354551296,100.15326391182316,8.0,16.0,48.0,23007.0,5887.0,1.0,0.0,0.0,0.0,0.0
nfcorpus_bm25,nfcorpus,bm25,23,decision_value,8,65,8,0.24334018480094824,0.25005917159763313,-0.0017656146979433001,-0.0017656146979433001,-0.007692307692307693,-0.007692307692307693,0.06153846153846154,0.06153846153846154,0.9994828499133784,0.0005171500866216163,100.15326391182316,17.0,16.0,48.0,23007.0,5887.0,1.0,0.0,0.06153846153846154,24.153846153846153,7.6
nfcorpus_bm25,nfcorpus,bm25,23,decision_value,16,65,16,0.24334018480094824,0.25005917159763313,-0.0017656146979433001,-0.0017656146979433001,-0.007692307692307693,-0.007692307692307693,0.06153846153846154,0.06153846153846154,0.9997793170148626,0.00022068298513739287,100.15326391182316,38.0,16.0,48.0,23007.0,5887.0,1.0,0.0,0.06153846153846154,24.153846153846153,7.6
nfcorpus_bm25,nfcorpus,bm25,23,decision_value,32,65,32,0.24334018480094824,0.25005917159763313,-0.0017656146979433001,-0.0017656146979433001,-0.007692307692307693,-0.007692307692307693,0.06153846153846154,0.06153846153846154,0.9996576052150343,0.0003423947849657099,100.15326391182316,72.0,16.0,48.0,23007.0,5887.0,1.0,0.0,0.06153846153846154,24.153846153846153,7.6
nfcorpus_bm25,nfcorpus,bm25,47,random,0,65,0,0.24510579949889155,0.25775147928994085,0.0,0.0,0.0,0.0,0.0,0.0,0.5,0.5,0.0,0.0,0.0,0.0,0.0,0.0,1.0,0.0,0.0,0.0,0.0
nfcorpus_bm25,nfcorpus,bm25,47,random,4,65,4,0.24510579949889155,0.25775147928994085,0.0,0.0,0.0,0.0,0.0,0.0,0.429986937184732,0.5700130628152681,96.14452316188545,10.0,16.0,48.0,24033.0,5850.0,1.0,0.0,0.0,0.0,0.0
nfcorpus_bm25,nfcorpus,bm25,47,random,8,65,8,0.2455191904189422,0.25775147928994085,0.000413390920050688,0.000413390920050688,0.0,0.0,0.06153846153846154,0.06153846153846154,0.09544706091333047,0.9045529390866696,96.14452316188545,18.0,16.0,48.0,24033.0,5850.0,1.0,0.0,0.0,0.0,0.0
nfcorpus_bm25,nfcorpus,bm25,47,random,16,65,16,0.24756796301988784,0.25775147928994085,0.0024621635209963054,0.0024621635209963054,0.0,0.0,0.9384615384615385,0.9384615384615385,0.007499059812415826,0.9925009401875843,96.14452316188545,35.0,16.0,48.0,24033.0,5850.0,1.0,0.0,0.0,0.0,0.0
nfcorpus_bm25,nfcorpus,bm25,47,random,32,65,32,0.24756796301988784,0.25775147928994085,0.0024621635209963054,0.0024621635209963054,0.0,0.0,0.9384615384615385,0.9384615384615385,0.003374123078736354,0.9966258769212637,96.14452316188545,71.0,16.0,48.0,24033.0,5850.0,1.0,0.0,0.0,0.0,0.0
nfcorpus_bm25,nfcorpus,bm25,47,fixed,0,65,0,0.24510579949889155,0.25775147928994085,0.0,0.0,0.0,0.0,0.0,0.0,0.5,0.5,0.0,0.0,0.0,0.0,0.0,0.0,1.0,0.0,0.0,0.0,0.0
nfcorpus_bm25,nfcorpus,bm25,47,fixed,4,65,4,0.24510579949889155,0.25775147928994085,0.0,0.0,0.0,0.0,0.0,0.0,0.574812552997632,0.42518744700236805,96.14452316188545,9.0,16.0,48.0,24033.0,5850.0,1.0,0.0,0.0,0.0,0.0
nfcorpus_bm25,nfcorpus,bm25,47,fixed,8,65,8,0.2455191904189422,0.25775147928994085,0.000413390920050688,0.000413390920050688,0.0,0.0,0.06153846153846154,0.06153846153846154,0.11226493482182237,0.8877350651781776,96.14452316188545,18.0,16.0,48.0,24033.0,5850.0,1.0,0.0,0.0,0.0,0.0
nfcorpus_bm25,nfcorpus,bm25,47,fixed,16,65,16,0.2455191904189422,0.25775147928994085,0.000413390920050688,0.000413390920050688,0.0,0.0,0.06153846153846154,0.06153846153846154,0.14931270724558665,0.8506872927544133,96.14452316188545,36.0,16.0,48.0,24033.0,5850.0,1.0,0.0,0.0,0.0,0.0
nfcorpus_bm25,nfcorpus,bm25,47,fixed,32,65,32,0.24756796301988784,0.25775147928994085,0.0024621635209963054,0.0024621635209963054,0.0,0.0,0.9384615384615385,0.9384615384615385,0.009073806086974515,0.9909261939130255,96.14452316188545,72.0,16.0,48.0,24033.0,5850.0,1.0,0.0,0.0,0.0,0.0
nfcorpus_bm25,nfcorpus,bm25,47,information_gain,0,65,0,0.24510579949889155,0.25775147928994085,0.0,0.0,0.0,0.0,0.0,0.0,0.5,0.5,0.0,0.0,0.0,0.0,0.0,0.0,1.0,0.0,0.0,0.0,0.0
nfcorpus_bm25,nfcorpus,bm25,47,information_gain,4,65,4,0.24756796301988784,0.25775147928994085,0.0024621635209963054,0.0024621635209963054,0.0,0.0,0.9384615384615385,0.9384615384615385,0.015163832290337726,0.9848361677096623,96.14452316188545,8.0,16.0,48.0,24033.0,5850.0,1.0,0.0,0.0,0.0,0.0
nfcorpus_bm25,nfcorpus,bm25,47,information_gain,8,65,8,0.24756796301988784,0.25775147928994085,0.0024621635209963054,0.0024621635209963054,0.0,0.0,0.9384615384615385,0.9384615384615385,0.004171117781696122,0.9958288822183039,96.14452316188545,19.0,16.0,48.0,24033.0,5850.0,1.0,0.0,0.0,0.0,0.0
nfcorpus_bm25,nfcorpus,bm25,47,information_gain,16,65,16,0.24756796301988784,0.25775147928994085,0.0024621635209963054,0.0024621635209963054,0.0,0.0,0.9384615384615385,0.9384615384615385,0.00015897743175424402,0.9998410225682458,96.14452316188545,37.0,16.0,48.0,24033.0,5850.0,1.0,0.0,0.0,0.0,0.0
nfcorpus_bm25,nfcorpus,bm25,47,information_gain,32,65,32,0.24756796301988784,0.25775147928994085,0.0024621635209963054,0.0024621635209963054,0.0,0.0,0.9384615384615385,0.9384615384615385,6.463366766181131e-05,0.9999353663323383,96.14452316188545,75.0,16.0,48.0,24033.0,5850.0,1.0,0.0,0.0,0.0,0.0
nfcorpus_bm25,nfcorpus,bm25,47,decision_value,0,65,0,0.24510579949889155,0.25775147928994085,0.0,0.0,0.0,0.0,0.0,0.0,0.5,0.5,0.0,0.0,0.0,0.0,0.0,0.0,1.0,0.0,0.0,0.0,0.0
nfcorpus_bm25,nfcorpus,bm25,47,decision_value,4,65,4,0.24756796301988784,0.25775147928994085,0.0024621635209963054,0.0024621635209963054,0.0,0.0,0.9384615384615385,0.9384615384615385,0.015163832290337726,0.9848361677096623,96.14452316188545,8.0,16.0,48.0,24033.0,5850.0,1.0,0.0,0.0,0.0,0.0
nfcorpus_bm25,nfcorpus,bm25,47,decision_value,8,65,8,0.24756796301988784,0.25775147928994085,0.0024621635209963054,0.0024621635209963054,0.0,0.0,0.9384615384615385,0.9384615384615385,0.004171117781696122,0.9958288822183039,96.14452316188545,19.0,16.0,48.0,24033.0,5850.0,1.0,0.0,0.0,0.0,0.0
nfcorpus_bm25,nfcorpus,bm25,47,decision_value,16,65,16,0.24756796301988784,0.25775147928994085,0.0024621635209963054,0.0024621635209963054,0.0,0.0,0.9384615384615385,0.9384615384615385,9.242991115782358e-05,0.9999075700888421,96.14452316188545,38.0,16.0,48.0,24033.0,5850.0,1.0,0.0,0.0,0.0,0.0
nfcorpus_bm25,nfcorpus,bm25,47,decision_value,32,65,32,0.24756796301988784,0.25775147928994085,0.0024621635209963054,0.0024621635209963054,0.0,0.0,0.9384615384615385,0.9384615384615385,5.363415551123119e-05,0.9999463658444888,96.14452316188545,74.0,16.0,48.0,24033.0,5850.0,1.0,0.0,0.0,0.0,0.0
nfcorpus_dense,nfcorpus,dense,11,random,0,65,0,0.22580183663593373,0.2512313327697943,0.0,-0.008984276608951675,0.0,-0.0015384615384615385,0.0,0.06153846153846154,0.5,0.5,0.0,0.0,0.0,0.0,0.0,0.0,1.0,0.0,0.06153846153846154,24.153846153846153,7.6
nfcorpus_dense,nfcorpus,dense,11,random,4,65,4,0.22772374702134163,0.26883817037663194,0.001921910385407913,-0.007062366223543761,0.017606837606837605,0.016068376068376067,0.9384615384615385,1.0,0.16229446992815824,0.8377055300718418,97.41325913557375,8.0,16.0,48.0,24215.0,6074.0,1.0,0.0,0.9384615384615385,361.84615384615387,113.2
nfcorpus_dense,nfcorpus,dense,11,random,8,65,8,0.22772374702134163,0.26883817037663194,0.001921910385407913,-0.007062366223543761,0.017606837606837605,0.016068376068376067,0.9384615384615385,1.0,0.09099895558842931,0.9090010444115707,97.41325913557375,16.0,16.0,48.0,24215.0,6074.0,1.0,0.0,0.9384615384615385,361.84615384615387,113.2
nfcorpus_dense,nfcorpus,dense,11,random,16,65,16,0.22772374702134163,0.26883817037663194,0.001921910385407913,-0.007062366223543761,0.017606837606837605,0.016068376068376067,0.9384615384615385,1.0,0.018460966426065043,0.9815390335739349,97.41325913557375,35.0,16.0,48.0,24215.0,6074.0,1.0,0.0,0.9384615384615385,361.84615384615387,113.2
nfcorpus_dense,nfcorpus,dense,11,random,32,65,32,0.22772374702134163,0.26883817037663194,0.001921910385407913,-0.007062366223543761,0.017606837606837605,0.016068376068376067,0.9384615384615385,1.0,0.0026819736517191828,0.9973180263482808,97.41325913557375,73.0,16.0,48.0,24215.0,6074.0,1.0,0.0,0.9384615384615385,361.84615384615387,113.2
nfcorpus_dense,nfcorpus,dense,11,fixed,0,65,0,0.22580183663593373,0.2512313327697943,0.0,-0.008984276608951675,0.0,-0.0015384615384615385,0.0,0.06153846153846154,0.5,0.5,0.0,0.0,0.0,0.0,0.0,0.0,1.0,0.0,0.06153846153846154,24.153846153846153,7.6
nfcorpus_dense,nfcorpus,dense,11,fixed,4,65,4,0.22580183663593373,0.2512313327697943,0.0,-0.008984276608951675,0.0,-0.0015384615384615385,0.0,0.06153846153846154,0.7256822815898732,0.2743177184101267,97.41325913557375,9.0,16.0,48.0,24215.0,6074.0,1.0,0.0,0.06153846153846154,24.153846153846153,7.6
nfcorpus_dense,nfcorpus,dense,11,fixed,8,65,8,0.22580183663593373,0.2512313327697943,0.0,-0.008984276608951675,0.0,-0.0015384615384615385,0.0,0.06153846153846154,0.430343626179828,0.569656373820172,97.41325913557375,18.0,16.0,48.0,24215.0,6074.0,1.0,0.0,0.06153846153846154,24.153846153846153,7.6
nfcorpus_dense,nfcorpus,dense,11,fixed,16,65,16,0.22580183663593373,0.2512313327697943,0.0,-0.008984276608951675,0.0,-0.0015384615384615385,0.0,0.06153846153846154,0.5594209876231704,0.44057901237682956,97.41325913557375,36.0,16.0,48.0,24215.0,6074.0,1.0,0.0,0.06153846153846154,24.153846153846153,7.6
nfcorpus_dense,nfcorpus,dense,11,fixed,32,65,32,0.22781061552490603,0.26883817037663194,0.0020087788889723165,-0.006975497719979357,0.017606837606837605,0.016068376068376067,0.8769230769230769,0.9384615384615385,0.2653718489439941,0.7346281510560059,97.41325913557375,72.0,16.0,48.0,24215.0,6074.0,1.0,0.0,0.9384615384615385,361.84615384615387,113.2
nfcorpus_dense,nfcorpus,dense,11,information_gain,0,65,0,0.22580183663593373,0.2512313327697943,0.0,-0.008984276608951675,0.0,-0.0015384615384615385,0.0,0.06153846153846154,0.5,0.5,0.0,0.0,0.0,0.0,0.0,0.0,1.0,0.0,0.06153846153846154,24.153846153846153,7.6
nfcorpus_dense,nfcorpus,dense,11,information_gain,4,65,4,0.22772374702134163,0.26883817037663194,0.001921910385407913,-0.007062366223543761,0.017606837606837605,0.016068376068376067,0.9384615384615385,1.0,0.07845984777315015,0.9215401522268497,97.41325913557375,8.0,16.0,48.0,24215.0,6074.0,1.0,0.0,0.9384615384615385,361.84615384615387,113.2
nfcorpus_dense,nfcorpus,dense,11,information_gain,8,65,8,0.22772374702134163,0.26883817037663194,0.001921910385407913,-0.007062366223543761,0.017606837606837605,0.016068376068376067,0.9384615384615385,1.0,0.007196637651661563,0.9928033623483383,97.41325913557375,16.0,16.0,48.0,24215.0,6074.0,1.0,0.0,0.9384615384615385,361.84615384615387,113.2
nfcorpus_dense,nfcorpus,dense,11,information_gain,16,65,16,0.22772374702134163,0.26883817037663194,0.001921910385407913,-0.007062366223543761,0.017606837606837605,0.016068376068376067,0.9384615384615385,1.0,5.4421851052911317e-05,0.9999455781489471,97.41325913557375,32.0,16.0,48.0,24215.0,6074.0,1.0,0.0,0.9384615384615385,361.84615384615387,113.2
nfcorpus_dense,nfcorpus,dense,11,information_gain,32,65,32,0.22772374702134163,0.26883817037663194,0.001921910385407913,-0.007062366223543761,0.017606837606837605,0.016068376068376067,0.9384615384615385,1.0,8.784454829782817e-08,0.9999999121554517,97.41325913557375,64.0,16.0,48.0,24215.0,6074.0,1.0,0.0,0.9384615384615385,361.84615384615387,113.2
nfcorpus_dense,nfcorpus,dense,11,decision_value,0,65,0,0.22580183663593373,0.2512313327697943,0.0,-0.008984276608951675,0.0,-0.0015384615384615385,0.0,0.06153846153846154,0.5,0.5,0.0,0.0,0.0,0.0,0.0,0.0,1.0,0.0,0.06153846153846154,24.153846153846153,7.6
nfcorpus_dense,nfcorpus,dense,11,decision_value,4,65,4,0.22772374702134163,0.26883817037663194,0.001921910385407913,-0.007062366223543761,0.017606837606837605,0.016068376068376067,0.9384615384615385,1.0,0.07845984777315015,0.9215401522268497,97.41325913557375,8.0,16.0,48.0,24215.0,6074.0,1.0,0.0,0.9384615384615385,361.84615384615387,113.2
nfcorpus_dense,nfcorpus,dense,11,decision_value,8,65,8,0.22772374702134163,0.26883817037663194,0.001921910385407913,-0.007062366223543761,0.017606837606837605,0.016068376068376067,0.9384615384615385,1.0,0.007196637651661563,0.9928033623483383,97.41325913557375,16.0,16.0,48.0,24215.0,6074.0,1.0,0.0,0.9384615384615385,361.84615384615387,113.2
nfcorpus_dense,nfcorpus,dense,11,decision_value,16,65,16,0.22772374702134163,0.26883817037663194,0.001921910385407913,-0.007062366223543761,0.017606837606837605,0.016068376068376067,0.9384615384615385,1.0,3.212757449900176e-05,0.9999678724255009,97.41325913557375,32.0,16.0,48.0,24215.0,6074.0,1.0,0.0,0.9384615384615385,361.84615384615387,113.2
nfcorpus_dense,nfcorpus,dense,11,decision_value,32,65,32,0.22772374702134163,0.26883817037663194,0.001921910385407913,-0.007062366223543761,0.017606837606837605,0.016068376068376067,0.9384615384615385,1.0,9.732421294077008e-06,0.9999902675787058,97.41325913557375,69.0,16.0,48.0,24215.0,6074.0,1.0,0.0,0.9384615384615385,361.84615384615387,113.2
nfcorpus_dense,nfcorpus,dense,23,random,0,65,0,0.22580183663593373,0.2512313327697943,0.0,-0.008984276608951675,0.0,-0.0015384615384615385,0.0,0.06153846153846154,0.5,0.5,0.0,0.0,0.0,0.0,0.0,0.0,1.0,0.0,0.06153846153846154,24.153846153846153,7.6
nfcorpus_dense,nfcorpus,dense,23,random,4,65,4,0.23953381775106808,0.25276979430825586,0.01373198111513435,0.004747704506182676,0.0015384615384615385,0.0,0.06153846153846154,0.06153846153846154,0.9470468841920928,0.05295311580790713,100.15326391182316,8.0,16.0,48.0,23007.0,5887.0,1.0,0.0,0.06153846153846154,24.153846153846153,7.6
nfcorpus_dense,nfcorpus,dense,23,random,8,65,8,0.23953381775106808,0.25276979430825586,0.01373198111513435,0.004747704506182676,0.0015384615384615385,0.0,0.06153846153846154,0.06153846153846154,0.9224266673721346,0.07757333262786534,100.15326391182316,17.0,16.0,48.0,23007.0,5887.0,1.0,0.0,0.06153846153846154,24.153846153846153,7.6
nfcorpus_dense,nfcorpus,dense,23,random,16,65,16,0.22580183663593373,0.2512313327697943,0.0,-0.008984276608951675,0.0,-0.0015384615384615385,0.0,0.06153846153846154,0.693154695273659,0.3068453047263409,100.15326391182316,34.0,16.0,48.0,23007.0,5887.0,1.0,0.0,0.06153846153846154,24.153846153846153,7.6
nfcorpus_dense,nfcorpus,dense,23,random,32,65,32,0.22781061552490603,0.26883817037663194,0.0020087788889723165,-0.006975497719979357,0.017606837606837605,0.016068376068376067,0.8769230769230769,0.9384615384615385,0.3253271637568739,0.674672836243126,100.15326391182316,71.0,16.0,48.0,23007.0,5887.0,1.0,0.0,0.9384615384615385,361.84615384615387,113.2
nfcorpus_dense,nfcorpus,dense,23,fixed,0,65,0,0.22580183663593373,0.2512313327697943,0.0,-0.008984276608951675,0.0,-0.0015384615384615385,0.0,0.06153846153846154,0.5,0.5,0.0,0.0,0.0,0.0,0.0,0.0,1.0,0.0,0.06153846153846154,24.153846153846153,7.6
nfcorpus_dense,nfcorpus,dense,23,fixed,4,65,4,0.22580183663593373,0.2512313327697943,0.0,-0.008984276608951675,0.0,-0.0015384615384615385,0.0,0.06153846153846154,0.6099116076638994,0.39008839233610054,100.15326391182316,9.0,16.0,48.0,23007.0,5887.0,1.0,0.0,0.06153846153846154,24.153846153846153,7.6
nfcorpus_dense,nfcorpus,dense,23,fixed,8,65,8,0.22781061552490603,0.26883817037663194,0.0020087788889723165,-0.006975497719979357,0.017606837606837605,0.016068376068376067,0.8769230769230769,0.9384615384615385,0.30867226384512236,0.6913277361548776,100.15326391182316,18.0,16.0,48.0,23007.0,5887.0,1.0,0.0,0.9384615384615385,361.84615384615387,113.2
nfcorpus_dense,nfcorpus,dense,23,fixed,16,65,16,0.22781061552490603,0.26883817037663194,0.0020087788889723165,-0.006975497719979357,0.017606837606837605,0.016068376068376067,0.8769230769230769,0.9384615384615385,0.32461639825792193,0.675383601742078,100.15326391182316,36.0,16.0,48.0,23007.0,5887.0,1.0,0.0,0.9384615384615385,361.84615384615387,113.2
nfcorpus_dense,nfcorpus,dense,23,fixed,32,65,32,0.22781061552490603,0.26883817037663194,0.0020087788889723165,-0.006975497719979357,0.017606837606837605,0.016068376068376067,0.8769230769230769,0.9384615384615385,0.21600678273334442,0.7839932172666555,100.15326391182316,72.0,16.0,48.0,23007.0,5887.0,1.0,0.0,0.9384615384615385,361.84615384615387,113.2
nfcorpus_dense,nfcorpus,dense,23,information_gain,0,65,0,0.22580183663593373,0.2512313327697943,0.0,-0.008984276608951675,0.0,-0.0015384615384615385,0.0,0.06153846153846154,0.5,0.5,0.0,0.0,0.0,0.0,0.0,0.0,1.0,0.0,0.06153846153846154,24.153846153846153,7.6
nfcorpus_dense,nfcorpus,dense,23,information_gain,4,65,4,0.22580183663593373,0.2512313327697943,0.0,-0.008984276608951675,0.0,-0.0015384615384615385,0.0,0.06153846153846154,0.4662757295620564,0.5337242704379437,100.15326391182316,8.0,16.0,48.0,23007.0,5887.0,1.0,0.0,0.06153846153846154,24.153846153846153,7.6
nfcorpus_dense,nfcorpus,dense,23,information_gain,8,65,8,0.22772374702134163,0.26883817037663194,0.001921910385407913,-0.007062366223543761,0.017606837606837605,0.016068376068376067,0.9384615384615385,1.0,0.1017543090900095,0.8982456909099904,100.15326391182316,16.0,16.0,48.0,23007.0,5887.0,1.0,0.0,0.9384615384615385,361.84615384615387,113.2
nfcorpus_dense,nfcorpus,dense,23,information_gain,16,65,16,0.23953381775106808,0.25276979430825586,0.01373198111513435,0.004747704506182676,0.0015384615384615385,0.0,0.06153846153846154,0.06153846153846154,0.9162918287046303,0.08370817129536977,100.15326391182316,32.0,16.0,48.0,23007.0,5887.0,1.0,0.0,0.06153846153846154,24.153846153846153,7.6
nfcorpus_dense,nfcorpus,dense,23,information_gain,32,65,32,0.23953381775106808,0.25276979430825586,0.01373198111513435,0.004747704506182676,0.0015384615384615385,0.0,0.06153846153846154,0.06153846153846154,0.8393621899313083,0.1606378100686916,100.15326391182316,64.0,16.0,48.0,23007.0,5887.0,1.0,0.0,0.06153846153846154,24.153846153846153,7.6
nfcorpus_dense,nfcorpus,dense,23,decision_value,0,65,0,0.22580183663593373,0.2512313327697943,0.0,-0.008984276608951675,0.0,-0.0015384615384615385,0.0,0.06153846153846154,0.5,0.5,0.0,0.0,0.0,0.0,0.0,0.0,1.0,0.0,0.06153846153846154,24.153846153846153,7.6
nfcorpus_dense,nfcorpus,dense,23,decision_value,4,65,4,0.22580183663593373,0.2512313327697943,0.0,-0.008984276608951675,0.0,-0.0015384615384615385,0.0,0.06153846153846154,0.4662757295620564,0.5337242704379437,100.15326391182316,8.0,16.0,48.0,23007.0,5887.0,1.0,0.0,0.06153846153846154,24.153846153846153,7.6
nfcorpus_dense,nfcorpus,dense,23,decision_value,8,65,8,0.22772374702134163,0.26883817037663194,0.001921910385407913,-0.007062366223543761,0.017606837606837605,0.016068376068376067,0.9384615384615385,1.0,0.1017543090900095,0.8982456909099904,100.15326391182316,16.0,16.0,48.0,23007.0,5887.0,1.0,0.0,0.9384615384615385,361.84615384615387,113.2
nfcorpus_dense,nfcorpus,dense,23,decision_value,16,65,16,0.23953381775106808,0.25276979430825586,0.01373198111513435,0.004747704506182676,0.0015384615384615385,0.0,0.06153846153846154,0.06153846153846154,0.9162918287046303,0.08370817129536977,100.15326391182316,32.0,16.0,48.0,23007.0,5887.0,1.0,0.0,0.06153846153846154,24.153846153846153,7.6
nfcorpus_dense,nfcorpus,dense,23,decision_value,32,65,32,0.23953381775106808,0.25276979430825586,0.01373198111513435,0.004747704506182676,0.0015384615384615385,0.0,0.06153846153846154,0.06153846153846154,0.8393621899313083,0.1606378100686916,100.15326391182316,64.0,16.0,48.0,23007.0,5887.0,1.0,0.0,0.06153846153846154,24.153846153846153,7.6
nfcorpus_dense,nfcorpus,dense,47,random,0,65,0,0.22580183663593373,0.2512313327697943,0.0,-0.008984276608951675,0.0,-0.0015384615384615385,0.0,0.06153846153846154,0.5,0.5,0.0,0.0,0.0,0.0,0.0,0.0,1.0,0.0,0.06153846153846154,24.153846153846153,7.6
nfcorpus_dense,nfcorpus,dense,47,random,4,65,4,0.22781061552490603,0.26883817037663194,0.0020087788889723165,-0.006975497719979357,0.017606837606837605,0.016068376068376067,0.8769230769230769,0.9384615384615385,0.34735282670362067,0.6526471732963793,96.14452316188545,10.0,16.0,48.0,24033.0,5850.0,1.0,0.0,0.9384615384615385,361.84615384615387,113.2
nfcorpus_dense,nfcorpus,dense,47,random,8,65,8,0.22772374702134163,0.26883817037663194,0.001921910385407913,-0.007062366223543761,0.017606837606837605,0.016068376068376067,0.9384615384615385,1.0,0.13028272782571595,0.869717272174284,96.14452316188545,18.0,16.0,48.0,24033.0,5850.0,1.0,0.0,0.9384615384615385,361.84615384615387,113.2
nfcorpus_dense,nfcorpus,dense,47,random,16,65,16,0.22772374702134163,0.26883817037663194,0.001921910385407913,-0.007062366223543761,0.017606837606837605,0.016068376068376067,0.9384615384615385,1.0,0.025212629787980115,0.9747873702120199,96.14452316188545,35.0,16.0,48.0,24033.0,5850.0,1.0,0.0,0.9384615384615385,361.84615384615387,113.2
nfcorpus_dense,nfcorpus,dense,47,random,32,65,32,0.22772374702134163,0.26883817037663194,0.001921910385407913,-0.007062366223543761,0.017606837606837605,0.016068376068376067,0.9384615384615385,1.0,0.04451482160789214,0.9554851783921079,96.14452316188545,71.0,16.0,48.0,24033.0,5850.0,1.0,0.0,0.9384615384615385,361.84615384615387,113.2
nfcorpus_dense,nfcorpus,dense,47,fixed,0,65,0,0.22580183663593373,0.2512313327697943,0.0,-0.008984276608951675,0.0,-0.0015384615384615385,0.0,0.06153846153846154,0.5,0.5,0.0,0.0,0.0,0.0,0.0,0.0,1.0,0.0,0.06153846153846154,24.153846153846153,7.6
nfcorpus_dense,nfcorpus,dense,47,fixed,4,65,4,0.22580183663593373,0.2512313327697943,0.0,-0.008984276608951675,0.0,-0.0015384615384615385,0.0,0.06153846153846154,0.6925232514637286,0.3074767485362715,96.14452316188545,9.0,16.0,48.0,24033.0,5850.0,1.0,0.0,0.06153846153846154,24.153846153846153,7.6
nfcorpus_dense,nfcorpus,dense,47,fixed,8,65,8,0.22781061552490603,0.26883817037663194,0.0020087788889723165,-0.006975497719979357,0.017606837606837605,0.016068376068376067,0.8769230769230769,0.9384615384615385,0.3914235637968374,0.6085764362031625,96.14452316188545,18.0,16.0,48.0,24033.0,5850.0,1.0,0.0,0.9384615384615385,361.84615384615387,113.2
nfcorpus_dense,nfcorpus,dense,47,fixed,16,65,16,0.23953381775106808,0.25276979430825586,0.01373198111513435,0.004747704506182676,0.0015384615384615385,0.0,0.06153846153846154,0.06153846153846154,0.984505760575194,0.015494239424805855,96.14452316188545,36.0,16.0,48.0,24033.0,5850.0,1.0,0.0,0.06153846153846154,24.153846153846153,7.6
nfcorpus_dense,nfcorpus,dense,47,fixed,32,65,32,0.23953381775106808,0.25276979430825586,0.01373198111513435,0.004747704506182676,0.0015384615384615385,0.0,0.06153846153846154,0.06153846153846154,0.9995367483876221,0.00046325161237804777,96.14452316188545,72.0,16.0,48.0,24033.0,5850.0,1.0,0.0,0.06153846153846154,24.153846153846153,7.6
nfcorpus_dense,nfcorpus,dense,47,information_gain,0,65,0,0.22580183663593373,0.2512313327697943,0.0,-0.008984276608951675,0.0,-0.0015384615384615385,0.0,0.06153846153846154,0.5,0.5,0.0,0.0,0.0,0.0,0.0,0.0,1.0,0.0,0.06153846153846154,24.153846153846153,7.6
nfcorpus_dense,nfcorpus,dense,47,information_gain,4,65,4,0.22772374702134163,0.26883817037663194,0.001921910385407913,-0.007062366223543761,0.017606837606837605,0.016068376068376067,0.9384615384615385,1.0,0.13674832193809036,0.8632516780619097,96.14452316188545,8.0,16.0,48.0,24033.0,5850.0,1.0,0.0,0.9384615384615385,361.84615384615387,113.2
nfcorpus_dense,nfcorpus,dense,47,information_gain,8,65,8,0.22772374702134163,0.26883817037663194,0.001921910385407913,-0.007062366223543761,0.017606837606837605,0.016068376068376067,0.9384615384615385,1.0,0.19121666043244695,0.808783339567553,96.14452316188545,16.0,16.0,48.0,24033.0,5850.0,1.0,0.0,0.9384615384615385,361.84615384615387,113.2
nfcorpus_dense,nfcorpus,dense,47,information_gain,16,65,16,0.23953381775106808,0.25276979430825586,0.01373198111513435,0.004747704506182676,0.0015384615384615385,0.0,0.06153846153846154,0.06153846153846154,0.9673296468371697,0.032670353162830366,96.14452316188545,32.0,16.0,48.0,24033.0,5850.0,1.0,0.0,0.06153846153846154,24.153846153846153,7.6
nfcorpus_dense,nfcorpus,dense,47,information_gain,32,65,32,0.23953381775106808,0.25276979430825586,0.01373198111513435,0.004747704506182676,0.0015384615384615385,0.0,0.06153846153846154,0.06153846153846154,0.999740900138494,0.00025909986150584875,96.14452316188545,64.0,16.0,48.0,24033.0,5850.0,1.0,0.0,0.06153846153846154,24.153846153846153,7.6
nfcorpus_dense,nfcorpus,dense,47,decision_value,0,65,0,0.22580183663593373,0.2512313327697943,0.0,-0.008984276608951675,0.0,-0.0015384615384615385,0.0,0.06153846153846154,0.5,0.5,0.0,0.0,0.0,0.0,0.0,0.0,1.0,0.0,0.06153846153846154,24.153846153846153,7.6
nfcorpus_dense,nfcorpus,dense,47,decision_value,4,65,4,0.22772374702134163,0.26883817037663194,0.001921910385407913,-0.007062366223543761,0.017606837606837605,0.016068376068376067,0.9384615384615385,1.0,0.13674832193809036,0.8632516780619097,96.14452316188545,8.0,16.0,48.0,24033.0,5850.0,1.0,0.0,0.9384615384615385,361.84615384615387,113.2
nfcorpus_dense,nfcorpus,dense,47,decision_value,8,65,8,0.22772374702134163,0.26883817037663194,0.001921910385407913,-0.007062366223543761,0.017606837606837605,0.016068376068376067,0.9384615384615385,1.0,0.19121666043244695,0.808783339567553,96.14452316188545,16.0,16.0,48.0,24033.0,5850.0,1.0,0.0,0.9384615384615385,361.84615384615387,113.2
nfcorpus_dense,nfcorpus,dense,47,decision_value,16,65,16,0.23953381775106808,0.25276979430825586,0.01373198111513435,0.004747704506182676,0.0015384615384615385,0.0,0.06153846153846154,0.06153846153846154,0.9673296468371697,0.032670353162830366,96.14452316188545,32.0,16.0,48.0,24033.0,5850.0,1.0,0.0,0.06153846153846154,24.153846153846153,7.6
nfcorpus_dense,nfcorpus,dense,47,decision_value,32,65,32,0.23953381775106808,0.25276979430825586,0.01373198111513435,0.004747704506182676,0.0015384615384615385,0.0,0.06153846153846154,0.06153846153846154,0.9982892090436828,0.0017107909563172127,96.14452316188545,67.0,16.0,48.0,24033.0,5850.0,1.0,0.0,0.06153846153846154,24.153846153846153,7.6
scifact_bm25,scifact,bm25,11,random,0,150,0,0.622951300930672,0.7477777777777778,0.0,0.01681142414581157,0.0,0.013333333333333334,0.0,0.6666666666666666,0.5,0.5,0.0,0.0,0.0,0.0,0.0,0.0,1.0,0.0,0.14,55.12,18.28
scifact_bm25,scifact,bm25,11,random,4,150,4,0.6244524667405371,0.7477777777777778,0.001501165809864985,0.018312589955676556,0.0,0.013333333333333334,0.24,0.9066666666666666,0.3534965728296833,0.6465034271703167,76.11252064608561,8.0,16.0,48.0,23491.0,6060.0,1.0,0.0,0.14,55.12,18.28
scifact_bm25,scifact,bm25,11,random,8,150,8,0.6244524667405371,0.7477777777777778,0.001501165809864985,0.018312589955676556,0.0,0.013333333333333334,0.24,0.9066666666666666,0.3186289354190071,0.6813710645809928,76.11252064608561,16.0,16.0,48.0,23491.0,6060.0,1.0,0.0,0.14,55.12,18.28
scifact_bm25,scifact,bm25,11,random,16,150,16,0.611173045658828,0.7344444444444445,-0.011778255271844064,0.0050331688739675045,-0.013333333333333334,0.0,0.38,0.9066666666666666,0.20720310262868652,0.7927968973713135,76.11252064608561,35.0,16.0,48.0,23491.0,6060.0,1.0,0.0,0.14,55.12,18.28
scifact_bm25,scifact,bm25,11,random,32,150,32,0.611173045658828,0.7344444444444445,-0.011778255271844064,0.0050331688739675045,-0.013333333333333334,0.0,0.38,0.9066666666666666,0.015564099168100372,0.9844359008318996,76.11252064608561,73.0,16.0,48.0,23491.0,6060.0,1.0,0.0,0.14,55.12,18.28
scifact_bm25,scifact,bm25,11,fixed,0,150,0,0.622951300930672,0.7477777777777778,0.0,0.01681142414581157,0.0,0.013333333333333334,0.0,0.6666666666666666,0.5,0.5,0.0,0.0,0.0,0.0,0.0,0.0,1.0,0.0,0.14,55.12,18.28
scifact_bm25,scifact,bm25,11,fixed,4,150,4,0.6244524667405371,0.7477777777777778,0.001501165809864985,0.018312589955676556,0.0,0.013333333333333334,0.24,0.9066666666666666,0.34416552439289194,0.6558344756071081,76.11252064608561,9.0,16.0,48.0,23491.0,6060.0,1.0,0.0,0.14,55.12,18.28
scifact_bm25,scifact,bm25,11,fixed,8,150,8,0.622951300930672,0.7477777777777778,0.0,0.01681142414581157,0.0,0.013333333333333334,0.0,0.6666666666666666,0.4017162066588644,0.5982837933411357,76.11252064608561,18.0,16.0,48.0,23491.0,6060.0,1.0,0.0,0.14,55.12,18.28
scifact_bm25,scifact,bm25,11,fixed,16,150,16,0.6244524667405371,0.7477777777777778,0.001501165809864985,0.018312589955676556,0.0,0.013333333333333334,0.24,0.9066666666666666,0.3651693780501316,0.6348306219498683,76.11252064608561,36.0,16.0,48.0,23491.0,6060.0,1.0,0.0,0.14,55.12,18.28
scifact_bm25,scifact,bm25,11,fixed,32,150,32,0.611173045658828,0.7344444444444445,-0.011778255271844064,0.0050331688739675045,-0.013333333333333334,0.0,0.38,0.9066666666666666,0.06934679054864802,0.9306532094513519,76.11252064608561,72.0,16.0,48.0,23491.0,6060.0,1.0,0.0,0.14,55.12,18.28
scifact_bm25,scifact,bm25,11,information_gain,0,150,0,0.622951300930672,0.7477777777777778,0.0,0.01681142414581157,0.0,0.013333333333333334,0.0,0.6666666666666666,0.5,0.5,0.0,0.0,0.0,0.0,0.0,0.0,1.0,0.0,0.14,55.12,18.28
scifact_bm25,scifact,bm25,11,information_gain,4,150,4,0.611173045658828,0.7344444444444445,-0.011778255271844064,0.0050331688739675045,-0.013333333333333334,0.0,0.38,0.9066666666666666,0.14128319520134444,0.8587168047986555,76.11252064608561,8.0,16.0,48.0,23491.0,6060.0,1.0,0.0,0.14,55.12,18.28
scifact_bm25,scifact,bm25,11,information_gain,8,150,8,0.611173045658828,0.7344444444444445,-0.011778255271844064,0.0050331688739675045,-0.013333333333333334,0.0,0.38,0.9066666666666666,0.06962192259756647,0.9303780774024334,76.11252064608561,16.0,16.0,48.0,23491.0,6060.0,1.0,0.0,0.14,55.12,18.28
scifact_bm25,scifact,bm25,11,information_gain,16,150,16,0.611173045658828,0.7344444444444445,-0.011778255271844064,0.0050331688739675045,-0.013333333333333334,0.0,0.38,0.9066666666666666,0.016928201796184386,0.9830717982038157,76.11252064608561,34.0,16.0,48.0,23491.0,6060.0,1.0,0.0,0.14,55.12,18.28
scifact_bm25,scifact,bm25,11,information_gain,32,150,32,0.611173045658828,0.7344444444444445,-0.011778255271844064,0.0050331688739675045,-0.013333333333333334,0.0,0.47333333333333333,1.0,0.000639053346601946,0.9993609466533979,76.11252064608561,80.0,16.0,48.0,23491.0,6060.0,1.0,0.0,0.14,55.12,18.28
scifact_bm25,scifact,bm25,11,decision_value,0,150,0,0.622951300930672,0.7477777777777778,0.0,0.01681142414581157,0.0,0.013333333333333334,0.0,0.6666666666666666,0.5,0.5,0.0,0.0,0.0,0.0,0.0,0.0,1.0,0.0,0.14,55.12,18.28
scifact_bm25,scifact,bm25,11,decision_value,4,150,4,0.611173045658828,0.7344444444444445,-0.011778255271844064,0.0050331688739675045,-0.013333333333333334,0.0,0.38,0.9066666666666666,0.14128319520134444,0.8587168047986555,76.11252064608561,8.0,16.0,48.0,23491.0,6060.0,1.0,0.0,0.14,55.12,18.28
scifact_bm25,scifact,bm25,11,decision_value,8,150,8,0.611173045658828,0.7344444444444445,-0.011778255271844064,0.0050331688739675045,-0.013333333333333334,0.0,0.38,0.9066666666666666,0.06962192259756647,0.9303780774024334,76.11252064608561,16.0,16.0,48.0,23491.0,6060.0,1.0,0.0,0.14,55.12,18.28
scifact_bm25,scifact,bm25,11,decision_value,16,150,16,0.611173045658828,0.7344444444444445,-0.011778255271844064,0.0050331688739675045,-0.013333333333333334,0.0,0.38,0.9066666666666666,0.016928201796184386,0.9830717982038157,76.11252064608561,34.0,16.0,48.0,23491.0,6060.0,1.0,0.0,0.14,55.12,18.28
scifact_bm25,scifact,bm25,11,decision_value,32,150,32,0.611173045658828,0.7344444444444445,-0.011778255271844064,0.0050331688739675045,-0.013333333333333334,0.0,0.47333333333333333,1.0,0.0008571276091720948,0.9991428723908279,76.11252064608561,79.0,16.0,48.0,23491.0,6060.0,1.0,0.0,0.14,55.12,18.28
scifact_bm25,scifact,bm25,23,random,0,150,0,0.622951300930672,0.7477777777777778,0.0,0.01681142414581157,0.0,0.013333333333333334,0.0,0.6666666666666666,0.5,0.5,0.0,0.0,0.0,0.0,0.0,0.0,1.0,0.0,0.14,55.12,18.28
scifact_bm25,scifact,bm25,23,random,4,150,4,0.6244524667405371,0.7477777777777778,0.001501165809864985,0.018312589955676556,0.0,0.013333333333333334,0.24,0.9066666666666666,0.35608868669959404,0.643911313300406,77.63634411997919,8.0,16.0,48.0,22440.0,5872.0,1.0,0.0,0.14,55.12,18.28
scifact_bm25,scifact,bm25,23,random,8,150,8,0.6244524667405371,0.7477777777777778,0.001501165809864985,0.018312589955676556,0.0,0.013333333333333334,0.24,0.9066666666666666,0.3373434490120503,0.6626565509879497,77.63634411997919,17.0,16.0,48.0,22440.0,5872.0,1.0,0.0,0.14,55.12,18.28
scifact_bm25,scifact,bm25,23,random,16,150,16,0.611173045658828,0.7344444444444445,-0.011778255271844064,0.0050331688739675045,-0.013333333333333334,0.0,0.38,0.9066666666666666,0.22083143025968108,0.779168569740319,77.63634411997919,34.0,16.0,48.0,22440.0,5872.0,1.0,0.0,0.14,55.12,18.28
scifact_bm25,scifact,bm25,23,random,32,150,32,0.611173045658828,0.7344444444444445,-0.011778255271844064,0.0050331688739675045,-0.013333333333333334,0.0,0.38,0.9066666666666666,0.0272976081750772,0.9727023918249227,77.63634411997919,71.0,16.0,48.0,22440.0,5872.0,1.0,0.0,0.14,55.12,18.28
scifact_bm25,scifact,bm25,23,fixed,0,150,0,0.622951300930672,0.7477777777777778,0.0,0.01681142414581157,0.0,0.013333333333333334,0.0,0.6666666666666666,0.5,0.5,0.0,0.0,0.0,0.0,0.0,0.0,1.0,0.0,0.14,55.12,18.28
scifact_bm25,scifact,bm25,23,fixed,4,150,4,0.6244524667405371,0.7477777777777778,0.001501165809864985,0.018312589955676556,0.0,0.013333333333333334,0.24,0.9066666666666666,0.34416552439289194,0.6558344756071081,77.63634411997919,9.0,16.0,48.0,22440.0,5872.0,1.0,0.0,0.14,55.12,18.28
scifact_bm25,scifact,bm25,23,fixed,8,150,8,0.6244524667405371,0.7477777777777778,0.001501165809864985,0.018312589955676556,0.0,0.013333333333333334,0.24,0.9066666666666666,0.31547241866997433,0.6845275813300257,77.63634411997919,18.0,16.0,48.0,22440.0,5872.0,1.0,0.0,0.14,55.12,18.28
scifact_bm25,scifact,bm25,23,fixed,16,150,16,0.6244524667405371,0.7477777777777778,0.001501165809864985,0.018312589955676556,0.0,0.013333333333333334,0.24,0.9066666666666666,0.2652689752253276,0.7347310247746724,77.63634411997919,36.0,16.0,48.0,22440.0,5872.0,1.0,0.0,0.14,55.12,18.28
scifact_bm25,scifact,bm25,23,fixed,32,150,32,0.611173045658828,0.7344444444444445,-0.011778255271844064,0.0050331688739675045,-0.013333333333333334,0.0,0.38,0.9066666666666666,0.1704127135912088,0.8295872864087912,77.63634411997919,72.0,16.0,48.0,22440.0,5872.0,1.0,0.0,0.14,55.12,18.28
scifact_bm25,scifact,bm25,23,information_gain,0,150,0,0.622951300930672,0.7477777777777778,0.0,0.01681142414581157,0.0,0.013333333333333334,0.0,0.6666666666666666,0.5,0.5,0.0,0.0,0.0,0.0,0.0,0.0,1.0,0.0,0.14,55.12,18.28
scifact_bm25,scifact,bm25,23,information_gain,4,150,4,0.611173045658828,0.7344444444444445,-0.011778255271844064,0.0050331688739675045,-0.013333333333333334,0.0,0.38,0.9066666666666666,0.14128319520134444,0.8587168047986555,77.63634411997919,8.0,16.0,48.0,22440.0,5872.0,1.0,0.0,0.14,55.12,18.28
scifact_bm25,scifact,bm25,23,information_gain,8,150,8,0.611173045658828,0.7344444444444445,-0.011778255271844064,0.0050331688739675045,-0.013333333333333334,0.0,0.38,0.9066666666666666,0.026356105494421384,0.9736438945055786,77.63634411997919,16.0,16.0,48.0,22440.0,5872.0,1.0,0.0,0.14,55.12,18.28
scifact_bm25,scifact,bm25,23,information_gain,16,150,16,0.611173045658828,0.7344444444444445,-0.011778255271844064,0.0050331688739675045,-0.013333333333333334,0.0,0.47333333333333333,1.0,0.004939912152768886,0.9950600878472312,77.63634411997919,32.0,16.0,48.0,22440.0,5872.0,1.0,0.0,0.14,55.12,18.28
scifact_bm25,scifact,bm25,23,information_gain,32,150,32,0.611173045658828,0.7344444444444445,-0.011778255271844064,0.0050331688739675045,-0.013333333333333334,0.0,0.47333333333333333,1.0,0.0006218162656606127,0.9993781837343394,77.63634411997919,70.0,16.0,48.0,22440.0,5872.0,1.0,0.0,0.14,55.12,18.28
scifact_bm25,scifact,bm25,23,decision_value,0,150,0,0.622951300930672,0.7477777777777778,0.0,0.01681142414581157,0.0,0.013333333333333334,0.0,0.6666666666666666,0.5,0.5,0.0,0.0,0.0,0.0,0.0,0.0,1.0,0.0,0.14,55.12,18.28
scifact_bm25,scifact,bm25,23,decision_value,4,150,4,0.611173045658828,0.7344444444444445,-0.011778255271844064,0.0050331688739675045,-0.013333333333333334,0.0,0.38,0.9066666666666666,0.14128319520134444,0.8587168047986555,77.63634411997919,8.0,16.0,48.0,22440.0,5872.0,1.0,0.0,0.14,55.12,18.28
scifact_bm25,scifact,bm25,23,decision_value,8,150,8,0.611173045658828,0.7344444444444445,-0.011778255271844064,0.0050331688739675045,-0.013333333333333334,0.0,0.38,0.9066666666666666,0.026356105494421384,0.9736438945055786,77.63634411997919,16.0,16.0,48.0,22440.0,5872.0,1.0,0.0,0.14,55.12,18.28
scifact_bm25,scifact,bm25,23,decision_value,16,150,16,0.611173045658828,0.7344444444444445,-0.011778255271844064,0.0050331688739675045,-0.013333333333333334,0.0,0.47333333333333333,1.0,0.004939912152768886,0.9950600878472312,77.63634411997919,32.0,16.0,48.0,22440.0,5872.0,1.0,0.0,0.14,55.12,18.28
scifact_bm25,scifact,bm25,23,decision_value,32,150,32,0.611173045658828,0.7344444444444445,-0.011778255271844064,0.0050331688739675045,-0.013333333333333334,0.0,0.47333333333333333,1.0,0.0012215759508106582,0.9987784240491893,77.63634411997919,68.0,16.0,48.0,22440.0,5872.0,1.0,0.0,0.14,55.12,18.28
scifact_bm25,scifact,bm25,47,random,0,150,0,0.622951300930672,0.7477777777777778,0.0,0.01681142414581157,0.0,0.013333333333333334,0.0,0.6666666666666666,0.5,0.5,0.0,0.0,0.0,0.0,0.0,0.0,1.0,0.0,0.14,55.12,18.28
scifact_bm25,scifact,bm25,47,random,4,150,4,0.622951300930672,0.7477777777777778,0.0,0.01681142414581157,0.0,0.013333333333333334,0.0,0.6666666666666666,0.42974482232436145,0.5702551776756386,75.94030985984136,10.0,16.0,48.0,22603.0,5912.0,1.0,0.0,0.14,55.12,18.28
scifact_bm25,scifact,bm25,47,random,8,150,8,0.6244524667405371,0.7477777777777778,0.001501165809864985,0.018312589955676556,0.0,0.013333333333333334,0.24,0.9066666666666666,0.3277741714420998,0.6722258285579001,75.94030985984136,18.0,16.0,48.0,22603.0,5912.0,1.0,0.0,0.14,55.12,18.28
scifact_bm25,scifact,bm25,47,random,16,150,16,0.611173045658828,0.7344444444444445,-0.011778255271844064,0.0050331688739675045,-0.013333333333333334,0.0,0.38,0.9066666666666666,0.0768906500779854,0.9231093499220145,75.94030985984136,35.0,16.0,48.0,22603.0,5912.0,1.0,0.0,0.14,55.12,18.28
scifact_bm25,scifact,bm25,47,random,32,150,32,0.611173045658828,0.7344444444444445,-0.011778255271844064,0.0050331688739675045,-0.013333333333333334,0.0,0.47333333333333333,1.0,0.0056475210319610804,0.9943524789680389,75.94030985984136,71.0,16.0,48.0,22603.0,5912.0,1.0,0.0,0.14,55.12,18.28
scifact_bm25,scifact,bm25,47,fixed,0,150,0,0.622951300930672,0.7477777777777778,0.0,0.01681142414581157,0.0,0.013333333333333334,0.0,0.6666666666666666,0.5,0.5,0.0,0.0,0.0,0.0,0.0,0.0,1.0,0.0,0.14,55.12,18.28
scifact_bm25,scifact,bm25,47,fixed,4,150,4,0.6244524667405371,0.7477777777777778,0.001501165809864985,0.018312589955676556,0.0,0.013333333333333334,0.24,0.9066666666666666,0.34416552439289194,0.6558344756071081,75.94030985984136,9.0,16.0,48.0,22603.0,5912.0,1.0,0.0,0.14,55.12,18.28
scifact_bm25,scifact,bm25,47,fixed,8,150,8,0.611173045658828,0.7344444444444445,-0.011778255271844064,0.0050331688739675045,-0.013333333333333334,0.0,0.38,0.9066666666666666,0.15541813491559098,0.8445818650844089,75.94030985984136,18.0,16.0,48.0,22603.0,5912.0,1.0,0.0,0.14,55.12,18.28
scifact_bm25,scifact,bm25,47,fixed,16,150,16,0.611173045658828,0.7344444444444445,-0.011778255271844064,0.0050331688739675045,-0.013333333333333334,0.0,0.38,0.9066666666666666,0.1016048351927297,0.8983951648072703,75.94030985984136,36.0,16.0,48.0,22603.0,5912.0,1.0,0.0,0.14,55.12,18.28
scifact_bm25,scifact,bm25,47,fixed,32,150,32,0.611173045658828,0.7344444444444445,-0.011778255271844064,0.0050331688739675045,-0.013333333333333334,0.0,0.47333333333333333,1.0,0.014992228278928283,0.9850077717210718,75.94030985984136,72.0,16.0,48.0,22603.0,5912.0,1.0,0.0,0.14,55.12,18.28
scifact_bm25,scifact,bm25,47,information_gain,0,150,0,0.622951300930672,0.7477777777777778,0.0,0.01681142414581157,0.0,0.013333333333333334,0.0,0.6666666666666666,0.5,0.5,0.0,0.0,0.0,0.0,0.0,0.0,1.0,0.0,0.14,55.12,18.28
scifact_bm25,scifact,bm25,47,information_gain,4,150,4,0.611173045658828,0.7344444444444445,-0.011778255271844064,0.0050331688739675045,-0.013333333333333334,0.0,0.38,0.9066666666666666,0.14128319520134444,0.8587168047986555,75.94030985984136,8.0,16.0,48.0,22603.0,5912.0,1.0,0.0,0.14,55.12,18.28
scifact_bm25,scifact,bm25,47,information_gain,8,150,8,0.611173045658828,0.7344444444444445,-0.011778255271844064,0.0050331688739675045,-0.013333333333333334,0.0,0.38,0.9066666666666666,0.026356105494421384,0.9736438945055786,75.94030985984136,16.0,16.0,48.0,22603.0,5912.0,1.0,0.0,0.14,55.12,18.28
scifact_bm25,scifact,bm25,47,information_gain,16,150,16,0.611173045658828,0.7344444444444445,-0.011778255271844064,0.0050331688739675045,-0.013333333333333334,0.0,0.47333333333333333,1.0,0.0038866224524505793,0.9961133775475494,75.94030985984136,32.0,16.0,48.0,22603.0,5912.0,1.0,0.0,0.14,55.12,18.28
scifact_bm25,scifact,bm25,47,information_gain,32,150,32,0.611173045658828,0.7344444444444445,-0.011778255271844064,0.0050331688739675045,-0.013333333333333334,0.0,0.47333333333333333,1.0,9.837041733339624e-05,0.9999016295826665,75.94030985984136,74.0,16.0,48.0,22603.0,5912.0,1.0,0.0,0.14,55.12,18.28
scifact_bm25,scifact,bm25,47,decision_value,0,150,0,0.622951300930672,0.7477777777777778,0.0,0.01681142414581157,0.0,0.013333333333333334,0.0,0.6666666666666666,0.5,0.5,0.0,0.0,0.0,0.0,0.0,0.0,1.0,0.0,0.14,55.12,18.28
scifact_bm25,scifact,bm25,47,decision_value,4,150,4,0.611173045658828,0.7344444444444445,-0.011778255271844064,0.0050331688739675045,-0.013333333333333334,0.0,0.38,0.9066666666666666,0.14128319520134444,0.8587168047986555,75.94030985984136,8.0,16.0,48.0,22603.0,5912.0,1.0,0.0,0.14,55.12,18.28
scifact_bm25,scifact,bm25,47,decision_value,8,150,8,0.611173045658828,0.7344444444444445,-0.011778255271844064,0.0050331688739675045,-0.013333333333333334,0.0,0.38,0.9066666666666666,0.026356105494421384,0.9736438945055786,75.94030985984136,16.0,16.0,48.0,22603.0,5912.0,1.0,0.0,0.14,55.12,18.28
scifact_bm25,scifact,bm25,47,decision_value,16,150,16,0.611173045658828,0.7344444444444445,-0.011778255271844064,0.0050331688739675045,-0.013333333333333334,0.0,0.47333333333333333,1.0,0.0038866224524505793,0.9961133775475494,75.94030985984136,32.0,16.0,48.0,22603.0,5912.0,1.0,0.0,0.14,55.12,18.28
scifact_bm25,scifact,bm25,47,decision_value,32,150,32,0.611173045658828,0.7344444444444445,-0.011778255271844064,0.0050331688739675045,-0.013333333333333334,0.0,0.47333333333333333,1.0,0.0005082724974247889,0.9994917275025752,75.94030985984136,70.0,16.0,48.0,22603.0,5912.0,1.0,0.0,0.14,55.12,18.28
scifact_dense,scifact,dense,11,random,0,150,0,0.6376234707584271,0.7833333333333333,0.0,-0.005950400567094442,0.0,0.0,0.0,0.14,0.5,0.5,0.0,0.0,0.0,0.0,0.0,0.0,1.0,0.0,0.14,55.12,18.28
scifact_dense,scifact,dense,11,random,4,150,4,0.64453910941452,0.7966666666666666,0.006915638656092826,0.0009652380889983814,0.013333333333333334,0.013333333333333334,0.14,0.14,0.3526049938175144,0.6473950061824857,76.11252064608561,8.0,16.0,48.0,23491.0,6060.0,1.0,0.0,0.14,55.12,18.28
scifact_dense,scifact,dense,11,random,8,150,8,0.64453910941452,0.7966666666666666,0.006915638656092826,0.0009652380889983814,0.013333333333333334,0.013333333333333334,0.14,0.14,0.32639513008472,0.6736048699152799,76.11252064608561,16.0,16.0,48.0,23491.0,6060.0,1.0,0.0,0.14,55.12,18.28
scifact_dense,scifact,dense,11,random,16,150,16,0.6549354842345969,0.8511111111111112,0.01731201347616966,0.011361612909075216,0.06777777777777777,0.06777777777777777,0.6666666666666666,0.6666666666666666,0.2418516364199988,0.7581483635800013,76.11252064608561,35.0,16.0,48.0,23491.0,6060.0,1.0,0.0,0.6666666666666666,268.38,96.09333333333333
scifact_dense,scifact,dense,11,random,32,150,32,0.6654040441317547,0.8577777777777779,0.027780573373327507,0.02183017280623306,0.07444444444444444,0.07444444444444444,0.9066666666666666,0.9066666666666666,0.04697887736721328,0.9530211226327867,76.11252064608561,73.0,16.0,48.0,23491.0,6060.0,1.0,0.0,0.9066666666666666,364.0133333333333,127.44
scifact_dense,scifact,dense,11,fixed,0,150,0,0.6376234707584271,0.7833333333333333,0.0,-0.005950400567094442,0.0,0.0,0.0,0.14,0.5,0.5,0.0,0.0,0.0,0.0,0.0,0.0,1.0,0.0,0.14,55.12,18.28
scifact_dense,scifact,dense,11,fixed,4,150,4,0.6376234707584271,0.7833333333333333,0.0,-0.005950400567094442,0.0,0.0,0.0,0.14,0.49320706916660995,0.50679293083339,76.11252064608561,9.0,16.0,48.0,23491.0,6060.0,1.0,0.0,0.14,55.12,18.28
scifact_dense,scifact,dense,11,fixed,8,150,8,0.6549354842345969,0.8511111111111112,0.01731201347616966,0.011361612909075216,0.06777777777777777,0.06777777777777777,0.6666666666666666,0.6666666666666666,0.24975486571366678,0.7502451342863332,76.11252064608561,18.0,16.0,48.0,23491.0,6060.0,1.0,0.0,0.6666666666666666,268.38,96.09333333333333
scifact_dense,scifact,dense,11,fixed,16,150,16,0.6549354842345969,0.8511111111111112,0.01731201347616966,0.011361612909075216,0.06777777777777777,0.06777777777777777,0.6666666666666666,0.6666666666666666,0.1737396948353903,0.8262603051646097,76.11252064608561,36.0,16.0,48.0,23491.0,6060.0,1.0,0.0,0.6666666666666666,268.38,96.09333333333333
scifact_dense,scifact,dense,11,fixed,32,150,32,0.6654040441317547,0.8577777777777779,0.027780573373327507,0.02183017280623306,0.07444444444444444,0.07444444444444444,0.9066666666666666,0.9066666666666666,0.03878025026590806,0.9612197497340919,76.11252064608561,72.0,16.0,48.0,23491.0,6060.0,1.0,0.0,0.9066666666666666,364.0133333333333,127.44
scifact_dense,scifact,dense,11,information_gain,0,150,0,0.6376234707584271,0.7833333333333333,0.0,-0.005950400567094442,0.0,0.0,0.0,0.14,0.5,0.5,0.0,0.0,0.0,0.0,0.0,0.0,1.0,0.0,0.14,55.12,18.28
scifact_dense,scifact,dense,11,information_gain,4,150,4,0.6654040441317547,0.8577777777777779,0.027780573373327507,0.02183017280623306,0.07444444444444444,0.07444444444444444,0.9066666666666666,0.9066666666666666,0.14199127653150004,0.8580087234685,76.11252064608561,8.0,16.0,48.0,23491.0,6060.0,1.0,0.0,0.9066666666666666,364.0133333333333,127.44
scifact_dense,scifact,dense,11,information_gain,8,150,8,0.6654040441317547,0.8577777777777779,0.027780573373327507,0.02183017280623306,0.07444444444444444,0.07444444444444444,0.9066666666666666,0.9066666666666666,0.03523381521277003,0.9647661847872299,76.11252064608561,16.0,16.0,48.0,23491.0,6060.0,1.0,0.0,0.9066666666666666,364.0133333333333,127.44
scifact_dense,scifact,dense,11,information_gain,16,150,16,0.6654040441317547,0.8577777777777779,0.027780573373327507,0.02183017280623306,0.07444444444444444,0.07444444444444444,0.9066666666666666,0.9066666666666666,0.009489158760252771,0.9905108412397473,76.11252064608561,32.0,16.0,48.0,23491.0,6060.0,1.0,0.0,0.9066666666666666,364.0133333333333,127.44
scifact_dense,scifact,dense,11,information_gain,32,150,32,0.679462681467481,0.8644444444444446,0.04183921070905383,0.03588881014195938,0.0811111111111111,0.0811111111111111,1.0,1.0,0.002102313183198758,0.9978976868168011,76.11252064608561,71.0,16.0,48.0,23491.0,6060.0,1.0,0.0,1.0,400.7,138.99333333333334
scifact_dense,scifact,dense,11,decision_value,0,150,0,0.6376234707584271,0.7833333333333333,0.0,-0.005950400567094442,0.0,0.0,0.0,0.14,0.5,0.5,0.0,0.0,0.0,0.0,0.0,0.0,1.0,0.0,0.14,55.12,18.28
scifact_dense,scifact,dense,11,decision_value,4,150,4,0.6654040441317547,0.8577777777777779,0.027780573373327507,0.02183017280623306,0.07444444444444444,0.07444444444444444,0.9066666666666666,0.9066666666666666,0.14199127653150004,0.8580087234685,76.11252064608561,8.0,16.0,48.0,23491.0,6060.0,1.0,0.0,0.9066666666666666,364.0133333333333,127.44
scifact_dense,scifact,dense,11,decision_value,8,150,8,0.6654040441317547,0.8577777777777779,0.027780573373327507,0.02183017280623306,0.07444444444444444,0.07444444444444444,0.9066666666666666,0.9066666666666666,0.03004559665774197,0.969954403342258,76.11252064608561,17.0,16.0,48.0,23491.0,6060.0,1.0,0.0,0.9066666666666666,364.0133333333333,127.44
scifact_dense,scifact,dense,11,decision_value,16,150,16,0.679462681467481,0.8644444444444446,0.04183921070905383,0.03588881014195938,0.0811111111111111,0.0811111111111111,1.0,1.0,0.006065858892486661,0.9939341411075133,76.11252064608561,35.0,16.0,48.0,23491.0,6060.0,1.0,0.0,1.0,400.7,138.99333333333334
scifact_dense,scifact,dense,11,decision_value,32,150,32,0.679462681467481,0.8644444444444446,0.04183921070905383,0.03588881014195938,0.0811111111111111,0.0811111111111111,1.0,1.0,0.0021023131831987615,0.9978976868168011,76.11252064608561,71.0,16.0,48.0,23491.0,6060.0,1.0,0.0,1.0,400.7,138.99333333333334
scifact_dense,scifact,dense,23,random,0,150,0,0.6376234707584271,0.7833333333333333,0.0,-0.005950400567094442,0.0,0.0,0.0,0.14,0.5,0.5,0.0,0.0,0.0,0.0,0.0,0.0,1.0,0.0,0.14,55.12,18.28
scifact_dense,scifact,dense,23,random,4,150,4,0.6549354842345969,0.8511111111111112,0.01731201347616966,0.011361612909075216,0.06777777777777777,0.06777777777777777,0.6666666666666666,0.6666666666666666,0.2948379288244052,0.7051620711755947,77.63634411997919,8.0,16.0,48.0,22440.0,5872.0,1.0,0.0,0.6666666666666666,268.38,96.09333333333333
scifact_dense,scifact,dense,23,random,8,150,8,0.6549354842345969,0.8511111111111112,0.01731201347616966,0.011361612909075216,0.06777777777777777,0.06777777777777777,0.6666666666666666,0.6666666666666666,0.19641952433461307,0.8035804756653869,77.63634411997919,17.0,16.0,48.0,22440.0,5872.0,1.0,0.0,0.6666666666666666,268.38,96.09333333333333
scifact_dense,scifact,dense,23,random,16,150,16,0.6654040441317547,0.8577777777777779,0.027780573373327507,0.02183017280623306,0.07444444444444444,0.07444444444444444,0.9066666666666666,0.9066666666666666,0.12656063736083983,0.8734393626391601,77.63634411997919,34.0,16.0,48.0,22440.0,5872.0,1.0,0.0,0.9066666666666666,364.0133333333333,127.44
scifact_dense,scifact,dense,23,random,32,150,32,0.679462681467481,0.8644444444444446,0.04183921070905383,0.03588881014195938,0.0811111111111111,0.0811111111111111,1.0,1.0,0.0020505481861384884,0.9979494518138615,77.63634411997919,71.0,16.0,48.0,22440.0,5872.0,1.0,0.0,1.0,400.7,138.99333333333334
scifact_dense,scifact,dense,23,fixed,0,150,0,0.6376234707584271,0.7833333333333333,0.0,-0.005950400567094442,0.0,0.0,0.0,0.14,0.5,0.5,0.0,0.0,0.0,0.0,0.0,0.0,1.0,0.0,0.14,55.12,18.28
scifact_dense,scifact,dense,23,fixed,4,150,4,0.6376234707584271,0.7833333333333333,0.0,-0.005950400567094442,0.0,0.0,0.0,0.14,0.49320706916660995,0.50679293083339,77.63634411997919,9.0,16.0,48.0,22440.0,5872.0,1.0,0.0,0.14,55.12,18.28
scifact_dense,scifact,dense,23,fixed,8,150,8,0.6549354842345969,0.8511111111111112,0.01731201347616966,0.011361612909075216,0.06777777777777777,0.06777777777777777,0.6666666666666666,0.6666666666666666,0.24975486571366678,0.7502451342863332,77.63634411997919,18.0,16.0,48.0,22440.0,5872.0,1.0,0.0,0.6666666666666666,268.38,96.09333333333333
scifact_dense,scifact,dense,23,fixed,16,150,16,0.6549354842345969,0.8511111111111112,0.01731201347616966,0.011361612909075216,0.06777777777777777,0.06777777777777777,0.6666666666666666,0.6666666666666666,0.21645581797275265,0.7835441820272473,77.63634411997919,36.0,16.0,48.0,22440.0,5872.0,1.0,0.0,0.6666666666666666,268.38,96.09333333333333
scifact_dense,scifact,dense,23,fixed,32,150,32,0.6654040441317547,0.8577777777777779,0.027780573373327507,0.02183017280623306,0.07444444444444444,0.07444444444444444,0.9066666666666666,0.9066666666666666,0.054899206376172585,0.9451007936238275,77.63634411997919,72.0,16.0,48.0,22440.0,5872.0,1.0,0.0,0.9066666666666666,364.0133333333333,127.44
scifact_dense,scifact,dense,23,information_gain,0,150,0,0.6376234707584271,0.7833333333333333,0.0,-0.005950400567094442,0.0,0.0,0.0,0.14,0.5,0.5,0.0,0.0,0.0,0.0,0.0,0.0,1.0,0.0,0.14,55.12,18.28
scifact_dense,scifact,dense,23,information_gain,4,150,4,0.6654040441317547,0.8577777777777779,0.027780573373327507,0.02183017280623306,0.07444444444444444,0.07444444444444444,0.9066666666666666,0.9066666666666666,0.14199127653150004,0.8580087234685,77.63634411997919,8.0,16.0,48.0,22440.0,5872.0,1.0,0.0,0.9066666666666666,364.0133333333333,127.44
scifact_dense,scifact,dense,23,information_gain,8,150,8,0.6654040441317547,0.8577777777777779,0.027780573373327507,0.02183017280623306,0.07444444444444444,0.07444444444444444,0.9066666666666666,0.9066666666666666,0.04324835200168811,0.9567516479983119,77.63634411997919,16.0,16.0,48.0,22440.0,5872.0,1.0,0.0,0.9066666666666666,364.0133333333333,127.44
scifact_dense,scifact,dense,23,information_gain,16,150,16,0.679462681467481,0.8644444444444446,0.04183921070905383,0.03588881014195938,0.0811111111111111,0.0811111111111111,1.0,1.0,0.004481723762608961,0.995518276237391,77.63634411997919,32.0,16.0,48.0,22440.0,5872.0,1.0,0.0,1.0,400.7,138.99333333333334
scifact_dense,scifact,dense,23,information_gain,32,150,32,0.679462681467481,0.8644444444444446,0.04183921070905383,0.03588881014195938,0.0811111111111111,0.0811111111111111,1.0,1.0,0.00018359234701694385,0.9998164076529831,77.63634411997919,66.0,16.0,48.0,22440.0,5872.0,1.0,0.0,1.0,400.7,138.99333333333334
scifact_dense,scifact,dense,23,decision_value,0,150,0,0.6376234707584271,0.7833333333333333,0.0,-0.005950400567094442,0.0,0.0,0.0,0.14,0.5,0.5,0.0,0.0,0.0,0.0,0.0,0.0,1.0,0.0,0.14,55.12,18.28
scifact_dense,scifact,dense,23,decision_value,4,150,4,0.6654040441317547,0.8577777777777779,0.027780573373327507,0.02183017280623306,0.07444444444444444,0.07444444444444444,0.9066666666666666,0.9066666666666666,0.14199127653150004,0.8580087234685,77.63634411997919,8.0,16.0,48.0,22440.0,5872.0,1.0,0.0,0.9066666666666666,364.0133333333333,127.44
scifact_dense,scifact,dense,23,decision_value,8,150,8,0.6654040441317547,0.8577777777777779,0.027780573373327507,0.02183017280623306,0.07444444444444444,0.07444444444444444,0.9066666666666666,0.9066666666666666,0.04324835200168811,0.9567516479983119,77.63634411997919,16.0,16.0,48.0,22440.0,5872.0,1.0,0.0,0.9066666666666666,364.0133333333333,127.44
scifact_dense,scifact,dense,23,decision_value,16,150,16,0.679462681467481,0.8644444444444446,0.04183921070905383,0.03588881014195938,0.0811111111111111,0.0811111111111111,1.0,1.0,0.0024837917312875183,0.9975162082687125,77.63634411997919,33.0,16.0,48.0,22440.0,5872.0,1.0,0.0,1.0,400.7,138.99333333333334
scifact_dense,scifact,dense,23,decision_value,32,150,32,0.679462681467481,0.8644444444444446,0.04183921070905383,0.03588881014195938,0.0811111111111111,0.0811111111111111,1.0,1.0,5.4973011219718e-05,0.9999450269887802,77.63634411997919,75.0,16.0,48.0,22440.0,5872.0,1.0,0.0,1.0,400.7,138.99333333333334
scifact_dense,scifact,dense,47,random,0,150,0,0.6376234707584271,0.7833333333333333,0.0,-0.005950400567094442,0.0,0.0,0.0,0.14,0.5,0.5,0.0,0.0,0.0,0.0,0.0,0.0,1.0,0.0,0.14,55.12,18.28
scifact_dense,scifact,dense,47,random,4,150,4,0.6376234707584271,0.7833333333333333,0.0,-0.005950400567094442,0.0,0.0,0.0,0.14,0.4521190240617986,0.5478809759382015,75.94030985984136,10.0,16.0,48.0,22603.0,5912.0,1.0,0.0,0.14,55.12,18.28
scifact_dense,scifact,dense,47,random,8,150,8,0.64453910941452,0.7966666666666666,0.006915638656092826,0.0009652380889983814,0.013333333333333334,0.013333333333333334,0.14,0.14,0.3556721852022481,0.6443278147977519,75.94030985984136,18.0,16.0,48.0,22603.0,5912.0,1.0,0.0,0.14,55.12,18.28
scifact_dense,scifact,dense,47,random,16,150,16,0.6654040441317547,0.8577777777777779,0.027780573373327507,0.02183017280623306,0.07444444444444444,0.07444444444444444,0.9066666666666666,0.9066666666666666,0.08476016336222844,0.9152398366377715,75.94030985984136,35.0,16.0,48.0,22603.0,5912.0,1.0,0.0,0.9066666666666666,364.0133333333333,127.44
scifact_dense,scifact,dense,47,random,32,150,32,0.6654040441317547,0.8577777777777779,0.027780573373327507,0.02183017280623306,0.07444444444444444,0.07444444444444444,0.9066666666666666,0.9066666666666666,0.06102822198623286,0.9389717780137672,75.94030985984136,71.0,16.0,48.0,22603.0,5912.0,1.0,0.0,0.9066666666666666,364.0133333333333,127.44
scifact_dense,scifact,dense,47,fixed,0,150,0,0.6376234707584271,0.7833333333333333,0.0,-0.005950400567094442,0.0,0.0,0.0,0.14,0.5,0.5,0.0,0.0,0.0,0.0,0.0,0.0,1.0,0.0,0.14,55.12,18.28
scifact_dense,scifact,dense,47,fixed,4,150,4,0.6376234707584271,0.7833333333333333,0.0,-0.005950400567094442,0.0,0.0,0.0,0.14,0.49320706916660995,0.50679293083339,75.94030985984136,9.0,16.0,48.0,22603.0,5912.0,1.0,0.0,0.14,55.12,18.28
scifact_dense,scifact,dense,47,fixed,8,150,8,0.6549354842345969,0.8511111111111112,0.01731201347616966,0.011361612909075216,0.06777777777777777,0.06777777777777777,0.6666666666666666,0.6666666666666666,0.24975486571366678,0.7502451342863332,75.94030985984136,18.0,16.0,48.0,22603.0,5912.0,1.0,0.0,0.6666666666666666,268.38,96.09333333333333
scifact_dense,scifact,dense,47,fixed,16,150,16,0.6549354842345969,0.8511111111111112,0.01731201347616966,0.011361612909075216,0.06777777777777777,0.06777777777777777,0.6666666666666666,0.6666666666666666,0.1737396948353903,0.8262603051646097,75.94030985984136,36.0,16.0,48.0,22603.0,5912.0,1.0,0.0,0.6666666666666666,268.38,96.09333333333333
scifact_dense,scifact,dense,47,fixed,32,150,32,0.6654040441317547,0.8577777777777779,0.027780573373327507,0.02183017280623306,0.07444444444444444,0.07444444444444444,0.9066666666666666,0.9066666666666666,0.04234231780201867,0.9576576821979814,75.94030985984136,72.0,16.0,48.0,22603.0,5912.0,1.0,0.0,0.9066666666666666,364.0133333333333,127.44
scifact_dense,scifact,dense,47,information_gain,0,150,0,0.6376234707584271,0.7833333333333333,0.0,-0.005950400567094442,0.0,0.0,0.0,0.14,0.5,0.5,0.0,0.0,0.0,0.0,0.0,0.0,1.0,0.0,0.14,55.12,18.28
scifact_dense,scifact,dense,47,information_gain,4,150,4,0.6654040441317547,0.8577777777777779,0.027780573373327507,0.02183017280623306,0.07444444444444444,0.07444444444444444,0.9066666666666666,0.9066666666666666,0.14199127653150004,0.8580087234685,75.94030985984136,8.0,16.0,48.0,22603.0,5912.0,1.0,0.0,0.9066666666666666,364.0133333333333,127.44
scifact_dense,scifact,dense,47,information_gain,8,150,8,0.6654040441317547,0.8577777777777779,0.027780573373327507,0.02183017280623306,0.07444444444444444,0.07444444444444444,0.9066666666666666,0.9066666666666666,0.026656674897162762,0.9733433251028372,75.94030985984136,16.0,16.0,48.0,22603.0,5912.0,1.0,0.0,0.9066666666666666,364.0133333333333,127.44
scifact_dense,scifact,dense,47,information_gain,16,150,16,0.679462681467481,0.8644444444444446,0.04183921070905383,0.03588881014195938,0.0811111111111111,0.0811111111111111,1.0,1.0,0.003085892135153766,0.9969141078648462,75.94030985984136,32.0,16.0,48.0,22603.0,5912.0,1.0,0.0,1.0,400.7,138.99333333333334
scifact_dense,scifact,dense,47,information_gain,32,150,32,0.679462681467481,0.8644444444444446,0.04183921070905383,0.03588881014195938,0.0811111111111111,0.0811111111111111,1.0,1.0,0.00029034951878429815,0.9997096504812156,75.94030985984136,70.0,16.0,48.0,22603.0,5912.0,1.0,0.0,1.0,400.7,138.99333333333334
scifact_dense,scifact,dense,47,decision_value,0,150,0,0.6376234707584271,0.7833333333333333,0.0,-0.005950400567094442,0.0,0.0,0.0,0.14,0.5,0.5,0.0,0.0,0.0,0.0,0.0,0.0,1.0,0.0,0.14,55.12,18.28
scifact_dense,scifact,dense,47,decision_value,4,150,4,0.6654040441317547,0.8577777777777779,0.027780573373327507,0.02183017280623306,0.07444444444444444,0.07444444444444444,0.9066666666666666,0.9066666666666666,0.14199127653150004,0.8580087234685,75.94030985984136,8.0,16.0,48.0,22603.0,5912.0,1.0,0.0,0.9066666666666666,364.0133333333333,127.44
scifact_dense,scifact,dense,47,decision_value,8,150,8,0.6654040441317547,0.8577777777777779,0.027780573373327507,0.02183017280623306,0.07444444444444444,0.07444444444444444,0.9066666666666666,0.9066666666666666,0.026656674897162762,0.9733433251028372,75.94030985984136,16.0,16.0,48.0,22603.0,5912.0,1.0,0.0,0.9066666666666666,364.0133333333333,127.44
scifact_dense,scifact,dense,47,decision_value,16,150,16,0.6654040441317547,0.8577777777777779,0.027780573373327507,0.02183017280623306,0.07444444444444444,0.07444444444444444,0.9066666666666666,0.9066666666666666,0.009391533111181963,0.9906084668888181,75.94030985984136,34.0,16.0,48.0,22603.0,5912.0,1.0,0.0,0.9066666666666666,364.0133333333333,127.44
scifact_dense,scifact,dense,47,decision_value,32,150,32,0.679462681467481,0.8644444444444446,0.04183921070905383,0.03588881014195938,0.0811111111111111,0.0811111111111111,1.0,1.0,0.00020076844828371995,0.9997992315517163,75.94030985984136,76.0,16.0,48.0,22603.0,5912.0,1.0,0.0,1.0,400.7,138.99333333333334
