environment,seed,method,budget,future_tasks,ndcg,recall_at_10,total_search_calls,total_sample_calls,total_llm_calls,total_input_tokens,total_output_tokens,measured_onboarding_generation_seconds,amortized_setup_generation_seconds_per_future_task
fiqa_bm25,11,random,0,1,0.23978653908293807,0.30944444444444447,1.1333333333333333,0.0,0.13333333333333333,52.026666666666664,17.393333333333334,0.0,0.0
fiqa_bm25,11,random,0,10,0.23978653908293807,0.30944444444444447,11.333333333333332,0.0,1.3333333333333333,520.2666666666667,173.93333333333334,0.0,0.0
fiqa_bm25,11,random,0,50,0.23978653908293807,0.30944444444444447,56.666666666666664,0.0,6.666666666666667,2601.333333333333,869.6666666666667,0.0,0.0
fiqa_bm25,11,random,0,200,0.23978653908293807,0.30944444444444447,226.66666666666666,0.0,26.666666666666668,10405.333333333332,3478.666666666667,0.0,0.0
fiqa_bm25,11,random,4,1,0.23122021562609732,0.30111111111111116,9.133333333333333,16.0,48.13333333333333,20486.02666666667,5522.393333333333,74.45561634347541,74.45561634347541
fiqa_bm25,11,random,4,10,0.23122021562609732,0.30111111111111116,19.333333333333332,16.0,49.333333333333336,20954.266666666666,5678.933333333333,74.45561634347541,7.445561634347541
fiqa_bm25,11,random,4,50,0.23122021562609732,0.30111111111111116,64.66666666666666,16.0,54.666666666666664,23035.333333333332,6374.666666666667,74.45561634347541,1.4891123268695083
fiqa_bm25,11,random,4,200,0.23122021562609732,0.30111111111111116,234.66666666666666,16.0,74.66666666666667,30839.333333333332,8983.666666666668,74.45561634347541,0.3722780817173771
fiqa_bm25,11,random,8,1,0.23978653908293807,0.30944444444444447,17.133333333333333,16.0,48.13333333333333,20486.02666666667,5522.393333333333,74.45561634347541,74.45561634347541
fiqa_bm25,11,random,8,10,0.23978653908293807,0.30944444444444447,27.333333333333332,16.0,49.333333333333336,20954.266666666666,5678.933333333333,74.45561634347541,7.445561634347541
fiqa_bm25,11,random,8,50,0.23978653908293807,0.30944444444444447,72.66666666666666,16.0,54.666666666666664,23035.333333333332,6374.666666666667,74.45561634347541,1.4891123268695083
fiqa_bm25,11,random,8,200,0.23978653908293807,0.30944444444444447,242.66666666666666,16.0,74.66666666666667,30839.333333333332,8983.666666666668,74.45561634347541,0.3722780817173771
fiqa_bm25,11,random,16,1,0.23978653908293807,0.30944444444444447,36.13333333333333,16.0,48.13333333333333,20486.02666666667,5522.393333333333,74.45561634347541,74.45561634347541
fiqa_bm25,11,random,16,10,0.23978653908293807,0.30944444444444447,46.33333333333333,16.0,49.333333333333336,20954.266666666666,5678.933333333333,74.45561634347541,7.445561634347541
fiqa_bm25,11,random,16,50,0.23978653908293807,0.30944444444444447,91.66666666666666,16.0,54.666666666666664,23035.333333333332,6374.666666666667,74.45561634347541,1.4891123268695083
fiqa_bm25,11,random,16,200,0.23978653908293807,0.30944444444444447,261.66666666666663,16.0,74.66666666666667,30839.333333333332,8983.666666666668,74.45561634347541,0.3722780817173771
fiqa_bm25,11,random,32,1,0.23978653908293807,0.30944444444444447,74.13333333333334,16.0,48.13333333333333,20486.02666666667,5522.393333333333,74.45561634347541,74.45561634347541
fiqa_bm25,11,random,32,10,0.23978653908293807,0.30944444444444447,84.33333333333333,16.0,49.333333333333336,20954.266666666666,5678.933333333333,74.45561634347541,7.445561634347541
fiqa_bm25,11,random,32,50,0.23978653908293807,0.30944444444444447,129.66666666666666,16.0,54.666666666666664,23035.333333333332,6374.666666666667,74.45561634347541,1.4891123268695083
fiqa_bm25,11,random,32,200,0.23978653908293807,0.30944444444444447,299.66666666666663,16.0,74.66666666666667,30839.333333333332,8983.666666666668,74.45561634347541,0.3722780817173771
fiqa_bm25,11,fixed,0,1,0.23978653908293807,0.30944444444444447,1.1333333333333333,0.0,0.13333333333333333,52.026666666666664,17.393333333333334,0.0,0.0
fiqa_bm25,11,fixed,0,10,0.23978653908293807,0.30944444444444447,11.333333333333332,0.0,1.3333333333333333,520.2666666666667,173.93333333333334,0.0,0.0
fiqa_bm25,11,fixed,0,50,0.23978653908293807,0.30944444444444447,56.666666666666664,0.0,6.666666666666667,2601.333333333333,869.6666666666667,0.0,0.0
fiqa_bm25,11,fixed,0,200,0.23978653908293807,0.30944444444444447,226.66666666666666,0.0,26.666666666666668,10405.333333333332,3478.666666666667,0.0,0.0
fiqa_bm25,11,fixed,4,1,0.23978653908293807,0.30944444444444447,10.133333333333333,16.0,48.13333333333333,20486.02666666667,5522.393333333333,74.45561634347541,74.45561634347541
fiqa_bm25,11,fixed,4,10,0.23978653908293807,0.30944444444444447,20.333333333333332,16.0,49.333333333333336,20954.266666666666,5678.933333333333,74.45561634347541,7.445561634347541
fiqa_bm25,11,fixed,4,50,0.23978653908293807,0.30944444444444447,65.66666666666666,16.0,54.666666666666664,23035.333333333332,6374.666666666667,74.45561634347541,1.4891123268695083
fiqa_bm25,11,fixed,4,200,0.23978653908293807,0.30944444444444447,235.66666666666666,16.0,74.66666666666667,30839.333333333332,8983.666666666668,74.45561634347541,0.3722780817173771
fiqa_bm25,11,fixed,8,1,0.23978653908293807,0.30944444444444447,19.133333333333333,16.0,48.13333333333333,20486.02666666667,5522.393333333333,74.45561634347541,74.45561634347541
fiqa_bm25,11,fixed,8,10,0.23978653908293807,0.30944444444444447,29.333333333333332,16.0,49.333333333333336,20954.266666666666,5678.933333333333,74.45561634347541,7.445561634347541
fiqa_bm25,11,fixed,8,50,0.23978653908293807,0.30944444444444447,74.66666666666666,16.0,54.666666666666664,23035.333333333332,6374.666666666667,74.45561634347541,1.4891123268695083
fiqa_bm25,11,fixed,8,200,0.23978653908293807,0.30944444444444447,244.66666666666666,16.0,74.66666666666667,30839.333333333332,8983.666666666668,74.45561634347541,0.3722780817173771
fiqa_bm25,11,fixed,16,1,0.23122021562609732,0.30111111111111116,37.13333333333333,16.0,48.13333333333333,20486.02666666667,5522.393333333333,74.45561634347541,74.45561634347541
fiqa_bm25,11,fixed,16,10,0.23122021562609732,0.30111111111111116,47.33333333333333,16.0,49.333333333333336,20954.266666666666,5678.933333333333,74.45561634347541,7.445561634347541
fiqa_bm25,11,fixed,16,50,0.23122021562609732,0.30111111111111116,92.66666666666666,16.0,54.666666666666664,23035.333333333332,6374.666666666667,74.45561634347541,1.4891123268695083
fiqa_bm25,11,fixed,16,200,0.23122021562609732,0.30111111111111116,262.66666666666663,16.0,74.66666666666667,30839.333333333332,8983.666666666668,74.45561634347541,0.3722780817173771
fiqa_bm25,11,fixed,32,1,0.23128133693078542,0.305,73.0,16.0,48.13333333333333,20486.02666666667,5522.393333333333,74.45561634347541,74.45561634347541
fiqa_bm25,11,fixed,32,10,0.23128133693078542,0.305,82.0,16.0,49.333333333333336,20954.266666666666,5678.933333333333,74.45561634347541,7.445561634347541
fiqa_bm25,11,fixed,32,50,0.23128133693078542,0.305,122.0,16.0,54.666666666666664,23035.333333333332,6374.666666666667,74.45561634347541,1.4891123268695083
fiqa_bm25,11,fixed,32,200,0.23128133693078542,0.305,272.0,16.0,74.66666666666667,30839.333333333332,8983.666666666668,74.45561634347541,0.3722780817173771
fiqa_bm25,11,information_gain,0,1,0.23978653908293807,0.30944444444444447,1.1333333333333333,0.0,0.13333333333333333,52.026666666666664,17.393333333333334,0.0,0.0
fiqa_bm25,11,information_gain,0,10,0.23978653908293807,0.30944444444444447,11.333333333333332,0.0,1.3333333333333333,520.2666666666667,173.93333333333334,0.0,0.0
fiqa_bm25,11,information_gain,0,50,0.23978653908293807,0.30944444444444447,56.666666666666664,0.0,6.666666666666667,2601.333333333333,869.6666666666667,0.0,0.0
fiqa_bm25,11,information_gain,0,200,0.23978653908293807,0.30944444444444447,226.66666666666666,0.0,26.666666666666668,10405.333333333332,3478.666666666667,0.0,0.0
fiqa_bm25,11,information_gain,4,1,0.23777211564811415,0.31444444444444447,9.133333333333333,16.0,48.13333333333333,20486.02666666667,5522.393333333333,74.45561634347541,74.45561634347541
fiqa_bm25,11,information_gain,4,10,0.23777211564811415,0.31444444444444447,19.333333333333332,16.0,49.333333333333336,20954.266666666666,5678.933333333333,74.45561634347541,7.445561634347541
fiqa_bm25,11,information_gain,4,50,0.23777211564811415,0.31444444444444447,64.66666666666666,16.0,54.666666666666664,23035.333333333332,6374.666666666667,74.45561634347541,1.4891123268695083
fiqa_bm25,11,information_gain,4,200,0.23777211564811415,0.31444444444444447,234.66666666666666,16.0,74.66666666666667,30839.333333333332,8983.666666666668,74.45561634347541,0.3722780817173771
fiqa_bm25,11,information_gain,8,1,0.23128133693078542,0.305,17.0,16.0,48.13333333333333,20486.02666666667,5522.393333333333,74.45561634347541,74.45561634347541
fiqa_bm25,11,information_gain,8,10,0.23128133693078542,0.305,26.0,16.0,49.333333333333336,20954.266666666666,5678.933333333333,74.45561634347541,7.445561634347541
fiqa_bm25,11,information_gain,8,50,0.23128133693078542,0.305,66.0,16.0,54.666666666666664,23035.333333333332,6374.666666666667,74.45561634347541,1.4891123268695083
fiqa_bm25,11,information_gain,8,200,0.23128133693078542,0.305,216.0,16.0,74.66666666666667,30839.333333333332,8983.666666666668,74.45561634347541,0.3722780817173771
fiqa_bm25,11,information_gain,16,1,0.23128133693078542,0.305,33.0,16.0,48.13333333333333,20486.02666666667,5522.393333333333,74.45561634347541,74.45561634347541
fiqa_bm25,11,information_gain,16,10,0.23128133693078542,0.305,42.0,16.0,49.333333333333336,20954.266666666666,5678.933333333333,74.45561634347541,7.445561634347541
fiqa_bm25,11,information_gain,16,50,0.23128133693078542,0.305,82.0,16.0,54.666666666666664,23035.333333333332,6374.666666666667,74.45561634347541,1.4891123268695083
fiqa_bm25,11,information_gain,16,200,0.23128133693078542,0.305,232.0,16.0,74.66666666666667,30839.333333333332,8983.666666666668,74.45561634347541,0.3722780817173771
fiqa_bm25,11,information_gain,32,1,0.23128133693078542,0.305,72.0,16.0,48.13333333333333,20486.02666666667,5522.393333333333,74.45561634347541,74.45561634347541
fiqa_bm25,11,information_gain,32,10,0.23128133693078542,0.305,81.0,16.0,49.333333333333336,20954.266666666666,5678.933333333333,74.45561634347541,7.445561634347541
fiqa_bm25,11,information_gain,32,50,0.23128133693078542,0.305,121.0,16.0,54.666666666666664,23035.333333333332,6374.666666666667,74.45561634347541,1.4891123268695083
fiqa_bm25,11,information_gain,32,200,0.23128133693078542,0.305,271.0,16.0,74.66666666666667,30839.333333333332,8983.666666666668,74.45561634347541,0.3722780817173771
fiqa_bm25,11,decision_value,0,1,0.23978653908293807,0.30944444444444447,1.1333333333333333,0.0,0.13333333333333333,52.026666666666664,17.393333333333334,0.0,0.0
fiqa_bm25,11,decision_value,0,10,0.23978653908293807,0.30944444444444447,11.333333333333332,0.0,1.3333333333333333,520.2666666666667,173.93333333333334,0.0,0.0
fiqa_bm25,11,decision_value,0,50,0.23978653908293807,0.30944444444444447,56.666666666666664,0.0,6.666666666666667,2601.333333333333,869.6666666666667,0.0,0.0
fiqa_bm25,11,decision_value,0,200,0.23978653908293807,0.30944444444444447,226.66666666666666,0.0,26.666666666666668,10405.333333333332,3478.666666666667,0.0,0.0
fiqa_bm25,11,decision_value,4,1,0.23777211564811415,0.31444444444444447,9.133333333333333,16.0,48.13333333333333,20486.02666666667,5522.393333333333,74.45561634347541,74.45561634347541
fiqa_bm25,11,decision_value,4,10,0.23777211564811415,0.31444444444444447,19.333333333333332,16.0,49.333333333333336,20954.266666666666,5678.933333333333,74.45561634347541,7.445561634347541
fiqa_bm25,11,decision_value,4,50,0.23777211564811415,0.31444444444444447,64.66666666666666,16.0,54.666666666666664,23035.333333333332,6374.666666666667,74.45561634347541,1.4891123268695083
fiqa_bm25,11,decision_value,4,200,0.23777211564811415,0.31444444444444447,234.66666666666666,16.0,74.66666666666667,30839.333333333332,8983.666666666668,74.45561634347541,0.3722780817173771
fiqa_bm25,11,decision_value,8,1,0.23128133693078542,0.305,17.0,16.0,48.13333333333333,20486.02666666667,5522.393333333333,74.45561634347541,74.45561634347541
fiqa_bm25,11,decision_value,8,10,0.23128133693078542,0.305,26.0,16.0,49.333333333333336,20954.266666666666,5678.933333333333,74.45561634347541,7.445561634347541
fiqa_bm25,11,decision_value,8,50,0.23128133693078542,0.305,66.0,16.0,54.666666666666664,23035.333333333332,6374.666666666667,74.45561634347541,1.4891123268695083
fiqa_bm25,11,decision_value,8,200,0.23128133693078542,0.305,216.0,16.0,74.66666666666667,30839.333333333332,8983.666666666668,74.45561634347541,0.3722780817173771
fiqa_bm25,11,decision_value,16,1,0.23128133693078542,0.305,33.0,16.0,48.13333333333333,20486.02666666667,5522.393333333333,74.45561634347541,74.45561634347541
fiqa_bm25,11,decision_value,16,10,0.23128133693078542,0.305,42.0,16.0,49.333333333333336,20954.266666666666,5678.933333333333,74.45561634347541,7.445561634347541
fiqa_bm25,11,decision_value,16,50,0.23128133693078542,0.305,82.0,16.0,54.666666666666664,23035.333333333332,6374.666666666667,74.45561634347541,1.4891123268695083
fiqa_bm25,11,decision_value,16,200,0.23128133693078542,0.305,232.0,16.0,74.66666666666667,30839.333333333332,8983.666666666668,74.45561634347541,0.3722780817173771
fiqa_bm25,11,decision_value,32,1,0.23128133693078542,0.305,70.0,16.0,48.13333333333333,20486.02666666667,5522.393333333333,74.45561634347541,74.45561634347541
fiqa_bm25,11,decision_value,32,10,0.23128133693078542,0.305,79.0,16.0,49.333333333333336,20954.266666666666,5678.933333333333,74.45561634347541,7.445561634347541
fiqa_bm25,11,decision_value,32,50,0.23128133693078542,0.305,119.0,16.0,54.666666666666664,23035.333333333332,6374.666666666667,74.45561634347541,1.4891123268695083
fiqa_bm25,11,decision_value,32,200,0.23128133693078542,0.305,269.0,16.0,74.66666666666667,30839.333333333332,8983.666666666668,74.45561634347541,0.3722780817173771
fiqa_bm25,23,random,0,1,0.23978653908293807,0.30944444444444447,1.1333333333333333,0.0,0.13333333333333333,52.026666666666664,17.393333333333334,0.0,0.0
fiqa_bm25,23,random,0,10,0.23978653908293807,0.30944444444444447,11.333333333333332,0.0,1.3333333333333333,520.2666666666667,173.93333333333334,0.0,0.0
fiqa_bm25,23,random,0,50,0.23978653908293807,0.30944444444444447,56.666666666666664,0.0,6.666666666666667,2601.333333333333,869.6666666666667,0.0,0.0
fiqa_bm25,23,random,0,200,0.23978653908293807,0.30944444444444447,226.66666666666666,0.0,26.666666666666668,10405.333333333332,3478.666666666667,0.0,0.0
fiqa_bm25,23,random,4,1,0.23128133693078542,0.305,9.0,16.0,48.13333333333333,19913.02666666667,5236.393333333333,73.66888182834373,73.66888182834373
fiqa_bm25,23,random,4,10,0.23128133693078542,0.305,18.0,16.0,49.333333333333336,20381.266666666666,5392.933333333333,73.66888182834373,7.366888182834373
fiqa_bm25,23,random,4,50,0.23128133693078542,0.305,58.0,16.0,54.666666666666664,22462.333333333332,6088.666666666667,73.66888182834373,1.4733776365668745
fiqa_bm25,23,random,4,200,0.23128133693078542,0.305,208.0,16.0,74.66666666666667,30266.333333333332,8697.666666666668,73.66888182834373,0.3683444091417186
fiqa_bm25,23,random,8,1,0.23128133693078542,0.305,18.0,16.0,48.13333333333333,19913.02666666667,5236.393333333333,73.66888182834373,73.66888182834373
fiqa_bm25,23,random,8,10,0.23128133693078542,0.305,27.0,16.0,49.333333333333336,20381.266666666666,5392.933333333333,73.66888182834373,7.366888182834373
fiqa_bm25,23,random,8,50,0.23128133693078542,0.305,67.0,16.0,54.666666666666664,22462.333333333332,6088.666666666667,73.66888182834373,1.4733776365668745
fiqa_bm25,23,random,8,200,0.23128133693078542,0.305,217.0,16.0,74.66666666666667,30266.333333333332,8697.666666666668,73.66888182834373,0.3683444091417186
fiqa_bm25,23,random,16,1,0.25734741150410106,0.3233333333333333,35.0,16.0,48.0,19861.0,5219.0,73.66888182834373,73.66888182834373
fiqa_bm25,23,random,16,10,0.25734741150410106,0.3233333333333333,44.0,16.0,48.0,19861.0,5219.0,73.66888182834373,7.366888182834373
fiqa_bm25,23,random,16,50,0.25734741150410106,0.3233333333333333,84.0,16.0,48.0,19861.0,5219.0,73.66888182834373,1.4733776365668745
fiqa_bm25,23,random,16,200,0.25734741150410106,0.3233333333333333,234.0,16.0,48.0,19861.0,5219.0,73.66888182834373,0.3683444091417186
fiqa_bm25,23,random,32,1,0.23128133693078542,0.305,72.0,16.0,48.13333333333333,19913.02666666667,5236.393333333333,73.66888182834373,73.66888182834373
fiqa_bm25,23,random,32,10,0.23128133693078542,0.305,81.0,16.0,49.333333333333336,20381.266666666666,5392.933333333333,73.66888182834373,7.366888182834373
fiqa_bm25,23,random,32,50,0.23128133693078542,0.305,121.0,16.0,54.666666666666664,22462.333333333332,6088.666666666667,73.66888182834373,1.4733776365668745
fiqa_bm25,23,random,32,200,0.23128133693078542,0.305,271.0,16.0,74.66666666666667,30266.333333333332,8697.666666666668,73.66888182834373,0.3683444091417186
fiqa_bm25,23,fixed,0,1,0.23978653908293807,0.30944444444444447,1.1333333333333333,0.0,0.13333333333333333,52.026666666666664,17.393333333333334,0.0,0.0
fiqa_bm25,23,fixed,0,10,0.23978653908293807,0.30944444444444447,11.333333333333332,0.0,1.3333333333333333,520.2666666666667,173.93333333333334,0.0,0.0
fiqa_bm25,23,fixed,0,50,0.23978653908293807,0.30944444444444447,56.666666666666664,0.0,6.666666666666667,2601.333333333333,869.6666666666667,0.0,0.0
fiqa_bm25,23,fixed,0,200,0.23978653908293807,0.30944444444444447,226.66666666666666,0.0,26.666666666666668,10405.333333333332,3478.666666666667,0.0,0.0
fiqa_bm25,23,fixed,4,1,0.23978653908293807,0.30944444444444447,10.133333333333333,16.0,48.13333333333333,19913.02666666667,5236.393333333333,73.66888182834373,73.66888182834373
fiqa_bm25,23,fixed,4,10,0.23978653908293807,0.30944444444444447,20.333333333333332,16.0,49.333333333333336,20381.266666666666,5392.933333333333,73.66888182834373,7.366888182834373
fiqa_bm25,23,fixed,4,50,0.23978653908293807,0.30944444444444447,65.66666666666666,16.0,54.666666666666664,22462.333333333332,6088.666666666667,73.66888182834373,1.4733776365668745
fiqa_bm25,23,fixed,4,200,0.23978653908293807,0.30944444444444447,235.66666666666666,16.0,74.66666666666667,30266.333333333332,8697.666666666668,73.66888182834373,0.3683444091417186
fiqa_bm25,23,fixed,8,1,0.23128133693078542,0.305,19.0,16.0,48.13333333333333,19913.02666666667,5236.393333333333,73.66888182834373,73.66888182834373
fiqa_bm25,23,fixed,8,10,0.23128133693078542,0.305,28.0,16.0,49.333333333333336,20381.266666666666,5392.933333333333,73.66888182834373,7.366888182834373
fiqa_bm25,23,fixed,8,50,0.23128133693078542,0.305,68.0,16.0,54.666666666666664,22462.333333333332,6088.666666666667,73.66888182834373,1.4733776365668745
fiqa_bm25,23,fixed,8,200,0.23128133693078542,0.305,218.0,16.0,74.66666666666667,30266.333333333332,8697.666666666668,73.66888182834373,0.3683444091417186
fiqa_bm25,23,fixed,16,1,0.23128133693078542,0.305,37.0,16.0,48.13333333333333,19913.02666666667,5236.393333333333,73.66888182834373,73.66888182834373
fiqa_bm25,23,fixed,16,10,0.23128133693078542,0.305,46.0,16.0,49.333333333333336,20381.266666666666,5392.933333333333,73.66888182834373,7.366888182834373
fiqa_bm25,23,fixed,16,50,0.23128133693078542,0.305,86.0,16.0,54.666666666666664,22462.333333333332,6088.666666666667,73.66888182834373,1.4733776365668745
fiqa_bm25,23,fixed,16,200,0.23128133693078542,0.305,236.0,16.0,74.66666666666667,30266.333333333332,8697.666666666668,73.66888182834373,0.3683444091417186
fiqa_bm25,23,fixed,32,1,0.23128133693078542,0.305,73.0,16.0,48.13333333333333,19913.02666666667,5236.393333333333,73.66888182834373,73.66888182834373
fiqa_bm25,23,fixed,32,10,0.23128133693078542,0.305,82.0,16.0,49.333333333333336,20381.266666666666,5392.933333333333,73.66888182834373,7.366888182834373
fiqa_bm25,23,fixed,32,50,0.23128133693078542,0.305,122.0,16.0,54.666666666666664,22462.333333333332,6088.666666666667,73.66888182834373,1.4733776365668745
fiqa_bm25,23,fixed,32,200,0.23128133693078542,0.305,272.0,16.0,74.66666666666667,30266.333333333332,8697.666666666668,73.66888182834373,0.3683444091417186
fiqa_bm25,23,information_gain,0,1,0.23978653908293807,0.30944444444444447,1.1333333333333333,0.0,0.13333333333333333,52.026666666666664,17.393333333333334,0.0,0.0
fiqa_bm25,23,information_gain,0,10,0.23978653908293807,0.30944444444444447,11.333333333333332,0.0,1.3333333333333333,520.2666666666667,173.93333333333334,0.0,0.0
fiqa_bm25,23,information_gain,0,50,0.23978653908293807,0.30944444444444447,56.666666666666664,0.0,6.666666666666667,2601.333333333333,869.6666666666667,0.0,0.0
fiqa_bm25,23,information_gain,0,200,0.23978653908293807,0.30944444444444447,226.66666666666666,0.0,26.666666666666668,10405.333333333332,3478.666666666667,0.0,0.0
fiqa_bm25,23,information_gain,4,1,0.25734741150410106,0.3233333333333333,9.0,16.0,48.0,19861.0,5219.0,73.66888182834373,73.66888182834373
fiqa_bm25,23,information_gain,4,10,0.25734741150410106,0.3233333333333333,18.0,16.0,48.0,19861.0,5219.0,73.66888182834373,7.366888182834373
fiqa_bm25,23,information_gain,4,50,0.25734741150410106,0.3233333333333333,58.0,16.0,48.0,19861.0,5219.0,73.66888182834373,1.4733776365668745
fiqa_bm25,23,information_gain,4,200,0.25734741150410106,0.3233333333333333,208.0,16.0,48.0,19861.0,5219.0,73.66888182834373,0.3683444091417186
fiqa_bm25,23,information_gain,8,1,0.23128133693078542,0.305,17.0,16.0,48.13333333333333,19913.02666666667,5236.393333333333,73.66888182834373,73.66888182834373
fiqa_bm25,23,information_gain,8,10,0.23128133693078542,0.305,26.0,16.0,49.333333333333336,20381.266666666666,5392.933333333333,73.66888182834373,7.366888182834373
fiqa_bm25,23,information_gain,8,50,0.23128133693078542,0.305,66.0,16.0,54.666666666666664,22462.333333333332,6088.666666666667,73.66888182834373,1.4733776365668745
fiqa_bm25,23,information_gain,8,200,0.23128133693078542,0.305,216.0,16.0,74.66666666666667,30266.333333333332,8697.666666666668,73.66888182834373,0.3683444091417186
fiqa_bm25,23,information_gain,16,1,0.23128133693078542,0.305,33.0,16.0,48.13333333333333,19913.02666666667,5236.393333333333,73.66888182834373,73.66888182834373
fiqa_bm25,23,information_gain,16,10,0.23128133693078542,0.305,42.0,16.0,49.333333333333336,20381.266666666666,5392.933333333333,73.66888182834373,7.366888182834373
fiqa_bm25,23,information_gain,16,50,0.23128133693078542,0.305,82.0,16.0,54.666666666666664,22462.333333333332,6088.666666666667,73.66888182834373,1.4733776365668745
fiqa_bm25,23,information_gain,16,200,0.23128133693078542,0.305,232.0,16.0,74.66666666666667,30266.333333333332,8697.666666666668,73.66888182834373,0.3683444091417186
fiqa_bm25,23,information_gain,32,1,0.23128133693078542,0.305,73.0,16.0,48.13333333333333,19913.02666666667,5236.393333333333,73.66888182834373,73.66888182834373
fiqa_bm25,23,information_gain,32,10,0.23128133693078542,0.305,82.0,16.0,49.333333333333336,20381.266666666666,5392.933333333333,73.66888182834373,7.366888182834373
fiqa_bm25,23,information_gain,32,50,0.23128133693078542,0.305,122.0,16.0,54.666666666666664,22462.333333333332,6088.666666666667,73.66888182834373,1.4733776365668745
fiqa_bm25,23,information_gain,32,200,0.23128133693078542,0.305,272.0,16.0,74.66666666666667,30266.333333333332,8697.666666666668,73.66888182834373,0.3683444091417186
fiqa_bm25,23,decision_value,0,1,0.23978653908293807,0.30944444444444447,1.1333333333333333,0.0,0.13333333333333333,52.026666666666664,17.393333333333334,0.0,0.0
fiqa_bm25,23,decision_value,0,10,0.23978653908293807,0.30944444444444447,11.333333333333332,0.0,1.3333333333333333,520.2666666666667,173.93333333333334,0.0,0.0
fiqa_bm25,23,decision_value,0,50,0.23978653908293807,0.30944444444444447,56.666666666666664,0.0,6.666666666666667,2601.333333333333,869.6666666666667,0.0,0.0
fiqa_bm25,23,decision_value,0,200,0.23978653908293807,0.30944444444444447,226.66666666666666,0.0,26.666666666666668,10405.333333333332,3478.666666666667,0.0,0.0
fiqa_bm25,23,decision_value,4,1,0.25734741150410106,0.3233333333333333,9.0,16.0,48.0,19861.0,5219.0,73.66888182834373,73.66888182834373
fiqa_bm25,23,decision_value,4,10,0.25734741150410106,0.3233333333333333,18.0,16.0,48.0,19861.0,5219.0,73.66888182834373,7.366888182834373
fiqa_bm25,23,decision_value,4,50,0.25734741150410106,0.3233333333333333,58.0,16.0,48.0,19861.0,5219.0,73.66888182834373,1.4733776365668745
fiqa_bm25,23,decision_value,4,200,0.25734741150410106,0.3233333333333333,208.0,16.0,48.0,19861.0,5219.0,73.66888182834373,0.3683444091417186
fiqa_bm25,23,decision_value,8,1,0.23128133693078542,0.305,17.0,16.0,48.13333333333333,19913.02666666667,5236.393333333333,73.66888182834373,73.66888182834373
fiqa_bm25,23,decision_value,8,10,0.23128133693078542,0.305,26.0,16.0,49.333333333333336,20381.266666666666,5392.933333333333,73.66888182834373,7.366888182834373
fiqa_bm25,23,decision_value,8,50,0.23128133693078542,0.305,66.0,16.0,54.666666666666664,22462.333333333332,6088.666666666667,73.66888182834373,1.4733776365668745
fiqa_bm25,23,decision_value,8,200,0.23128133693078542,0.305,216.0,16.0,74.66666666666667,30266.333333333332,8697.666666666668,73.66888182834373,0.3683444091417186
fiqa_bm25,23,decision_value,16,1,0.23128133693078542,0.305,34.0,16.0,48.13333333333333,19913.02666666667,5236.393333333333,73.66888182834373,73.66888182834373
fiqa_bm25,23,decision_value,16,10,0.23128133693078542,0.305,43.0,16.0,49.333333333333336,20381.266666666666,5392.933333333333,73.66888182834373,7.366888182834373
fiqa_bm25,23,decision_value,16,50,0.23128133693078542,0.305,83.0,16.0,54.666666666666664,22462.333333333332,6088.666666666667,73.66888182834373,1.4733776365668745
fiqa_bm25,23,decision_value,16,200,0.23128133693078542,0.305,233.0,16.0,74.66666666666667,30266.333333333332,8697.666666666668,73.66888182834373,0.3683444091417186
fiqa_bm25,23,decision_value,32,1,0.23128133693078542,0.305,70.0,16.0,48.13333333333333,19913.02666666667,5236.393333333333,73.66888182834373,73.66888182834373
fiqa_bm25,23,decision_value,32,10,0.23128133693078542,0.305,79.0,16.0,49.333333333333336,20381.266666666666,5392.933333333333,73.66888182834373,7.366888182834373
fiqa_bm25,23,decision_value,32,50,0.23128133693078542,0.305,119.0,16.0,54.666666666666664,22462.333333333332,6088.666666666667,73.66888182834373,1.4733776365668745
fiqa_bm25,23,decision_value,32,200,0.23128133693078542,0.305,269.0,16.0,74.66666666666667,30266.333333333332,8697.666666666668,73.66888182834373,0.3683444091417186
fiqa_bm25,47,random,0,1,0.23978653908293807,0.30944444444444447,1.1333333333333333,0.0,0.13333333333333333,52.026666666666664,17.393333333333334,0.0,0.0
fiqa_bm25,47,random,0,10,0.23978653908293807,0.30944444444444447,11.333333333333332,0.0,1.3333333333333333,520.2666666666667,173.93333333333334,0.0,0.0
fiqa_bm25,47,random,0,50,0.23978653908293807,0.30944444444444447,56.666666666666664,0.0,6.666666666666667,2601.333333333333,869.6666666666667,0.0,0.0
fiqa_bm25,47,random,0,200,0.23978653908293807,0.30944444444444447,226.66666666666666,0.0,26.666666666666668,10405.333333333332,3478.666666666667,0.0,0.0
fiqa_bm25,47,random,4,1,0.23978653908293807,0.30944444444444447,11.133333333333333,16.0,48.13333333333333,19601.02666666667,5084.393333333333,76.39591286834911,76.39591286834911
fiqa_bm25,47,random,4,10,0.23978653908293807,0.30944444444444447,21.333333333333332,16.0,49.333333333333336,20069.266666666666,5240.933333333333,76.39591286834911,7.639591286834912
fiqa_bm25,47,random,4,50,0.23978653908293807,0.30944444444444447,66.66666666666666,16.0,54.666666666666664,22150.333333333332,5936.666666666667,76.39591286834911,1.5279182573669823
fiqa_bm25,47,random,4,200,0.23978653908293807,0.30944444444444447,236.66666666666666,16.0,74.66666666666667,29954.333333333332,8545.666666666668,76.39591286834911,0.38197956434174557
fiqa_bm25,47,random,8,1,0.23777211564811415,0.31444444444444447,19.133333333333333,16.0,48.13333333333333,19601.02666666667,5084.393333333333,76.39591286834911,76.39591286834911
fiqa_bm25,47,random,8,10,0.23777211564811415,0.31444444444444447,29.333333333333332,16.0,49.333333333333336,20069.266666666666,5240.933333333333,76.39591286834911,7.639591286834912
fiqa_bm25,47,random,8,50,0.23777211564811415,0.31444444444444447,74.66666666666666,16.0,54.666666666666664,22150.333333333332,5936.666666666667,76.39591286834911,1.5279182573669823
fiqa_bm25,47,random,8,200,0.23777211564811415,0.31444444444444447,244.66666666666666,16.0,74.66666666666667,29954.333333333332,8545.666666666668,76.39591286834911,0.38197956434174557
fiqa_bm25,47,random,16,1,0.23128133693078542,0.305,36.0,16.0,48.13333333333333,19601.02666666667,5084.393333333333,76.39591286834911,76.39591286834911
fiqa_bm25,47,random,16,10,0.23128133693078542,0.305,45.0,16.0,49.333333333333336,20069.266666666666,5240.933333333333,76.39591286834911,7.639591286834912
fiqa_bm25,47,random,16,50,0.23128133693078542,0.305,85.0,16.0,54.666666666666664,22150.333333333332,5936.666666666667,76.39591286834911,1.5279182573669823
fiqa_bm25,47,random,16,200,0.23128133693078542,0.305,235.0,16.0,74.66666666666667,29954.333333333332,8545.666666666668,76.39591286834911,0.38197956434174557
fiqa_bm25,47,random,32,1,0.23128133693078542,0.305,72.0,16.0,48.13333333333333,19601.02666666667,5084.393333333333,76.39591286834911,76.39591286834911
fiqa_bm25,47,random,32,10,0.23128133693078542,0.305,81.0,16.0,49.333333333333336,20069.266666666666,5240.933333333333,76.39591286834911,7.639591286834912
fiqa_bm25,47,random,32,50,0.23128133693078542,0.305,121.0,16.0,54.666666666666664,22150.333333333332,5936.666666666667,76.39591286834911,1.5279182573669823
fiqa_bm25,47,random,32,200,0.23128133693078542,0.305,271.0,16.0,74.66666666666667,29954.333333333332,8545.666666666668,76.39591286834911,0.38197956434174557
fiqa_bm25,47,fixed,0,1,0.23978653908293807,0.30944444444444447,1.1333333333333333,0.0,0.13333333333333333,52.026666666666664,17.393333333333334,0.0,0.0
fiqa_bm25,47,fixed,0,10,0.23978653908293807,0.30944444444444447,11.333333333333332,0.0,1.3333333333333333,520.2666666666667,173.93333333333334,0.0,0.0
fiqa_bm25,47,fixed,0,50,0.23978653908293807,0.30944444444444447,56.666666666666664,0.0,6.666666666666667,2601.333333333333,869.6666666666667,0.0,0.0
fiqa_bm25,47,fixed,0,200,0.23978653908293807,0.30944444444444447,226.66666666666666,0.0,26.666666666666668,10405.333333333332,3478.666666666667,0.0,0.0
fiqa_bm25,47,fixed,4,1,0.23128133693078542,0.305,10.0,16.0,48.13333333333333,19601.02666666667,5084.393333333333,76.39591286834911,76.39591286834911
fiqa_bm25,47,fixed,4,10,0.23128133693078542,0.305,19.0,16.0,49.333333333333336,20069.266666666666,5240.933333333333,76.39591286834911,7.639591286834912
fiqa_bm25,47,fixed,4,50,0.23128133693078542,0.305,59.0,16.0,54.666666666666664,22150.333333333332,5936.666666666667,76.39591286834911,1.5279182573669823
fiqa_bm25,47,fixed,4,200,0.23128133693078542,0.305,209.0,16.0,74.66666666666667,29954.333333333332,8545.666666666668,76.39591286834911,0.38197956434174557
fiqa_bm25,47,fixed,8,1,0.23128133693078542,0.305,19.0,16.0,48.13333333333333,19601.02666666667,5084.393333333333,76.39591286834911,76.39591286834911
fiqa_bm25,47,fixed,8,10,0.23128133693078542,0.305,28.0,16.0,49.333333333333336,20069.266666666666,5240.933333333333,76.39591286834911,7.639591286834912
fiqa_bm25,47,fixed,8,50,0.23128133693078542,0.305,68.0,16.0,54.666666666666664,22150.333333333332,5936.666666666667,76.39591286834911,1.5279182573669823
fiqa_bm25,47,fixed,8,200,0.23128133693078542,0.305,218.0,16.0,74.66666666666667,29954.333333333332,8545.666666666668,76.39591286834911,0.38197956434174557
fiqa_bm25,47,fixed,16,1,0.23128133693078542,0.305,37.0,16.0,48.13333333333333,19601.02666666667,5084.393333333333,76.39591286834911,76.39591286834911
fiqa_bm25,47,fixed,16,10,0.23128133693078542,0.305,46.0,16.0,49.333333333333336,20069.266666666666,5240.933333333333,76.39591286834911,7.639591286834912
fiqa_bm25,47,fixed,16,50,0.23128133693078542,0.305,86.0,16.0,54.666666666666664,22150.333333333332,5936.666666666667,76.39591286834911,1.5279182573669823
fiqa_bm25,47,fixed,16,200,0.23128133693078542,0.305,236.0,16.0,74.66666666666667,29954.333333333332,8545.666666666668,76.39591286834911,0.38197956434174557
fiqa_bm25,47,fixed,32,1,0.23128133693078542,0.305,73.0,16.0,48.13333333333333,19601.02666666667,5084.393333333333,76.39591286834911,76.39591286834911
fiqa_bm25,47,fixed,32,10,0.23128133693078542,0.305,82.0,16.0,49.333333333333336,20069.266666666666,5240.933333333333,76.39591286834911,7.639591286834912
fiqa_bm25,47,fixed,32,50,0.23128133693078542,0.305,122.0,16.0,54.666666666666664,22150.333333333332,5936.666666666667,76.39591286834911,1.5279182573669823
fiqa_bm25,47,fixed,32,200,0.23128133693078542,0.305,272.0,16.0,74.66666666666667,29954.333333333332,8545.666666666668,76.39591286834911,0.38197956434174557
fiqa_bm25,47,information_gain,0,1,0.23978653908293807,0.30944444444444447,1.1333333333333333,0.0,0.13333333333333333,52.026666666666664,17.393333333333334,0.0,0.0
fiqa_bm25,47,information_gain,0,10,0.23978653908293807,0.30944444444444447,11.333333333333332,0.0,1.3333333333333333,520.2666666666667,173.93333333333334,0.0,0.0
fiqa_bm25,47,information_gain,0,50,0.23978653908293807,0.30944444444444447,56.666666666666664,0.0,6.666666666666667,2601.333333333333,869.6666666666667,0.0,0.0
fiqa_bm25,47,information_gain,0,200,0.23978653908293807,0.30944444444444447,226.66666666666666,0.0,26.666666666666668,10405.333333333332,3478.666666666667,0.0,0.0
fiqa_bm25,47,information_gain,4,1,0.23128133693078542,0.305,9.0,16.0,48.13333333333333,19601.02666666667,5084.393333333333,76.39591286834911,76.39591286834911
fiqa_bm25,47,information_gain,4,10,0.23128133693078542,0.305,18.0,16.0,49.333333333333336,20069.266666666666,5240.933333333333,76.39591286834911,7.639591286834912
fiqa_bm25,47,information_gain,4,50,0.23128133693078542,0.305,58.0,16.0,54.666666666666664,22150.333333333332,5936.666666666667,76.39591286834911,1.5279182573669823
fiqa_bm25,47,information_gain,4,200,0.23128133693078542,0.305,208.0,16.0,74.66666666666667,29954.333333333332,8545.666666666668,76.39591286834911,0.38197956434174557
fiqa_bm25,47,information_gain,8,1,0.23128133693078542,0.305,17.0,16.0,48.13333333333333,19601.02666666667,5084.393333333333,76.39591286834911,76.39591286834911
fiqa_bm25,47,information_gain,8,10,0.23128133693078542,0.305,26.0,16.0,49.333333333333336,20069.266666666666,5240.933333333333,76.39591286834911,7.639591286834912
fiqa_bm25,47,information_gain,8,50,0.23128133693078542,0.305,66.0,16.0,54.666666666666664,22150.333333333332,5936.666666666667,76.39591286834911,1.5279182573669823
fiqa_bm25,47,information_gain,8,200,0.23128133693078542,0.305,216.0,16.0,74.66666666666667,29954.333333333332,8545.666666666668,76.39591286834911,0.38197956434174557
fiqa_bm25,47,information_gain,16,1,0.23128133693078542,0.305,33.0,16.0,48.13333333333333,19601.02666666667,5084.393333333333,76.39591286834911,76.39591286834911
fiqa_bm25,47,information_gain,16,10,0.23128133693078542,0.305,42.0,16.0,49.333333333333336,20069.266666666666,5240.933333333333,76.39591286834911,7.639591286834912
fiqa_bm25,47,information_gain,16,50,0.23128133693078542,0.305,82.0,16.0,54.666666666666664,22150.333333333332,5936.666666666667,76.39591286834911,1.5279182573669823
fiqa_bm25,47,information_gain,16,200,0.23128133693078542,0.305,232.0,16.0,74.66666666666667,29954.333333333332,8545.666666666668,76.39591286834911,0.38197956434174557
fiqa_bm25,47,information_gain,32,1,0.23128133693078542,0.305,71.0,16.0,48.13333333333333,19601.02666666667,5084.393333333333,76.39591286834911,76.39591286834911
fiqa_bm25,47,information_gain,32,10,0.23128133693078542,0.305,80.0,16.0,49.333333333333336,20069.266666666666,5240.933333333333,76.39591286834911,7.639591286834912
fiqa_bm25,47,information_gain,32,50,0.23128133693078542,0.305,120.0,16.0,54.666666666666664,22150.333333333332,5936.666666666667,76.39591286834911,1.5279182573669823
fiqa_bm25,47,information_gain,32,200,0.23128133693078542,0.305,270.0,16.0,74.66666666666667,29954.333333333332,8545.666666666668,76.39591286834911,0.38197956434174557
fiqa_bm25,47,decision_value,0,1,0.23978653908293807,0.30944444444444447,1.1333333333333333,0.0,0.13333333333333333,52.026666666666664,17.393333333333334,0.0,0.0
fiqa_bm25,47,decision_value,0,10,0.23978653908293807,0.30944444444444447,11.333333333333332,0.0,1.3333333333333333,520.2666666666667,173.93333333333334,0.0,0.0
fiqa_bm25,47,decision_value,0,50,0.23978653908293807,0.30944444444444447,56.666666666666664,0.0,6.666666666666667,2601.333333333333,869.6666666666667,0.0,0.0
fiqa_bm25,47,decision_value,0,200,0.23978653908293807,0.30944444444444447,226.66666666666666,0.0,26.666666666666668,10405.333333333332,3478.666666666667,0.0,0.0
fiqa_bm25,47,decision_value,4,1,0.23128133693078542,0.305,9.0,16.0,48.13333333333333,19601.02666666667,5084.393333333333,76.39591286834911,76.39591286834911
fiqa_bm25,47,decision_value,4,10,0.23128133693078542,0.305,18.0,16.0,49.333333333333336,20069.266666666666,5240.933333333333,76.39591286834911,7.639591286834912
fiqa_bm25,47,decision_value,4,50,0.23128133693078542,0.305,58.0,16.0,54.666666666666664,22150.333333333332,5936.666666666667,76.39591286834911,1.5279182573669823
fiqa_bm25,47,decision_value,4,200,0.23128133693078542,0.305,208.0,16.0,74.66666666666667,29954.333333333332,8545.666666666668,76.39591286834911,0.38197956434174557
fiqa_bm25,47,decision_value,8,1,0.23128133693078542,0.305,17.0,16.0,48.13333333333333,19601.02666666667,5084.393333333333,76.39591286834911,76.39591286834911
fiqa_bm25,47,decision_value,8,10,0.23128133693078542,0.305,26.0,16.0,49.333333333333336,20069.266666666666,5240.933333333333,76.39591286834911,7.639591286834912
fiqa_bm25,47,decision_value,8,50,0.23128133693078542,0.305,66.0,16.0,54.666666666666664,22150.333333333332,5936.666666666667,76.39591286834911,1.5279182573669823
fiqa_bm25,47,decision_value,8,200,0.23128133693078542,0.305,216.0,16.0,74.66666666666667,29954.333333333332,8545.666666666668,76.39591286834911,0.38197956434174557
fiqa_bm25,47,decision_value,16,1,0.23128133693078542,0.305,35.0,16.0,48.13333333333333,19601.02666666667,5084.393333333333,76.39591286834911,76.39591286834911
fiqa_bm25,47,decision_value,16,10,0.23128133693078542,0.305,44.0,16.0,49.333333333333336,20069.266666666666,5240.933333333333,76.39591286834911,7.639591286834912
fiqa_bm25,47,decision_value,16,50,0.23128133693078542,0.305,84.0,16.0,54.666666666666664,22150.333333333332,5936.666666666667,76.39591286834911,1.5279182573669823
fiqa_bm25,47,decision_value,16,200,0.23128133693078542,0.305,234.0,16.0,74.66666666666667,29954.333333333332,8545.666666666668,76.39591286834911,0.38197956434174557
fiqa_bm25,47,decision_value,32,1,0.23128133693078542,0.305,71.0,16.0,48.13333333333333,19601.02666666667,5084.393333333333,76.39591286834911,76.39591286834911
fiqa_bm25,47,decision_value,32,10,0.23128133693078542,0.305,80.0,16.0,49.333333333333336,20069.266666666666,5240.933333333333,76.39591286834911,7.639591286834912
fiqa_bm25,47,decision_value,32,50,0.23128133693078542,0.305,120.0,16.0,54.666666666666664,22150.333333333332,5936.666666666667,76.39591286834911,1.5279182573669823
fiqa_bm25,47,decision_value,32,200,0.23128133693078542,0.305,270.0,16.0,74.66666666666667,29954.333333333332,8545.666666666668,76.39591286834911,0.38197956434174557
fiqa_dense,11,random,0,1,0.3250366862359049,0.4181746031746032,1.0,0.0,0.5933333333333334,233.19333333333333,74.34666666666666,0.0,0.0
fiqa_dense,11,random,0,10,0.3250366862359049,0.4181746031746032,10.0,0.0,5.933333333333334,2331.9333333333334,743.4666666666667,0.0,0.0
fiqa_dense,11,random,0,50,0.3250366862359049,0.4181746031746032,50.0,0.0,29.666666666666668,11659.666666666666,3717.333333333333,0.0,0.0
fiqa_dense,11,random,0,200,0.3250366862359049,0.4181746031746032,200.0,0.0,118.66666666666667,46638.666666666664,14869.333333333332,0.0,0.0
fiqa_dense,11,random,4,1,0.3325277311740831,0.42606349206349203,9.0,16.0,49.0,20827.933333333334,5629.3133333333335,74.45561634347541,74.45561634347541
fiqa_dense,11,random,4,10,0.3325277311740831,0.42606349206349203,18.0,16.0,58.0,24373.333333333332,6748.133333333333,74.45561634347541,7.445561634347541
fiqa_dense,11,random,4,50,0.3325277311740831,0.42606349206349203,58.0,16.0,98.0,40130.66666666667,11720.666666666668,74.45561634347541,1.4891123268695083
fiqa_dense,11,random,4,200,0.3325277311740831,0.42606349206349203,208.0,16.0,248.0,99220.66666666667,30367.666666666668,74.45561634347541,0.3722780817173771
fiqa_dense,11,random,8,1,0.3325277311740831,0.42606349206349203,17.0,16.0,49.0,20827.933333333334,5629.3133333333335,74.45561634347541,74.45561634347541
fiqa_dense,11,random,8,10,0.3325277311740831,0.42606349206349203,26.0,16.0,58.0,24373.333333333332,6748.133333333333,74.45561634347541,7.445561634347541
fiqa_dense,11,random,8,50,0.3325277311740831,0.42606349206349203,66.0,16.0,98.0,40130.66666666667,11720.666666666668,74.45561634347541,1.4891123268695083
fiqa_dense,11,random,8,200,0.3325277311740831,0.42606349206349203,216.0,16.0,248.0,99220.66666666667,30367.666666666668,74.45561634347541,0.3722780817173771
fiqa_dense,11,random,16,1,0.3325277311740831,0.42606349206349203,36.0,16.0,49.0,20827.933333333334,5629.3133333333335,74.45561634347541,74.45561634347541
fiqa_dense,11,random,16,10,0.3325277311740831,0.42606349206349203,45.0,16.0,58.0,24373.333333333332,6748.133333333333,74.45561634347541,7.445561634347541
fiqa_dense,11,random,16,50,0.3325277311740831,0.42606349206349203,85.0,16.0,98.0,40130.66666666667,11720.666666666668,74.45561634347541,1.4891123268695083
fiqa_dense,11,random,16,200,0.3325277311740831,0.42606349206349203,235.0,16.0,248.0,99220.66666666667,30367.666666666668,74.45561634347541,0.3722780817173771
fiqa_dense,11,random,32,1,0.3325277311740831,0.42606349206349203,74.0,16.0,49.0,20827.933333333334,5629.3133333333335,74.45561634347541,74.45561634347541
fiqa_dense,11,random,32,10,0.3325277311740831,0.42606349206349203,83.0,16.0,58.0,24373.333333333332,6748.133333333333,74.45561634347541,7.445561634347541
fiqa_dense,11,random,32,50,0.3325277311740831,0.42606349206349203,123.0,16.0,98.0,40130.66666666667,11720.666666666668,74.45561634347541,1.4891123268695083
fiqa_dense,11,random,32,200,0.3325277311740831,0.42606349206349203,273.0,16.0,248.0,99220.66666666667,30367.666666666668,74.45561634347541,0.3722780817173771
fiqa_dense,11,fixed,0,1,0.3250366862359049,0.4181746031746032,1.0,0.0,0.5933333333333334,233.19333333333333,74.34666666666666,0.0,0.0
fiqa_dense,11,fixed,0,10,0.3250366862359049,0.4181746031746032,10.0,0.0,5.933333333333334,2331.9333333333334,743.4666666666667,0.0,0.0
fiqa_dense,11,fixed,0,50,0.3250366862359049,0.4181746031746032,50.0,0.0,29.666666666666668,11659.666666666666,3717.333333333333,0.0,0.0
fiqa_dense,11,fixed,0,200,0.3250366862359049,0.4181746031746032,200.0,0.0,118.66666666666667,46638.666666666664,14869.333333333332,0.0,0.0
fiqa_dense,11,fixed,4,1,0.3250366862359049,0.4181746031746032,10.0,16.0,48.593333333333334,20667.193333333333,5579.346666666666,74.45561634347541,74.45561634347541
fiqa_dense,11,fixed,4,10,0.3250366862359049,0.4181746031746032,19.0,16.0,53.93333333333334,22765.933333333334,6248.466666666667,74.45561634347541,7.445561634347541
fiqa_dense,11,fixed,4,50,0.3250366862359049,0.4181746031746032,59.0,16.0,77.66666666666667,32093.666666666664,9222.333333333332,74.45561634347541,1.4891123268695083
fiqa_dense,11,fixed,4,200,0.3250366862359049,0.4181746031746032,209.0,16.0,166.66666666666669,67072.66666666666,20374.333333333332,74.45561634347541,0.3722780817173771
fiqa_dense,11,fixed,8,1,0.3250366862359049,0.4181746031746032,19.0,16.0,48.593333333333334,20667.193333333333,5579.346666666666,74.45561634347541,74.45561634347541
fiqa_dense,11,fixed,8,10,0.3250366862359049,0.4181746031746032,28.0,16.0,53.93333333333334,22765.933333333334,6248.466666666667,74.45561634347541,7.445561634347541
fiqa_dense,11,fixed,8,50,0.3250366862359049,0.4181746031746032,68.0,16.0,77.66666666666667,32093.666666666664,9222.333333333332,74.45561634347541,1.4891123268695083
fiqa_dense,11,fixed,8,200,0.3250366862359049,0.4181746031746032,218.0,16.0,166.66666666666669,67072.66666666666,20374.333333333332,74.45561634347541,0.3722780817173771
fiqa_dense,11,fixed,16,1,0.3250366862359049,0.4181746031746032,37.0,16.0,48.593333333333334,20667.193333333333,5579.346666666666,74.45561634347541,74.45561634347541
fiqa_dense,11,fixed,16,10,0.3250366862359049,0.4181746031746032,46.0,16.0,53.93333333333334,22765.933333333334,6248.466666666667,74.45561634347541,7.445561634347541
fiqa_dense,11,fixed,16,50,0.3250366862359049,0.4181746031746032,86.0,16.0,77.66666666666667,32093.666666666664,9222.333333333332,74.45561634347541,1.4891123268695083
fiqa_dense,11,fixed,16,200,0.3250366862359049,0.4181746031746032,236.0,16.0,166.66666666666669,67072.66666666666,20374.333333333332,74.45561634347541,0.3722780817173771
fiqa_dense,11,fixed,32,1,0.3325277311740831,0.42606349206349203,73.0,16.0,49.0,20827.933333333334,5629.3133333333335,74.45561634347541,74.45561634347541
fiqa_dense,11,fixed,32,10,0.3325277311740831,0.42606349206349203,82.0,16.0,58.0,24373.333333333332,6748.133333333333,74.45561634347541,7.445561634347541
fiqa_dense,11,fixed,32,50,0.3325277311740831,0.42606349206349203,122.0,16.0,98.0,40130.66666666667,11720.666666666668,74.45561634347541,1.4891123268695083
fiqa_dense,11,fixed,32,200,0.3325277311740831,0.42606349206349203,272.0,16.0,248.0,99220.66666666667,30367.666666666668,74.45561634347541,0.3722780817173771
fiqa_dense,11,information_gain,0,1,0.3250366862359049,0.4181746031746032,1.0,0.0,0.5933333333333334,233.19333333333333,74.34666666666666,0.0,0.0
fiqa_dense,11,information_gain,0,10,0.3250366862359049,0.4181746031746032,10.0,0.0,5.933333333333334,2331.9333333333334,743.4666666666667,0.0,0.0
fiqa_dense,11,information_gain,0,50,0.3250366862359049,0.4181746031746032,50.0,0.0,29.666666666666668,11659.666666666666,3717.333333333333,0.0,0.0
fiqa_dense,11,information_gain,0,200,0.3250366862359049,0.4181746031746032,200.0,0.0,118.66666666666667,46638.666666666664,14869.333333333332,0.0,0.0
fiqa_dense,11,information_gain,4,1,0.3325277311740831,0.42606349206349203,9.0,16.0,49.0,20827.933333333334,5629.3133333333335,74.45561634347541,74.45561634347541
fiqa_dense,11,information_gain,4,10,0.3325277311740831,0.42606349206349203,18.0,16.0,58.0,24373.333333333332,6748.133333333333,74.45561634347541,7.445561634347541
fiqa_dense,11,information_gain,4,50,0.3325277311740831,0.42606349206349203,58.0,16.0,98.0,40130.66666666667,11720.666666666668,74.45561634347541,1.4891123268695083
fiqa_dense,11,information_gain,4,200,0.3325277311740831,0.42606349206349203,208.0,16.0,248.0,99220.66666666667,30367.666666666668,74.45561634347541,0.3722780817173771
fiqa_dense,11,information_gain,8,1,0.3325277311740831,0.42606349206349203,17.0,16.0,49.0,20827.933333333334,5629.3133333333335,74.45561634347541,74.45561634347541
fiqa_dense,11,information_gain,8,10,0.3325277311740831,0.42606349206349203,26.0,16.0,58.0,24373.333333333332,6748.133333333333,74.45561634347541,7.445561634347541
fiqa_dense,11,information_gain,8,50,0.3325277311740831,0.42606349206349203,66.0,16.0,98.0,40130.66666666667,11720.666666666668,74.45561634347541,1.4891123268695083
fiqa_dense,11,information_gain,8,200,0.3325277311740831,0.42606349206349203,216.0,16.0,248.0,99220.66666666667,30367.666666666668,74.45561634347541,0.3722780817173771
fiqa_dense,11,information_gain,16,1,0.3325277311740831,0.42606349206349203,33.0,16.0,49.0,20827.933333333334,5629.3133333333335,74.45561634347541,74.45561634347541
fiqa_dense,11,information_gain,16,10,0.3325277311740831,0.42606349206349203,42.0,16.0,58.0,24373.333333333332,6748.133333333333,74.45561634347541,7.445561634347541
fiqa_dense,11,information_gain,16,50,0.3325277311740831,0.42606349206349203,82.0,16.0,98.0,40130.66666666667,11720.666666666668,74.45561634347541,1.4891123268695083
fiqa_dense,11,information_gain,16,200,0.3325277311740831,0.42606349206349203,232.0,16.0,248.0,99220.66666666667,30367.666666666668,74.45561634347541,0.3722780817173771
fiqa_dense,11,information_gain,32,1,0.3325277311740831,0.42606349206349203,72.0,16.0,49.0,20827.933333333334,5629.3133333333335,74.45561634347541,74.45561634347541
fiqa_dense,11,information_gain,32,10,0.3325277311740831,0.42606349206349203,81.0,16.0,58.0,24373.333333333332,6748.133333333333,74.45561634347541,7.445561634347541
fiqa_dense,11,information_gain,32,50,0.3325277311740831,0.42606349206349203,121.0,16.0,98.0,40130.66666666667,11720.666666666668,74.45561634347541,1.4891123268695083
fiqa_dense,11,information_gain,32,200,0.3325277311740831,0.42606349206349203,271.0,16.0,248.0,99220.66666666667,30367.666666666668,74.45561634347541,0.3722780817173771
fiqa_dense,11,decision_value,0,1,0.3250366862359049,0.4181746031746032,1.0,0.0,0.5933333333333334,233.19333333333333,74.34666666666666,0.0,0.0
fiqa_dense,11,decision_value,0,10,0.3250366862359049,0.4181746031746032,10.0,0.0,5.933333333333334,2331.9333333333334,743.4666666666667,0.0,0.0
fiqa_dense,11,decision_value,0,50,0.3250366862359049,0.4181746031746032,50.0,0.0,29.666666666666668,11659.666666666666,3717.333333333333,0.0,0.0
fiqa_dense,11,decision_value,0,200,0.3250366862359049,0.4181746031746032,200.0,0.0,118.66666666666667,46638.666666666664,14869.333333333332,0.0,0.0
fiqa_dense,11,decision_value,4,1,0.3325277311740831,0.42606349206349203,10.0,16.0,49.0,20827.933333333334,5629.3133333333335,74.45561634347541,74.45561634347541
fiqa_dense,11,decision_value,4,10,0.3325277311740831,0.42606349206349203,19.0,16.0,58.0,24373.333333333332,6748.133333333333,74.45561634347541,7.445561634347541
fiqa_dense,11,decision_value,4,50,0.3325277311740831,0.42606349206349203,59.0,16.0,98.0,40130.66666666667,11720.666666666668,74.45561634347541,1.4891123268695083
fiqa_dense,11,decision_value,4,200,0.3325277311740831,0.42606349206349203,209.0,16.0,248.0,99220.66666666667,30367.666666666668,74.45561634347541,0.3722780817173771
fiqa_dense,11,decision_value,8,1,0.3325277311740831,0.42606349206349203,20.0,16.0,49.0,20827.933333333334,5629.3133333333335,74.45561634347541,74.45561634347541
fiqa_dense,11,decision_value,8,10,0.3325277311740831,0.42606349206349203,29.0,16.0,58.0,24373.333333333332,6748.133333333333,74.45561634347541,7.445561634347541
fiqa_dense,11,decision_value,8,50,0.3325277311740831,0.42606349206349203,69.0,16.0,98.0,40130.66666666667,11720.666666666668,74.45561634347541,1.4891123268695083
fiqa_dense,11,decision_value,8,200,0.3325277311740831,0.42606349206349203,219.0,16.0,248.0,99220.66666666667,30367.666666666668,74.45561634347541,0.3722780817173771
fiqa_dense,11,decision_value,16,1,0.3325277311740831,0.42606349206349203,39.0,16.0,49.0,20827.933333333334,5629.3133333333335,74.45561634347541,74.45561634347541
fiqa_dense,11,decision_value,16,10,0.3325277311740831,0.42606349206349203,48.0,16.0,58.0,24373.333333333332,6748.133333333333,74.45561634347541,7.445561634347541
fiqa_dense,11,decision_value,16,50,0.3325277311740831,0.42606349206349203,88.0,16.0,98.0,40130.66666666667,11720.666666666668,74.45561634347541,1.4891123268695083
fiqa_dense,11,decision_value,16,200,0.3325277311740831,0.42606349206349203,238.0,16.0,248.0,99220.66666666667,30367.666666666668,74.45561634347541,0.3722780817173771
fiqa_dense,11,decision_value,32,1,0.3325277311740831,0.42606349206349203,73.0,16.0,49.0,20827.933333333334,5629.3133333333335,74.45561634347541,74.45561634347541
fiqa_dense,11,decision_value,32,10,0.3325277311740831,0.42606349206349203,82.0,16.0,58.0,24373.333333333332,6748.133333333333,74.45561634347541,7.445561634347541
fiqa_dense,11,decision_value,32,50,0.3325277311740831,0.42606349206349203,122.0,16.0,98.0,40130.66666666667,11720.666666666668,74.45561634347541,1.4891123268695083
fiqa_dense,11,decision_value,32,200,0.3325277311740831,0.42606349206349203,272.0,16.0,248.0,99220.66666666667,30367.666666666668,74.45561634347541,0.3722780817173771
fiqa_dense,23,random,0,1,0.3250366862359049,0.4181746031746032,1.0,0.0,0.5933333333333334,233.19333333333333,74.34666666666666,0.0,0.0
fiqa_dense,23,random,0,10,0.3250366862359049,0.4181746031746032,10.0,0.0,5.933333333333334,2331.9333333333334,743.4666666666667,0.0,0.0
fiqa_dense,23,random,0,50,0.3250366862359049,0.4181746031746032,50.0,0.0,29.666666666666668,11659.666666666666,3717.333333333333,0.0,0.0
fiqa_dense,23,random,0,200,0.3250366862359049,0.4181746031746032,200.0,0.0,118.66666666666667,46638.666666666664,14869.333333333332,0.0,0.0
fiqa_dense,23,random,4,1,0.3250366862359049,0.4181746031746032,9.0,16.0,48.593333333333334,20094.193333333333,5293.346666666666,73.66888182834373,73.66888182834373
fiqa_dense,23,random,4,10,0.3250366862359049,0.4181746031746032,18.0,16.0,53.93333333333334,22192.933333333334,5962.466666666667,73.66888182834373,7.366888182834373
fiqa_dense,23,random,4,50,0.3250366862359049,0.4181746031746032,58.0,16.0,77.66666666666667,31520.666666666664,8936.333333333332,73.66888182834373,1.4733776365668745
fiqa_dense,23,random,4,200,0.3250366862359049,0.4181746031746032,208.0,16.0,166.66666666666669,66499.66666666666,20088.333333333332,73.66888182834373,0.3683444091417186
fiqa_dense,23,random,8,1,0.3250366862359049,0.4181746031746032,18.0,16.0,48.593333333333334,20094.193333333333,5293.346666666666,73.66888182834373,73.66888182834373
fiqa_dense,23,random,8,10,0.3250366862359049,0.4181746031746032,27.0,16.0,53.93333333333334,22192.933333333334,5962.466666666667,73.66888182834373,7.366888182834373
fiqa_dense,23,random,8,50,0.3250366862359049,0.4181746031746032,67.0,16.0,77.66666666666667,31520.666666666664,8936.333333333332,73.66888182834373,1.4733776365668745
fiqa_dense,23,random,8,200,0.3250366862359049,0.4181746031746032,217.0,16.0,166.66666666666669,66499.66666666666,20088.333333333332,73.66888182834373,0.3683444091417186
fiqa_dense,23,random,16,1,0.3250366862359049,0.4181746031746032,35.0,16.0,48.593333333333334,20094.193333333333,5293.346666666666,73.66888182834373,73.66888182834373
fiqa_dense,23,random,16,10,0.3250366862359049,0.4181746031746032,44.0,16.0,53.93333333333334,22192.933333333334,5962.466666666667,73.66888182834373,7.366888182834373
fiqa_dense,23,random,16,50,0.3250366862359049,0.4181746031746032,84.0,16.0,77.66666666666667,31520.666666666664,8936.333333333332,73.66888182834373,1.4733776365668745
fiqa_dense,23,random,16,200,0.3250366862359049,0.4181746031746032,234.0,16.0,166.66666666666669,66499.66666666666,20088.333333333332,73.66888182834373,0.3683444091417186
fiqa_dense,23,random,32,1,0.3325277311740831,0.42606349206349203,72.0,16.0,49.0,20254.933333333334,5343.3133333333335,73.66888182834373,73.66888182834373
fiqa_dense,23,random,32,10,0.3325277311740831,0.42606349206349203,81.0,16.0,58.0,23800.333333333332,6462.133333333333,73.66888182834373,7.366888182834373
fiqa_dense,23,random,32,50,0.3325277311740831,0.42606349206349203,121.0,16.0,98.0,39557.66666666667,11434.666666666668,73.66888182834373,1.4733776365668745
fiqa_dense,23,random,32,200,0.3325277311740831,0.42606349206349203,271.0,16.0,248.0,98647.66666666667,30081.666666666668,73.66888182834373,0.3683444091417186
fiqa_dense,23,fixed,0,1,0.3250366862359049,0.4181746031746032,1.0,0.0,0.5933333333333334,233.19333333333333,74.34666666666666,0.0,0.0
fiqa_dense,23,fixed,0,10,0.3250366862359049,0.4181746031746032,10.0,0.0,5.933333333333334,2331.9333333333334,743.4666666666667,0.0,0.0
fiqa_dense,23,fixed,0,50,0.3250366862359049,0.4181746031746032,50.0,0.0,29.666666666666668,11659.666666666666,3717.333333333333,0.0,0.0
fiqa_dense,23,fixed,0,200,0.3250366862359049,0.4181746031746032,200.0,0.0,118.66666666666667,46638.666666666664,14869.333333333332,0.0,0.0
fiqa_dense,23,fixed,4,1,0.3250366862359049,0.4181746031746032,10.0,16.0,48.593333333333334,20094.193333333333,5293.346666666666,73.66888182834373,73.66888182834373
fiqa_dense,23,fixed,4,10,0.3250366862359049,0.4181746031746032,19.0,16.0,53.93333333333334,22192.933333333334,5962.466666666667,73.66888182834373,7.366888182834373
fiqa_dense,23,fixed,4,50,0.3250366862359049,0.4181746031746032,59.0,16.0,77.66666666666667,31520.666666666664,8936.333333333332,73.66888182834373,1.4733776365668745
fiqa_dense,23,fixed,4,200,0.3250366862359049,0.4181746031746032,209.0,16.0,166.66666666666669,66499.66666666666,20088.333333333332,73.66888182834373,0.3683444091417186
fiqa_dense,23,fixed,8,1,0.3250366862359049,0.4181746031746032,19.0,16.0,48.593333333333334,20094.193333333333,5293.346666666666,73.66888182834373,73.66888182834373
fiqa_dense,23,fixed,8,10,0.3250366862359049,0.4181746031746032,28.0,16.0,53.93333333333334,22192.933333333334,5962.466666666667,73.66888182834373,7.366888182834373
fiqa_dense,23,fixed,8,50,0.3250366862359049,0.4181746031746032,68.0,16.0,77.66666666666667,31520.666666666664,8936.333333333332,73.66888182834373,1.4733776365668745
fiqa_dense,23,fixed,8,200,0.3250366862359049,0.4181746031746032,218.0,16.0,166.66666666666669,66499.66666666666,20088.333333333332,73.66888182834373,0.3683444091417186
fiqa_dense,23,fixed,16,1,0.3325277311740831,0.42606349206349203,37.0,16.0,49.0,20254.933333333334,5343.3133333333335,73.66888182834373,73.66888182834373
fiqa_dense,23,fixed,16,10,0.3325277311740831,0.42606349206349203,46.0,16.0,58.0,23800.333333333332,6462.133333333333,73.66888182834373,7.366888182834373
fiqa_dense,23,fixed,16,50,0.3325277311740831,0.42606349206349203,86.0,16.0,98.0,39557.66666666667,11434.666666666668,73.66888182834373,1.4733776365668745
fiqa_dense,23,fixed,16,200,0.3325277311740831,0.42606349206349203,236.0,16.0,248.0,98647.66666666667,30081.666666666668,73.66888182834373,0.3683444091417186
fiqa_dense,23,fixed,32,1,0.3325277311740831,0.42606349206349203,73.0,16.0,49.0,20254.933333333334,5343.3133333333335,73.66888182834373,73.66888182834373
fiqa_dense,23,fixed,32,10,0.3325277311740831,0.42606349206349203,82.0,16.0,58.0,23800.333333333332,6462.133333333333,73.66888182834373,7.366888182834373
fiqa_dense,23,fixed,32,50,0.3325277311740831,0.42606349206349203,122.0,16.0,98.0,39557.66666666667,11434.666666666668,73.66888182834373,1.4733776365668745
fiqa_dense,23,fixed,32,200,0.3325277311740831,0.42606349206349203,272.0,16.0,248.0,98647.66666666667,30081.666666666668,73.66888182834373,0.3683444091417186
fiqa_dense,23,information_gain,0,1,0.3250366862359049,0.4181746031746032,1.0,0.0,0.5933333333333334,233.19333333333333,74.34666666666666,0.0,0.0
fiqa_dense,23,information_gain,0,10,0.3250366862359049,0.4181746031746032,10.0,0.0,5.933333333333334,2331.9333333333334,743.4666666666667,0.0,0.0
fiqa_dense,23,information_gain,0,50,0.3250366862359049,0.4181746031746032,50.0,0.0,29.666666666666668,11659.666666666666,3717.333333333333,0.0,0.0
fiqa_dense,23,information_gain,0,200,0.3250366862359049,0.4181746031746032,200.0,0.0,118.66666666666667,46638.666666666664,14869.333333333332,0.0,0.0
fiqa_dense,23,information_gain,4,1,0.3250366862359049,0.4181746031746032,9.0,16.0,48.593333333333334,20094.193333333333,5293.346666666666,73.66888182834373,73.66888182834373
fiqa_dense,23,information_gain,4,10,0.3250366862359049,0.4181746031746032,18.0,16.0,53.93333333333334,22192.933333333334,5962.466666666667,73.66888182834373,7.366888182834373
fiqa_dense,23,information_gain,4,50,0.3250366862359049,0.4181746031746032,58.0,16.0,77.66666666666667,31520.666666666664,8936.333333333332,73.66888182834373,1.4733776365668745
fiqa_dense,23,information_gain,4,200,0.3250366862359049,0.4181746031746032,208.0,16.0,166.66666666666669,66499.66666666666,20088.333333333332,73.66888182834373,0.3683444091417186
fiqa_dense,23,information_gain,8,1,0.3325277311740831,0.42606349206349203,17.0,16.0,49.0,20254.933333333334,5343.3133333333335,73.66888182834373,73.66888182834373
fiqa_dense,23,information_gain,8,10,0.3325277311740831,0.42606349206349203,26.0,16.0,58.0,23800.333333333332,6462.133333333333,73.66888182834373,7.366888182834373
fiqa_dense,23,information_gain,8,50,0.3325277311740831,0.42606349206349203,66.0,16.0,98.0,39557.66666666667,11434.666666666668,73.66888182834373,1.4733776365668745
fiqa_dense,23,information_gain,8,200,0.3325277311740831,0.42606349206349203,216.0,16.0,248.0,98647.66666666667,30081.666666666668,73.66888182834373,0.3683444091417186
fiqa_dense,23,information_gain,16,1,0.3325277311740831,0.42606349206349203,33.0,16.0,49.0,20254.933333333334,5343.3133333333335,73.66888182834373,73.66888182834373
fiqa_dense,23,information_gain,16,10,0.3325277311740831,0.42606349206349203,42.0,16.0,58.0,23800.333333333332,6462.133333333333,73.66888182834373,7.366888182834373
fiqa_dense,23,information_gain,16,50,0.3325277311740831,0.42606349206349203,82.0,16.0,98.0,39557.66666666667,11434.666666666668,73.66888182834373,1.4733776365668745
fiqa_dense,23,information_gain,16,200,0.3325277311740831,0.42606349206349203,232.0,16.0,248.0,98647.66666666667,30081.666666666668,73.66888182834373,0.3683444091417186
fiqa_dense,23,information_gain,32,1,0.3325277311740831,0.42606349206349203,73.0,16.0,49.0,20254.933333333334,5343.3133333333335,73.66888182834373,73.66888182834373
fiqa_dense,23,information_gain,32,10,0.3325277311740831,0.42606349206349203,82.0,16.0,58.0,23800.333333333332,6462.133333333333,73.66888182834373,7.366888182834373
fiqa_dense,23,information_gain,32,50,0.3325277311740831,0.42606349206349203,122.0,16.0,98.0,39557.66666666667,11434.666666666668,73.66888182834373,1.4733776365668745
fiqa_dense,23,information_gain,32,200,0.3325277311740831,0.42606349206349203,272.0,16.0,248.0,98647.66666666667,30081.666666666668,73.66888182834373,0.3683444091417186
fiqa_dense,23,decision_value,0,1,0.3250366862359049,0.4181746031746032,1.0,0.0,0.5933333333333334,233.19333333333333,74.34666666666666,0.0,0.0
fiqa_dense,23,decision_value,0,10,0.3250366862359049,0.4181746031746032,10.0,0.0,5.933333333333334,2331.9333333333334,743.4666666666667,0.0,0.0
fiqa_dense,23,decision_value,0,50,0.3250366862359049,0.4181746031746032,50.0,0.0,29.666666666666668,11659.666666666666,3717.333333333333,0.0,0.0
fiqa_dense,23,decision_value,0,200,0.3250366862359049,0.4181746031746032,200.0,0.0,118.66666666666667,46638.666666666664,14869.333333333332,0.0,0.0
fiqa_dense,23,decision_value,4,1,0.3250366862359049,0.4181746031746032,9.0,16.0,48.593333333333334,20094.193333333333,5293.346666666666,73.66888182834373,73.66888182834373
fiqa_dense,23,decision_value,4,10,0.3250366862359049,0.4181746031746032,18.0,16.0,53.93333333333334,22192.933333333334,5962.466666666667,73.66888182834373,7.366888182834373
fiqa_dense,23,decision_value,4,50,0.3250366862359049,0.4181746031746032,58.0,16.0,77.66666666666667,31520.666666666664,8936.333333333332,73.66888182834373,1.4733776365668745
fiqa_dense,23,decision_value,4,200,0.3250366862359049,0.4181746031746032,208.0,16.0,166.66666666666669,66499.66666666666,20088.333333333332,73.66888182834373,0.3683444091417186
fiqa_dense,23,decision_value,8,1,0.3325277311740831,0.42606349206349203,17.0,16.0,49.0,20254.933333333334,5343.3133333333335,73.66888182834373,73.66888182834373
fiqa_dense,23,decision_value,8,10,0.3325277311740831,0.42606349206349203,26.0,16.0,58.0,23800.333333333332,6462.133333333333,73.66888182834373,7.366888182834373
fiqa_dense,23,decision_value,8,50,0.3325277311740831,0.42606349206349203,66.0,16.0,98.0,39557.66666666667,11434.666666666668,73.66888182834373,1.4733776365668745
fiqa_dense,23,decision_value,8,200,0.3325277311740831,0.42606349206349203,216.0,16.0,248.0,98647.66666666667,30081.666666666668,73.66888182834373,0.3683444091417186
fiqa_dense,23,decision_value,16,1,0.3325277311740831,0.42606349206349203,35.0,16.0,49.0,20254.933333333334,5343.3133333333335,73.66888182834373,73.66888182834373
fiqa_dense,23,decision_value,16,10,0.3325277311740831,0.42606349206349203,44.0,16.0,58.0,23800.333333333332,6462.133333333333,73.66888182834373,7.366888182834373
fiqa_dense,23,decision_value,16,50,0.3325277311740831,0.42606349206349203,84.0,16.0,98.0,39557.66666666667,11434.666666666668,73.66888182834373,1.4733776365668745
fiqa_dense,23,decision_value,16,200,0.3325277311740831,0.42606349206349203,234.0,16.0,248.0,98647.66666666667,30081.666666666668,73.66888182834373,0.3683444091417186
fiqa_dense,23,decision_value,32,1,0.3325277311740831,0.42606349206349203,74.0,16.0,49.0,20254.933333333334,5343.3133333333335,73.66888182834373,73.66888182834373
fiqa_dense,23,decision_value,32,10,0.3325277311740831,0.42606349206349203,83.0,16.0,58.0,23800.333333333332,6462.133333333333,73.66888182834373,7.366888182834373
fiqa_dense,23,decision_value,32,50,0.3325277311740831,0.42606349206349203,123.0,16.0,98.0,39557.66666666667,11434.666666666668,73.66888182834373,1.4733776365668745
fiqa_dense,23,decision_value,32,200,0.3325277311740831,0.42606349206349203,273.0,16.0,248.0,98647.66666666667,30081.666666666668,73.66888182834373,0.3683444091417186
fiqa_dense,47,random,0,1,0.3250366862359049,0.4181746031746032,1.0,0.0,0.5933333333333334,233.19333333333333,74.34666666666666,0.0,0.0
fiqa_dense,47,random,0,10,0.3250366862359049,0.4181746031746032,10.0,0.0,5.933333333333334,2331.9333333333334,743.4666666666667,0.0,0.0
fiqa_dense,47,random,0,50,0.3250366862359049,0.4181746031746032,50.0,0.0,29.666666666666668,11659.666666666666,3717.333333333333,0.0,0.0
fiqa_dense,47,random,0,200,0.3250366862359049,0.4181746031746032,200.0,0.0,118.66666666666667,46638.666666666664,14869.333333333332,0.0,0.0
fiqa_dense,47,random,4,1,0.3325277311740831,0.42606349206349203,11.0,16.0,49.0,19942.933333333334,5191.3133333333335,76.39591286834911,76.39591286834911
fiqa_dense,47,random,4,10,0.3325277311740831,0.42606349206349203,20.0,16.0,58.0,23488.333333333332,6310.133333333333,76.39591286834911,7.639591286834912
fiqa_dense,47,random,4,50,0.3325277311740831,0.42606349206349203,60.0,16.0,98.0,39245.66666666667,11282.666666666668,76.39591286834911,1.5279182573669823
fiqa_dense,47,random,4,200,0.3325277311740831,0.42606349206349203,210.0,16.0,248.0,98335.66666666667,29929.666666666668,76.39591286834911,0.38197956434174557
fiqa_dense,47,random,8,1,0.3325277311740831,0.42606349206349203,19.0,16.0,49.0,19942.933333333334,5191.3133333333335,76.39591286834911,76.39591286834911
fiqa_dense,47,random,8,10,0.3325277311740831,0.42606349206349203,28.0,16.0,58.0,23488.333333333332,6310.133333333333,76.39591286834911,7.639591286834912
fiqa_dense,47,random,8,50,0.3325277311740831,0.42606349206349203,68.0,16.0,98.0,39245.66666666667,11282.666666666668,76.39591286834911,1.5279182573669823
fiqa_dense,47,random,8,200,0.3325277311740831,0.42606349206349203,218.0,16.0,248.0,98335.66666666667,29929.666666666668,76.39591286834911,0.38197956434174557
fiqa_dense,47,random,16,1,0.3325277311740831,0.42606349206349203,36.0,16.0,49.0,19942.933333333334,5191.3133333333335,76.39591286834911,76.39591286834911
fiqa_dense,47,random,16,10,0.3325277311740831,0.42606349206349203,45.0,16.0,58.0,23488.333333333332,6310.133333333333,76.39591286834911,7.639591286834912
fiqa_dense,47,random,16,50,0.3325277311740831,0.42606349206349203,85.0,16.0,98.0,39245.66666666667,11282.666666666668,76.39591286834911,1.5279182573669823
fiqa_dense,47,random,16,200,0.3325277311740831,0.42606349206349203,235.0,16.0,248.0,98335.66666666667,29929.666666666668,76.39591286834911,0.38197956434174557
fiqa_dense,47,random,32,1,0.3325277311740831,0.42606349206349203,72.0,16.0,49.0,19942.933333333334,5191.3133333333335,76.39591286834911,76.39591286834911
fiqa_dense,47,random,32,10,0.3325277311740831,0.42606349206349203,81.0,16.0,58.0,23488.333333333332,6310.133333333333,76.39591286834911,7.639591286834912
fiqa_dense,47,random,32,50,0.3325277311740831,0.42606349206349203,121.0,16.0,98.0,39245.66666666667,11282.666666666668,76.39591286834911,1.5279182573669823
fiqa_dense,47,random,32,200,0.3325277311740831,0.42606349206349203,271.0,16.0,248.0,98335.66666666667,29929.666666666668,76.39591286834911,0.38197956434174557
fiqa_dense,47,fixed,0,1,0.3250366862359049,0.4181746031746032,1.0,0.0,0.5933333333333334,233.19333333333333,74.34666666666666,0.0,0.0
fiqa_dense,47,fixed,0,10,0.3250366862359049,0.4181746031746032,10.0,0.0,5.933333333333334,2331.9333333333334,743.4666666666667,0.0,0.0
fiqa_dense,47,fixed,0,50,0.3250366862359049,0.4181746031746032,50.0,0.0,29.666666666666668,11659.666666666666,3717.333333333333,0.0,0.0
fiqa_dense,47,fixed,0,200,0.3250366862359049,0.4181746031746032,200.0,0.0,118.66666666666667,46638.666666666664,14869.333333333332,0.0,0.0
fiqa_dense,47,fixed,4,1,0.3325277311740831,0.42606349206349203,10.0,16.0,49.0,19942.933333333334,5191.3133333333335,76.39591286834911,76.39591286834911
fiqa_dense,47,fixed,4,10,0.3325277311740831,0.42606349206349203,19.0,16.0,58.0,23488.333333333332,6310.133333333333,76.39591286834911,7.639591286834912
fiqa_dense,47,fixed,4,50,0.3325277311740831,0.42606349206349203,59.0,16.0,98.0,39245.66666666667,11282.666666666668,76.39591286834911,1.5279182573669823
fiqa_dense,47,fixed,4,200,0.3325277311740831,0.42606349206349203,209.0,16.0,248.0,98335.66666666667,29929.666666666668,76.39591286834911,0.38197956434174557
fiqa_dense,47,fixed,8,1,0.3325277311740831,0.42606349206349203,19.0,16.0,49.0,19942.933333333334,5191.3133333333335,76.39591286834911,76.39591286834911
fiqa_dense,47,fixed,8,10,0.3325277311740831,0.42606349206349203,28.0,16.0,58.0,23488.333333333332,6310.133333333333,76.39591286834911,7.639591286834912
fiqa_dense,47,fixed,8,50,0.3325277311740831,0.42606349206349203,68.0,16.0,98.0,39245.66666666667,11282.666666666668,76.39591286834911,1.5279182573669823
fiqa_dense,47,fixed,8,200,0.3325277311740831,0.42606349206349203,218.0,16.0,248.0,98335.66666666667,29929.666666666668,76.39591286834911,0.38197956434174557
fiqa_dense,47,fixed,16,1,0.3325277311740831,0.42606349206349203,37.0,16.0,49.0,19942.933333333334,5191.3133333333335,76.39591286834911,76.39591286834911
fiqa_dense,47,fixed,16,10,0.3325277311740831,0.42606349206349203,46.0,16.0,58.0,23488.333333333332,6310.133333333333,76.39591286834911,7.639591286834912
fiqa_dense,47,fixed,16,50,0.3325277311740831,0.42606349206349203,86.0,16.0,98.0,39245.66666666667,11282.666666666668,76.39591286834911,1.5279182573669823
fiqa_dense,47,fixed,16,200,0.3325277311740831,0.42606349206349203,236.0,16.0,248.0,98335.66666666667,29929.666666666668,76.39591286834911,0.38197956434174557
fiqa_dense,47,fixed,32,1,0.3325277311740831,0.42606349206349203,73.0,16.0,49.0,19942.933333333334,5191.3133333333335,76.39591286834911,76.39591286834911
fiqa_dense,47,fixed,32,10,0.3325277311740831,0.42606349206349203,82.0,16.0,58.0,23488.333333333332,6310.133333333333,76.39591286834911,7.639591286834912
fiqa_dense,47,fixed,32,50,0.3325277311740831,0.42606349206349203,122.0,16.0,98.0,39245.66666666667,11282.666666666668,76.39591286834911,1.5279182573669823
fiqa_dense,47,fixed,32,200,0.3325277311740831,0.42606349206349203,272.0,16.0,248.0,98335.66666666667,29929.666666666668,76.39591286834911,0.38197956434174557
fiqa_dense,47,information_gain,0,1,0.3250366862359049,0.4181746031746032,1.0,0.0,0.5933333333333334,233.19333333333333,74.34666666666666,0.0,0.0
fiqa_dense,47,information_gain,0,10,0.3250366862359049,0.4181746031746032,10.0,0.0,5.933333333333334,2331.9333333333334,743.4666666666667,0.0,0.0
fiqa_dense,47,information_gain,0,50,0.3250366862359049,0.4181746031746032,50.0,0.0,29.666666666666668,11659.666666666666,3717.333333333333,0.0,0.0
fiqa_dense,47,information_gain,0,200,0.3250366862359049,0.4181746031746032,200.0,0.0,118.66666666666667,46638.666666666664,14869.333333333332,0.0,0.0
fiqa_dense,47,information_gain,4,1,0.3325277311740831,0.42606349206349203,9.0,16.0,49.0,19942.933333333334,5191.3133333333335,76.39591286834911,76.39591286834911
fiqa_dense,47,information_gain,4,10,0.3325277311740831,0.42606349206349203,18.0,16.0,58.0,23488.333333333332,6310.133333333333,76.39591286834911,7.639591286834912
fiqa_dense,47,information_gain,4,50,0.3325277311740831,0.42606349206349203,58.0,16.0,98.0,39245.66666666667,11282.666666666668,76.39591286834911,1.5279182573669823
fiqa_dense,47,information_gain,4,200,0.3325277311740831,0.42606349206349203,208.0,16.0,248.0,98335.66666666667,29929.666666666668,76.39591286834911,0.38197956434174557
fiqa_dense,47,information_gain,8,1,0.3325277311740831,0.42606349206349203,17.0,16.0,49.0,19942.933333333334,5191.3133333333335,76.39591286834911,76.39591286834911
fiqa_dense,47,information_gain,8,10,0.3325277311740831,0.42606349206349203,26.0,16.0,58.0,23488.333333333332,6310.133333333333,76.39591286834911,7.639591286834912
fiqa_dense,47,information_gain,8,50,0.3325277311740831,0.42606349206349203,66.0,16.0,98.0,39245.66666666667,11282.666666666668,76.39591286834911,1.5279182573669823
fiqa_dense,47,information_gain,8,200,0.3325277311740831,0.42606349206349203,216.0,16.0,248.0,98335.66666666667,29929.666666666668,76.39591286834911,0.38197956434174557
fiqa_dense,47,information_gain,16,1,0.3325277311740831,0.42606349206349203,33.0,16.0,49.0,19942.933333333334,5191.3133333333335,76.39591286834911,76.39591286834911
fiqa_dense,47,information_gain,16,10,0.3325277311740831,0.42606349206349203,42.0,16.0,58.0,23488.333333333332,6310.133333333333,76.39591286834911,7.639591286834912
fiqa_dense,47,information_gain,16,50,0.3325277311740831,0.42606349206349203,82.0,16.0,98.0,39245.66666666667,11282.666666666668,76.39591286834911,1.5279182573669823
fiqa_dense,47,information_gain,16,200,0.3325277311740831,0.42606349206349203,232.0,16.0,248.0,98335.66666666667,29929.666666666668,76.39591286834911,0.38197956434174557
fiqa_dense,47,information_gain,32,1,0.3325277311740831,0.42606349206349203,75.0,16.0,49.0,19942.933333333334,5191.3133333333335,76.39591286834911,76.39591286834911
fiqa_dense,47,information_gain,32,10,0.3325277311740831,0.42606349206349203,84.0,16.0,58.0,23488.333333333332,6310.133333333333,76.39591286834911,7.639591286834912
fiqa_dense,47,information_gain,32,50,0.3325277311740831,0.42606349206349203,124.0,16.0,98.0,39245.66666666667,11282.666666666668,76.39591286834911,1.5279182573669823
fiqa_dense,47,information_gain,32,200,0.3325277311740831,0.42606349206349203,274.0,16.0,248.0,98335.66666666667,29929.666666666668,76.39591286834911,0.38197956434174557
fiqa_dense,47,decision_value,0,1,0.3250366862359049,0.4181746031746032,1.0,0.0,0.5933333333333334,233.19333333333333,74.34666666666666,0.0,0.0
fiqa_dense,47,decision_value,0,10,0.3250366862359049,0.4181746031746032,10.0,0.0,5.933333333333334,2331.9333333333334,743.4666666666667,0.0,0.0
fiqa_dense,47,decision_value,0,50,0.3250366862359049,0.4181746031746032,50.0,0.0,29.666666666666668,11659.666666666666,3717.333333333333,0.0,0.0
fiqa_dense,47,decision_value,0,200,0.3250366862359049,0.4181746031746032,200.0,0.0,118.66666666666667,46638.666666666664,14869.333333333332,0.0,0.0
fiqa_dense,47,decision_value,4,1,0.3325277311740831,0.42606349206349203,9.0,16.0,49.0,19942.933333333334,5191.3133333333335,76.39591286834911,76.39591286834911
fiqa_dense,47,decision_value,4,10,0.3325277311740831,0.42606349206349203,18.0,16.0,58.0,23488.333333333332,6310.133333333333,76.39591286834911,7.639591286834912
fiqa_dense,47,decision_value,4,50,0.3325277311740831,0.42606349206349203,58.0,16.0,98.0,39245.66666666667,11282.666666666668,76.39591286834911,1.5279182573669823
fiqa_dense,47,decision_value,4,200,0.3325277311740831,0.42606349206349203,208.0,16.0,248.0,98335.66666666667,29929.666666666668,76.39591286834911,0.38197956434174557
fiqa_dense,47,decision_value,8,1,0.3325277311740831,0.42606349206349203,19.0,16.0,49.0,19942.933333333334,5191.3133333333335,76.39591286834911,76.39591286834911
fiqa_dense,47,decision_value,8,10,0.3325277311740831,0.42606349206349203,28.0,16.0,58.0,23488.333333333332,6310.133333333333,76.39591286834911,7.639591286834912
fiqa_dense,47,decision_value,8,50,0.3325277311740831,0.42606349206349203,68.0,16.0,98.0,39245.66666666667,11282.666666666668,76.39591286834911,1.5279182573669823
fiqa_dense,47,decision_value,8,200,0.3325277311740831,0.42606349206349203,218.0,16.0,248.0,98335.66666666667,29929.666666666668,76.39591286834911,0.38197956434174557
fiqa_dense,47,decision_value,16,1,0.3325277311740831,0.42606349206349203,37.0,16.0,49.0,19942.933333333334,5191.3133333333335,76.39591286834911,76.39591286834911
fiqa_dense,47,decision_value,16,10,0.3325277311740831,0.42606349206349203,46.0,16.0,58.0,23488.333333333332,6310.133333333333,76.39591286834911,7.639591286834912
fiqa_dense,47,decision_value,16,50,0.3325277311740831,0.42606349206349203,86.0,16.0,98.0,39245.66666666667,11282.666666666668,76.39591286834911,1.5279182573669823
fiqa_dense,47,decision_value,16,200,0.3325277311740831,0.42606349206349203,236.0,16.0,248.0,98335.66666666667,29929.666666666668,76.39591286834911,0.38197956434174557
fiqa_dense,47,decision_value,32,1,0.3325277311740831,0.42606349206349203,71.0,16.0,49.0,19942.933333333334,5191.3133333333335,76.39591286834911,76.39591286834911
fiqa_dense,47,decision_value,32,10,0.3325277311740831,0.42606349206349203,80.0,16.0,58.0,23488.333333333332,6310.133333333333,76.39591286834911,7.639591286834912
fiqa_dense,47,decision_value,32,50,0.3325277311740831,0.42606349206349203,120.0,16.0,98.0,39245.66666666667,11282.666666666668,76.39591286834911,1.5279182573669823
fiqa_dense,47,decision_value,32,200,0.3325277311740831,0.42606349206349203,270.0,16.0,248.0,98335.66666666667,29929.666666666668,76.39591286834911,0.38197956434174557
nfcorpus_bm25,11,random,0,1,0.24510579949889155,0.25775147928994085,1.0,0.0,0.0,0.0,0.0,0.0,0.0
nfcorpus_bm25,11,random,0,10,0.24510579949889155,0.25775147928994085,10.0,0.0,0.0,0.0,0.0,0.0,0.0
nfcorpus_bm25,11,random,0,50,0.24510579949889155,0.25775147928994085,50.0,0.0,0.0,0.0,0.0,0.0,0.0
nfcorpus_bm25,11,random,0,200,0.24510579949889155,0.25775147928994085,200.0,0.0,0.0,0.0,0.0,0.0,0.0
nfcorpus_bm25,11,random,4,1,0.24510579949889155,0.25775147928994085,9.0,16.0,48.0,24215.0,6074.0,97.41325913557375,97.41325913557375
nfcorpus_bm25,11,random,4,10,0.24510579949889155,0.25775147928994085,18.0,16.0,48.0,24215.0,6074.0,97.41325913557375,9.741325913557375
nfcorpus_bm25,11,random,4,50,0.24510579949889155,0.25775147928994085,58.0,16.0,48.0,24215.0,6074.0,97.41325913557375,1.948265182711475
nfcorpus_bm25,11,random,4,200,0.24510579949889155,0.25775147928994085,208.0,16.0,48.0,24215.0,6074.0,97.41325913557375,0.48706629567786874
nfcorpus_bm25,11,random,8,1,0.24510579949889155,0.25775147928994085,17.0,16.0,48.0,24215.0,6074.0,97.41325913557375,97.41325913557375
nfcorpus_bm25,11,random,8,10,0.24510579949889155,0.25775147928994085,26.0,16.0,48.0,24215.0,6074.0,97.41325913557375,9.741325913557375
nfcorpus_bm25,11,random,8,50,0.24510579949889155,0.25775147928994085,66.0,16.0,48.0,24215.0,6074.0,97.41325913557375,1.948265182711475
nfcorpus_bm25,11,random,8,200,0.24510579949889155,0.25775147928994085,216.0,16.0,48.0,24215.0,6074.0,97.41325913557375,0.48706629567786874
nfcorpus_bm25,11,random,16,1,0.24510579949889155,0.25775147928994085,36.0,16.0,48.0,24215.0,6074.0,97.41325913557375,97.41325913557375
nfcorpus_bm25,11,random,16,10,0.24510579949889155,0.25775147928994085,45.0,16.0,48.0,24215.0,6074.0,97.41325913557375,9.741325913557375
nfcorpus_bm25,11,random,16,50,0.24510579949889155,0.25775147928994085,85.0,16.0,48.0,24215.0,6074.0,97.41325913557375,1.948265182711475
nfcorpus_bm25,11,random,16,200,0.24510579949889155,0.25775147928994085,235.0,16.0,48.0,24215.0,6074.0,97.41325913557375,0.48706629567786874
nfcorpus_bm25,11,random,32,1,0.24510579949889155,0.25775147928994085,74.0,16.0,48.0,24215.0,6074.0,97.41325913557375,97.41325913557375
nfcorpus_bm25,11,random,32,10,0.24510579949889155,0.25775147928994085,83.0,16.0,48.0,24215.0,6074.0,97.41325913557375,9.741325913557375
nfcorpus_bm25,11,random,32,50,0.24510579949889155,0.25775147928994085,123.0,16.0,48.0,24215.0,6074.0,97.41325913557375,1.948265182711475
nfcorpus_bm25,11,random,32,200,0.24510579949889155,0.25775147928994085,273.0,16.0,48.0,24215.0,6074.0,97.41325913557375,0.48706629567786874
nfcorpus_bm25,11,fixed,0,1,0.24510579949889155,0.25775147928994085,1.0,0.0,0.0,0.0,0.0,0.0,0.0
nfcorpus_bm25,11,fixed,0,10,0.24510579949889155,0.25775147928994085,10.0,0.0,0.0,0.0,0.0,0.0,0.0
nfcorpus_bm25,11,fixed,0,50,0.24510579949889155,0.25775147928994085,50.0,0.0,0.0,0.0,0.0,0.0,0.0
nfcorpus_bm25,11,fixed,0,200,0.24510579949889155,0.25775147928994085,200.0,0.0,0.0,0.0,0.0,0.0,0.0
nfcorpus_bm25,11,fixed,4,1,0.24510579949889155,0.25775147928994085,10.0,16.0,48.0,24215.0,6074.0,97.41325913557375,97.41325913557375
nfcorpus_bm25,11,fixed,4,10,0.24510579949889155,0.25775147928994085,19.0,16.0,48.0,24215.0,6074.0,97.41325913557375,9.741325913557375
nfcorpus_bm25,11,fixed,4,50,0.24510579949889155,0.25775147928994085,59.0,16.0,48.0,24215.0,6074.0,97.41325913557375,1.948265182711475
nfcorpus_bm25,11,fixed,4,200,0.24510579949889155,0.25775147928994085,209.0,16.0,48.0,24215.0,6074.0,97.41325913557375,0.48706629567786874
nfcorpus_bm25,11,fixed,8,1,0.24510579949889155,0.25775147928994085,19.0,16.0,48.0,24215.0,6074.0,97.41325913557375,97.41325913557375
nfcorpus_bm25,11,fixed,8,10,0.24510579949889155,0.25775147928994085,28.0,16.0,48.0,24215.0,6074.0,97.41325913557375,9.741325913557375
nfcorpus_bm25,11,fixed,8,50,0.24510579949889155,0.25775147928994085,68.0,16.0,48.0,24215.0,6074.0,97.41325913557375,1.948265182711475
nfcorpus_bm25,11,fixed,8,200,0.24510579949889155,0.25775147928994085,218.0,16.0,48.0,24215.0,6074.0,97.41325913557375,0.48706629567786874
nfcorpus_bm25,11,fixed,16,1,0.24510579949889155,0.25775147928994085,37.0,16.0,48.0,24215.0,6074.0,97.41325913557375,97.41325913557375
nfcorpus_bm25,11,fixed,16,10,0.24510579949889155,0.25775147928994085,46.0,16.0,48.0,24215.0,6074.0,97.41325913557375,9.741325913557375
nfcorpus_bm25,11,fixed,16,50,0.24510579949889155,0.25775147928994085,86.0,16.0,48.0,24215.0,6074.0,97.41325913557375,1.948265182711475
nfcorpus_bm25,11,fixed,16,200,0.24510579949889155,0.25775147928994085,236.0,16.0,48.0,24215.0,6074.0,97.41325913557375,0.48706629567786874
nfcorpus_bm25,11,fixed,32,1,0.24510579949889155,0.25775147928994085,73.0,16.0,48.0,24215.0,6074.0,97.41325913557375,97.41325913557375
nfcorpus_bm25,11,fixed,32,10,0.24510579949889155,0.25775147928994085,82.0,16.0,48.0,24215.0,6074.0,97.41325913557375,9.741325913557375
nfcorpus_bm25,11,fixed,32,50,0.24510579949889155,0.25775147928994085,122.0,16.0,48.0,24215.0,6074.0,97.41325913557375,1.948265182711475
nfcorpus_bm25,11,fixed,32,200,0.24510579949889155,0.25775147928994085,272.0,16.0,48.0,24215.0,6074.0,97.41325913557375,0.48706629567786874
nfcorpus_bm25,11,information_gain,0,1,0.24510579949889155,0.25775147928994085,1.0,0.0,0.0,0.0,0.0,0.0,0.0
nfcorpus_bm25,11,information_gain,0,10,0.24510579949889155,0.25775147928994085,10.0,0.0,0.0,0.0,0.0,0.0,0.0
nfcorpus_bm25,11,information_gain,0,50,0.24510579949889155,0.25775147928994085,50.0,0.0,0.0,0.0,0.0,0.0,0.0
nfcorpus_bm25,11,information_gain,0,200,0.24510579949889155,0.25775147928994085,200.0,0.0,0.0,0.0,0.0,0.0,0.0
nfcorpus_bm25,11,information_gain,4,1,0.24510579949889155,0.25775147928994085,9.0,16.0,48.0,24215.0,6074.0,97.41325913557375,97.41325913557375
nfcorpus_bm25,11,information_gain,4,10,0.24510579949889155,0.25775147928994085,18.0,16.0,48.0,24215.0,6074.0,97.41325913557375,9.741325913557375
nfcorpus_bm25,11,information_gain,4,50,0.24510579949889155,0.25775147928994085,58.0,16.0,48.0,24215.0,6074.0,97.41325913557375,1.948265182711475
nfcorpus_bm25,11,information_gain,4,200,0.24510579949889155,0.25775147928994085,208.0,16.0,48.0,24215.0,6074.0,97.41325913557375,0.48706629567786874
nfcorpus_bm25,11,information_gain,8,1,0.2455191904189422,0.25775147928994085,17.0,16.0,48.0,24215.0,6074.0,97.41325913557375,97.41325913557375
nfcorpus_bm25,11,information_gain,8,10,0.2455191904189422,0.25775147928994085,26.0,16.0,48.0,24215.0,6074.0,97.41325913557375,9.741325913557375
nfcorpus_bm25,11,information_gain,8,50,0.2455191904189422,0.25775147928994085,66.0,16.0,48.0,24215.0,6074.0,97.41325913557375,1.948265182711475
nfcorpus_bm25,11,information_gain,8,200,0.2455191904189422,0.25775147928994085,216.0,16.0,48.0,24215.0,6074.0,97.41325913557375,0.48706629567786874
nfcorpus_bm25,11,information_gain,16,1,0.24756796301988784,0.25775147928994085,38.0,16.0,48.0,24215.0,6074.0,97.41325913557375,97.41325913557375
nfcorpus_bm25,11,information_gain,16,10,0.24756796301988784,0.25775147928994085,47.0,16.0,48.0,24215.0,6074.0,97.41325913557375,9.741325913557375
nfcorpus_bm25,11,information_gain,16,50,0.24756796301988784,0.25775147928994085,87.0,16.0,48.0,24215.0,6074.0,97.41325913557375,1.948265182711475
nfcorpus_bm25,11,information_gain,16,200,0.24756796301988784,0.25775147928994085,237.0,16.0,48.0,24215.0,6074.0,97.41325913557375,0.48706629567786874
nfcorpus_bm25,11,information_gain,32,1,0.2455191904189422,0.25775147928994085,76.0,16.0,48.0,24215.0,6074.0,97.41325913557375,97.41325913557375
nfcorpus_bm25,11,information_gain,32,10,0.2455191904189422,0.25775147928994085,85.0,16.0,48.0,24215.0,6074.0,97.41325913557375,9.741325913557375
nfcorpus_bm25,11,information_gain,32,50,0.2455191904189422,0.25775147928994085,125.0,16.0,48.0,24215.0,6074.0,97.41325913557375,1.948265182711475
nfcorpus_bm25,11,information_gain,32,200,0.2455191904189422,0.25775147928994085,275.0,16.0,48.0,24215.0,6074.0,97.41325913557375,0.48706629567786874
nfcorpus_bm25,11,decision_value,0,1,0.24510579949889155,0.25775147928994085,1.0,0.0,0.0,0.0,0.0,0.0,0.0
nfcorpus_bm25,11,decision_value,0,10,0.24510579949889155,0.25775147928994085,10.0,0.0,0.0,0.0,0.0,0.0,0.0
nfcorpus_bm25,11,decision_value,0,50,0.24510579949889155,0.25775147928994085,50.0,0.0,0.0,0.0,0.0,0.0,0.0
nfcorpus_bm25,11,decision_value,0,200,0.24510579949889155,0.25775147928994085,200.0,0.0,0.0,0.0,0.0,0.0,0.0
nfcorpus_bm25,11,decision_value,4,1,0.24510579949889155,0.25775147928994085,9.0,16.0,48.0,24215.0,6074.0,97.41325913557375,97.41325913557375
nfcorpus_bm25,11,decision_value,4,10,0.24510579949889155,0.25775147928994085,18.0,16.0,48.0,24215.0,6074.0,97.41325913557375,9.741325913557375
nfcorpus_bm25,11,decision_value,4,50,0.24510579949889155,0.25775147928994085,58.0,16.0,48.0,24215.0,6074.0,97.41325913557375,1.948265182711475
nfcorpus_bm25,11,decision_value,4,200,0.24510579949889155,0.25775147928994085,208.0,16.0,48.0,24215.0,6074.0,97.41325913557375,0.48706629567786874
nfcorpus_bm25,11,decision_value,8,1,0.2455191904189422,0.25775147928994085,17.0,16.0,48.0,24215.0,6074.0,97.41325913557375,97.41325913557375
nfcorpus_bm25,11,decision_value,8,10,0.2455191904189422,0.25775147928994085,26.0,16.0,48.0,24215.0,6074.0,97.41325913557375,9.741325913557375
nfcorpus_bm25,11,decision_value,8,50,0.2455191904189422,0.25775147928994085,66.0,16.0,48.0,24215.0,6074.0,97.41325913557375,1.948265182711475
nfcorpus_bm25,11,decision_value,8,200,0.2455191904189422,0.25775147928994085,216.0,16.0,48.0,24215.0,6074.0,97.41325913557375,0.48706629567786874
nfcorpus_bm25,11,decision_value,16,1,0.24756796301988784,0.25775147928994085,36.0,16.0,48.0,24215.0,6074.0,97.41325913557375,97.41325913557375
nfcorpus_bm25,11,decision_value,16,10,0.24756796301988784,0.25775147928994085,45.0,16.0,48.0,24215.0,6074.0,97.41325913557375,9.741325913557375
nfcorpus_bm25,11,decision_value,16,50,0.24756796301988784,0.25775147928994085,85.0,16.0,48.0,24215.0,6074.0,97.41325913557375,1.948265182711475
nfcorpus_bm25,11,decision_value,16,200,0.24756796301988784,0.25775147928994085,235.0,16.0,48.0,24215.0,6074.0,97.41325913557375,0.48706629567786874
nfcorpus_bm25,11,decision_value,32,1,0.2455191904189422,0.25775147928994085,76.0,16.0,48.0,24215.0,6074.0,97.41325913557375,97.41325913557375
nfcorpus_bm25,11,decision_value,32,10,0.2455191904189422,0.25775147928994085,85.0,16.0,48.0,24215.0,6074.0,97.41325913557375,9.741325913557375
nfcorpus_bm25,11,decision_value,32,50,0.2455191904189422,0.25775147928994085,125.0,16.0,48.0,24215.0,6074.0,97.41325913557375,1.948265182711475
nfcorpus_bm25,11,decision_value,32,200,0.2455191904189422,0.25775147928994085,275.0,16.0,48.0,24215.0,6074.0,97.41325913557375,0.48706629567786874
nfcorpus_bm25,23,random,0,1,0.24510579949889155,0.25775147928994085,1.0,0.0,0.0,0.0,0.0,0.0,0.0
nfcorpus_bm25,23,random,0,10,0.24510579949889155,0.25775147928994085,10.0,0.0,0.0,0.0,0.0,0.0,0.0
nfcorpus_bm25,23,random,0,50,0.24510579949889155,0.25775147928994085,50.0,0.0,0.0,0.0,0.0,0.0,0.0
nfcorpus_bm25,23,random,0,200,0.24510579949889155,0.25775147928994085,200.0,0.0,0.0,0.0,0.0,0.0,0.0
nfcorpus_bm25,23,random,4,1,0.24510579949889155,0.25775147928994085,9.0,16.0,48.0,23007.0,5887.0,100.15326391182316,100.15326391182316
nfcorpus_bm25,23,random,4,10,0.24510579949889155,0.25775147928994085,18.0,16.0,48.0,23007.0,5887.0,100.15326391182316,10.015326391182317
nfcorpus_bm25,23,random,4,50,0.24510579949889155,0.25775147928994085,58.0,16.0,48.0,23007.0,5887.0,100.15326391182316,2.003065278236463
nfcorpus_bm25,23,random,4,200,0.24510579949889155,0.25775147928994085,208.0,16.0,48.0,23007.0,5887.0,100.15326391182316,0.5007663195591158
nfcorpus_bm25,23,random,8,1,0.24510579949889155,0.25775147928994085,18.0,16.0,48.0,23007.0,5887.0,100.15326391182316,100.15326391182316
nfcorpus_bm25,23,random,8,10,0.24510579949889155,0.25775147928994085,27.0,16.0,48.0,23007.0,5887.0,100.15326391182316,10.015326391182317
nfcorpus_bm25,23,random,8,50,0.24510579949889155,0.25775147928994085,67.0,16.0,48.0,23007.0,5887.0,100.15326391182316,2.003065278236463
nfcorpus_bm25,23,random,8,200,0.24510579949889155,0.25775147928994085,217.0,16.0,48.0,23007.0,5887.0,100.15326391182316,0.5007663195591158
nfcorpus_bm25,23,random,16,1,0.24510579949889155,0.25775147928994085,35.0,16.0,48.0,23007.0,5887.0,100.15326391182316,100.15326391182316
nfcorpus_bm25,23,random,16,10,0.24510579949889155,0.25775147928994085,44.0,16.0,48.0,23007.0,5887.0,100.15326391182316,10.015326391182317
nfcorpus_bm25,23,random,16,50,0.24510579949889155,0.25775147928994085,84.0,16.0,48.0,23007.0,5887.0,100.15326391182316,2.003065278236463
nfcorpus_bm25,23,random,16,200,0.24510579949889155,0.25775147928994085,234.0,16.0,48.0,23007.0,5887.0,100.15326391182316,0.5007663195591158
nfcorpus_bm25,23,random,32,1,0.24510579949889155,0.25775147928994085,72.0,16.0,48.0,23007.0,5887.0,100.15326391182316,100.15326391182316
nfcorpus_bm25,23,random,32,10,0.24510579949889155,0.25775147928994085,81.0,16.0,48.0,23007.0,5887.0,100.15326391182316,10.015326391182317
nfcorpus_bm25,23,random,32,50,0.24510579949889155,0.25775147928994085,121.0,16.0,48.0,23007.0,5887.0,100.15326391182316,2.003065278236463
nfcorpus_bm25,23,random,32,200,0.24510579949889155,0.25775147928994085,271.0,16.0,48.0,23007.0,5887.0,100.15326391182316,0.5007663195591158
nfcorpus_bm25,23,fixed,0,1,0.24510579949889155,0.25775147928994085,1.0,0.0,0.0,0.0,0.0,0.0,0.0
nfcorpus_bm25,23,fixed,0,10,0.24510579949889155,0.25775147928994085,10.0,0.0,0.0,0.0,0.0,0.0,0.0
nfcorpus_bm25,23,fixed,0,50,0.24510579949889155,0.25775147928994085,50.0,0.0,0.0,0.0,0.0,0.0,0.0
nfcorpus_bm25,23,fixed,0,200,0.24510579949889155,0.25775147928994085,200.0,0.0,0.0,0.0,0.0,0.0,0.0
nfcorpus_bm25,23,fixed,4,1,0.24510579949889155,0.25775147928994085,10.0,16.0,48.0,23007.0,5887.0,100.15326391182316,100.15326391182316
nfcorpus_bm25,23,fixed,4,10,0.24510579949889155,0.25775147928994085,19.0,16.0,48.0,23007.0,5887.0,100.15326391182316,10.015326391182317
nfcorpus_bm25,23,fixed,4,50,0.24510579949889155,0.25775147928994085,59.0,16.0,48.0,23007.0,5887.0,100.15326391182316,2.003065278236463
nfcorpus_bm25,23,fixed,4,200,0.24510579949889155,0.25775147928994085,209.0,16.0,48.0,23007.0,5887.0,100.15326391182316,0.5007663195591158
nfcorpus_bm25,23,fixed,8,1,0.24510579949889155,0.25775147928994085,19.0,16.0,48.0,23007.0,5887.0,100.15326391182316,100.15326391182316
nfcorpus_bm25,23,fixed,8,10,0.24510579949889155,0.25775147928994085,28.0,16.0,48.0,23007.0,5887.0,100.15326391182316,10.015326391182317
nfcorpus_bm25,23,fixed,8,50,0.24510579949889155,0.25775147928994085,68.0,16.0,48.0,23007.0,5887.0,100.15326391182316,2.003065278236463
nfcorpus_bm25,23,fixed,8,200,0.24510579949889155,0.25775147928994085,218.0,16.0,48.0,23007.0,5887.0,100.15326391182316,0.5007663195591158
nfcorpus_bm25,23,fixed,16,1,0.24510579949889155,0.25775147928994085,37.0,16.0,48.0,23007.0,5887.0,100.15326391182316,100.15326391182316
nfcorpus_bm25,23,fixed,16,10,0.24510579949889155,0.25775147928994085,46.0,16.0,48.0,23007.0,5887.0,100.15326391182316,10.015326391182317
nfcorpus_bm25,23,fixed,16,50,0.24510579949889155,0.25775147928994085,86.0,16.0,48.0,23007.0,5887.0,100.15326391182316,2.003065278236463
nfcorpus_bm25,23,fixed,16,200,0.24510579949889155,0.25775147928994085,236.0,16.0,48.0,23007.0,5887.0,100.15326391182316,0.5007663195591158
nfcorpus_bm25,23,fixed,32,1,0.24510579949889155,0.25775147928994085,73.0,16.0,48.0,23007.0,5887.0,100.15326391182316,100.15326391182316
nfcorpus_bm25,23,fixed,32,10,0.24510579949889155,0.25775147928994085,82.0,16.0,48.0,23007.0,5887.0,100.15326391182316,10.015326391182317
nfcorpus_bm25,23,fixed,32,50,0.24510579949889155,0.25775147928994085,122.0,16.0,48.0,23007.0,5887.0,100.15326391182316,2.003065278236463
nfcorpus_bm25,23,fixed,32,200,0.24510579949889155,0.25775147928994085,272.0,16.0,48.0,23007.0,5887.0,100.15326391182316,0.5007663195591158
nfcorpus_bm25,23,information_gain,0,1,0.24510579949889155,0.25775147928994085,1.0,0.0,0.0,0.0,0.0,0.0,0.0
nfcorpus_bm25,23,information_gain,0,10,0.24510579949889155,0.25775147928994085,10.0,0.0,0.0,0.0,0.0,0.0,0.0
nfcorpus_bm25,23,information_gain,0,50,0.24510579949889155,0.25775147928994085,50.0,0.0,0.0,0.0,0.0,0.0,0.0
nfcorpus_bm25,23,information_gain,0,200,0.24510579949889155,0.25775147928994085,200.0,0.0,0.0,0.0,0.0,0.0,0.0
nfcorpus_bm25,23,information_gain,4,1,0.24510579949889155,0.25775147928994085,9.0,16.0,48.0,23007.0,5887.0,100.15326391182316,100.15326391182316
nfcorpus_bm25,23,information_gain,4,10,0.24510579949889155,0.25775147928994085,18.0,16.0,48.0,23007.0,5887.0,100.15326391182316,10.015326391182317
nfcorpus_bm25,23,information_gain,4,50,0.24510579949889155,0.25775147928994085,58.0,16.0,48.0,23007.0,5887.0,100.15326391182316,2.003065278236463
nfcorpus_bm25,23,information_gain,4,200,0.24510579949889155,0.25775147928994085,208.0,16.0,48.0,23007.0,5887.0,100.15326391182316,0.5007663195591158
nfcorpus_bm25,23,information_gain,8,1,0.24334018480094824,0.25005917159763313,19.0,16.0,48.06153846153846,23031.153846153848,5894.6,100.15326391182316,100.15326391182316
nfcorpus_bm25,23,information_gain,8,10,0.24334018480094824,0.25005917159763313,28.0,16.0,48.61538461538461,23248.53846153846,5963.0,100.15326391182316,10.015326391182317
nfcorpus_bm25,23,information_gain,8,50,0.24334018480094824,0.25005917159763313,68.0,16.0,51.07692307692308,24214.69230769231,6267.0,100.15326391182316,2.003065278236463
nfcorpus_bm25,23,information_gain,8,200,0.24334018480094824,0.25005917159763313,218.0,16.0,60.30769230769231,27837.76923076923,7407.0,100.15326391182316,0.5007663195591158
nfcorpus_bm25,23,information_gain,16,1,0.24334018480094824,0.25005917159763313,39.0,16.0,48.06153846153846,23031.153846153848,5894.6,100.15326391182316,100.15326391182316
nfcorpus_bm25,23,information_gain,16,10,0.24334018480094824,0.25005917159763313,48.0,16.0,48.61538461538461,23248.53846153846,5963.0,100.15326391182316,10.015326391182317
nfcorpus_bm25,23,information_gain,16,50,0.24334018480094824,0.25005917159763313,88.0,16.0,51.07692307692308,24214.69230769231,6267.0,100.15326391182316,2.003065278236463
nfcorpus_bm25,23,information_gain,16,200,0.24334018480094824,0.25005917159763313,238.0,16.0,60.30769230769231,27837.76923076923,7407.0,100.15326391182316,0.5007663195591158
nfcorpus_bm25,23,information_gain,32,1,0.24334018480094824,0.25005917159763313,75.0,16.0,48.06153846153846,23031.153846153848,5894.6,100.15326391182316,100.15326391182316
nfcorpus_bm25,23,information_gain,32,10,0.24334018480094824,0.25005917159763313,84.0,16.0,48.61538461538461,23248.53846153846,5963.0,100.15326391182316,10.015326391182317
nfcorpus_bm25,23,information_gain,32,50,0.24334018480094824,0.25005917159763313,124.0,16.0,51.07692307692308,24214.69230769231,6267.0,100.15326391182316,2.003065278236463
nfcorpus_bm25,23,information_gain,32,200,0.24334018480094824,0.25005917159763313,274.0,16.0,60.30769230769231,27837.76923076923,7407.0,100.15326391182316,0.5007663195591158
nfcorpus_bm25,23,decision_value,0,1,0.24510579949889155,0.25775147928994085,1.0,0.0,0.0,0.0,0.0,0.0,0.0
nfcorpus_bm25,23,decision_value,0,10,0.24510579949889155,0.25775147928994085,10.0,0.0,0.0,0.0,0.0,0.0,0.0
nfcorpus_bm25,23,decision_value,0,50,0.24510579949889155,0.25775147928994085,50.0,0.0,0.0,0.0,0.0,0.0,0.0
nfcorpus_bm25,23,decision_value,0,200,0.24510579949889155,0.25775147928994085,200.0,0.0,0.0,0.0,0.0,0.0,0.0
nfcorpus_bm25,23,decision_value,4,1,0.24510579949889155,0.25775147928994085,9.0,16.0,48.0,23007.0,5887.0,100.15326391182316,100.15326391182316
nfcorpus_bm25,23,decision_value,4,10,0.24510579949889155,0.25775147928994085,18.0,16.0,48.0,23007.0,5887.0,100.15326391182316,10.015326391182317
nfcorpus_bm25,23,decision_value,4,50,0.24510579949889155,0.25775147928994085,58.0,16.0,48.0,23007.0,5887.0,100.15326391182316,2.003065278236463
nfcorpus_bm25,23,decision_value,4,200,0.24510579949889155,0.25775147928994085,208.0,16.0,48.0,23007.0,5887.0,100.15326391182316,0.5007663195591158
nfcorpus_bm25,23,decision_value,8,1,0.24334018480094824,0.25005917159763313,18.0,16.0,48.06153846153846,23031.153846153848,5894.6,100.15326391182316,100.15326391182316
nfcorpus_bm25,23,decision_value,8,10,0.24334018480094824,0.25005917159763313,27.0,16.0,48.61538461538461,23248.53846153846,5963.0,100.15326391182316,10.015326391182317
nfcorpus_bm25,23,decision_value,8,50,0.24334018480094824,0.25005917159763313,67.0,16.0,51.07692307692308,24214.69230769231,6267.0,100.15326391182316,2.003065278236463
nfcorpus_bm25,23,decision_value,8,200,0.24334018480094824,0.25005917159763313,217.0,16.0,60.30769230769231,27837.76923076923,7407.0,100.15326391182316,0.5007663195591158
nfcorpus_bm25,23,decision_value,16,1,0.24334018480094824,0.25005917159763313,39.0,16.0,48.06153846153846,23031.153846153848,5894.6,100.15326391182316,100.15326391182316
nfcorpus_bm25,23,decision_value,16,10,0.24334018480094824,0.25005917159763313,48.0,16.0,48.61538461538461,23248.53846153846,5963.0,100.15326391182316,10.015326391182317
nfcorpus_bm25,23,decision_value,16,50,0.24334018480094824,0.25005917159763313,88.0,16.0,51.07692307692308,24214.69230769231,6267.0,100.15326391182316,2.003065278236463
nfcorpus_bm25,23,decision_value,16,200,0.24334018480094824,0.25005917159763313,238.0,16.0,60.30769230769231,27837.76923076923,7407.0,100.15326391182316,0.5007663195591158
nfcorpus_bm25,23,decision_value,32,1,0.24334018480094824,0.25005917159763313,73.0,16.0,48.06153846153846,23031.153846153848,5894.6,100.15326391182316,100.15326391182316
nfcorpus_bm25,23,decision_value,32,10,0.24334018480094824,0.25005917159763313,82.0,16.0,48.61538461538461,23248.53846153846,5963.0,100.15326391182316,10.015326391182317
nfcorpus_bm25,23,decision_value,32,50,0.24334018480094824,0.25005917159763313,122.0,16.0,51.07692307692308,24214.69230769231,6267.0,100.15326391182316,2.003065278236463
nfcorpus_bm25,23,decision_value,32,200,0.24334018480094824,0.25005917159763313,272.0,16.0,60.30769230769231,27837.76923076923,7407.0,100.15326391182316,0.5007663195591158
nfcorpus_bm25,47,random,0,1,0.24510579949889155,0.25775147928994085,1.0,0.0,0.0,0.0,0.0,0.0,0.0
nfcorpus_bm25,47,random,0,10,0.24510579949889155,0.25775147928994085,10.0,0.0,0.0,0.0,0.0,0.0,0.0
nfcorpus_bm25,47,random,0,50,0.24510579949889155,0.25775147928994085,50.0,0.0,0.0,0.0,0.0,0.0,0.0
nfcorpus_bm25,47,random,0,200,0.24510579949889155,0.25775147928994085,200.0,0.0,0.0,0.0,0.0,0.0,0.0
nfcorpus_bm25,47,random,4,1,0.24510579949889155,0.25775147928994085,11.0,16.0,48.0,24033.0,5850.0,96.14452316188545,96.14452316188545
nfcorpus_bm25,47,random,4,10,0.24510579949889155,0.25775147928994085,20.0,16.0,48.0,24033.0,5850.0,96.14452316188545,9.614452316188544
nfcorpus_bm25,47,random,4,50,0.24510579949889155,0.25775147928994085,60.0,16.0,48.0,24033.0,5850.0,96.14452316188545,1.9228904632377088
nfcorpus_bm25,47,random,4,200,0.24510579949889155,0.25775147928994085,210.0,16.0,48.0,24033.0,5850.0,96.14452316188545,0.4807226158094272
nfcorpus_bm25,47,random,8,1,0.2455191904189422,0.25775147928994085,19.0,16.0,48.0,24033.0,5850.0,96.14452316188545,96.14452316188545
nfcorpus_bm25,47,random,8,10,0.2455191904189422,0.25775147928994085,28.0,16.0,48.0,24033.0,5850.0,96.14452316188545,9.614452316188544
nfcorpus_bm25,47,random,8,50,0.2455191904189422,0.25775147928994085,68.0,16.0,48.0,24033.0,5850.0,96.14452316188545,1.9228904632377088
nfcorpus_bm25,47,random,8,200,0.2455191904189422,0.25775147928994085,218.0,16.0,48.0,24033.0,5850.0,96.14452316188545,0.4807226158094272
nfcorpus_bm25,47,random,16,1,0.24756796301988784,0.25775147928994085,36.0,16.0,48.0,24033.0,5850.0,96.14452316188545,96.14452316188545
nfcorpus_bm25,47,random,16,10,0.24756796301988784,0.25775147928994085,45.0,16.0,48.0,24033.0,5850.0,96.14452316188545,9.614452316188544
nfcorpus_bm25,47,random,16,50,0.24756796301988784,0.25775147928994085,85.0,16.0,48.0,24033.0,5850.0,96.14452316188545,1.9228904632377088
nfcorpus_bm25,47,random,16,200,0.24756796301988784,0.25775147928994085,235.0,16.0,48.0,24033.0,5850.0,96.14452316188545,0.4807226158094272
nfcorpus_bm25,47,random,32,1,0.24756796301988784,0.25775147928994085,72.0,16.0,48.0,24033.0,5850.0,96.14452316188545,96.14452316188545
nfcorpus_bm25,47,random,32,10,0.24756796301988784,0.25775147928994085,81.0,16.0,48.0,24033.0,5850.0,96.14452316188545,9.614452316188544
nfcorpus_bm25,47,random,32,50,0.24756796301988784,0.25775147928994085,121.0,16.0,48.0,24033.0,5850.0,96.14452316188545,1.9228904632377088
nfcorpus_bm25,47,random,32,200,0.24756796301988784,0.25775147928994085,271.0,16.0,48.0,24033.0,5850.0,96.14452316188545,0.4807226158094272
nfcorpus_bm25,47,fixed,0,1,0.24510579949889155,0.25775147928994085,1.0,0.0,0.0,0.0,0.0,0.0,0.0
nfcorpus_bm25,47,fixed,0,10,0.24510579949889155,0.25775147928994085,10.0,0.0,0.0,0.0,0.0,0.0,0.0
nfcorpus_bm25,47,fixed,0,50,0.24510579949889155,0.25775147928994085,50.0,0.0,0.0,0.0,0.0,0.0,0.0
nfcorpus_bm25,47,fixed,0,200,0.24510579949889155,0.25775147928994085,200.0,0.0,0.0,0.0,0.0,0.0,0.0
nfcorpus_bm25,47,fixed,4,1,0.24510579949889155,0.25775147928994085,10.0,16.0,48.0,24033.0,5850.0,96.14452316188545,96.14452316188545
nfcorpus_bm25,47,fixed,4,10,0.24510579949889155,0.25775147928994085,19.0,16.0,48.0,24033.0,5850.0,96.14452316188545,9.614452316188544
nfcorpus_bm25,47,fixed,4,50,0.24510579949889155,0.25775147928994085,59.0,16.0,48.0,24033.0,5850.0,96.14452316188545,1.9228904632377088
nfcorpus_bm25,47,fixed,4,200,0.24510579949889155,0.25775147928994085,209.0,16.0,48.0,24033.0,5850.0,96.14452316188545,0.4807226158094272
nfcorpus_bm25,47,fixed,8,1,0.2455191904189422,0.25775147928994085,19.0,16.0,48.0,24033.0,5850.0,96.14452316188545,96.14452316188545
nfcorpus_bm25,47,fixed,8,10,0.2455191904189422,0.25775147928994085,28.0,16.0,48.0,24033.0,5850.0,96.14452316188545,9.614452316188544
nfcorpus_bm25,47,fixed,8,50,0.2455191904189422,0.25775147928994085,68.0,16.0,48.0,24033.0,5850.0,96.14452316188545,1.9228904632377088
nfcorpus_bm25,47,fixed,8,200,0.2455191904189422,0.25775147928994085,218.0,16.0,48.0,24033.0,5850.0,96.14452316188545,0.4807226158094272
nfcorpus_bm25,47,fixed,16,1,0.2455191904189422,0.25775147928994085,37.0,16.0,48.0,24033.0,5850.0,96.14452316188545,96.14452316188545
nfcorpus_bm25,47,fixed,16,10,0.2455191904189422,0.25775147928994085,46.0,16.0,48.0,24033.0,5850.0,96.14452316188545,9.614452316188544
nfcorpus_bm25,47,fixed,16,50,0.2455191904189422,0.25775147928994085,86.0,16.0,48.0,24033.0,5850.0,96.14452316188545,1.9228904632377088
nfcorpus_bm25,47,fixed,16,200,0.2455191904189422,0.25775147928994085,236.0,16.0,48.0,24033.0,5850.0,96.14452316188545,0.4807226158094272
nfcorpus_bm25,47,fixed,32,1,0.24756796301988784,0.25775147928994085,73.0,16.0,48.0,24033.0,5850.0,96.14452316188545,96.14452316188545
nfcorpus_bm25,47,fixed,32,10,0.24756796301988784,0.25775147928994085,82.0,16.0,48.0,24033.0,5850.0,96.14452316188545,9.614452316188544
nfcorpus_bm25,47,fixed,32,50,0.24756796301988784,0.25775147928994085,122.0,16.0,48.0,24033.0,5850.0,96.14452316188545,1.9228904632377088
nfcorpus_bm25,47,fixed,32,200,0.24756796301988784,0.25775147928994085,272.0,16.0,48.0,24033.0,5850.0,96.14452316188545,0.4807226158094272
nfcorpus_bm25,47,information_gain,0,1,0.24510579949889155,0.25775147928994085,1.0,0.0,0.0,0.0,0.0,0.0,0.0
nfcorpus_bm25,47,information_gain,0,10,0.24510579949889155,0.25775147928994085,10.0,0.0,0.0,0.0,0.0,0.0,0.0
nfcorpus_bm25,47,information_gain,0,50,0.24510579949889155,0.25775147928994085,50.0,0.0,0.0,0.0,0.0,0.0,0.0
nfcorpus_bm25,47,information_gain,0,200,0.24510579949889155,0.25775147928994085,200.0,0.0,0.0,0.0,0.0,0.0,0.0
nfcorpus_bm25,47,information_gain,4,1,0.24756796301988784,0.25775147928994085,9.0,16.0,48.0,24033.0,5850.0,96.14452316188545,96.14452316188545
nfcorpus_bm25,47,information_gain,4,10,0.24756796301988784,0.25775147928994085,18.0,16.0,48.0,24033.0,5850.0,96.14452316188545,9.614452316188544
nfcorpus_bm25,47,information_gain,4,50,0.24756796301988784,0.25775147928994085,58.0,16.0,48.0,24033.0,5850.0,96.14452316188545,1.9228904632377088
nfcorpus_bm25,47,information_gain,4,200,0.24756796301988784,0.25775147928994085,208.0,16.0,48.0,24033.0,5850.0,96.14452316188545,0.4807226158094272
nfcorpus_bm25,47,information_gain,8,1,0.24756796301988784,0.25775147928994085,20.0,16.0,48.0,24033.0,5850.0,96.14452316188545,96.14452316188545
nfcorpus_bm25,47,information_gain,8,10,0.24756796301988784,0.25775147928994085,29.0,16.0,48.0,24033.0,5850.0,96.14452316188545,9.614452316188544
nfcorpus_bm25,47,information_gain,8,50,0.24756796301988784,0.25775147928994085,69.0,16.0,48.0,24033.0,5850.0,96.14452316188545,1.9228904632377088
nfcorpus_bm25,47,information_gain,8,200,0.24756796301988784,0.25775147928994085,219.0,16.0,48.0,24033.0,5850.0,96.14452316188545,0.4807226158094272
nfcorpus_bm25,47,information_gain,16,1,0.24756796301988784,0.25775147928994085,38.0,16.0,48.0,24033.0,5850.0,96.14452316188545,96.14452316188545
nfcorpus_bm25,47,information_gain,16,10,0.24756796301988784,0.25775147928994085,47.0,16.0,48.0,24033.0,5850.0,96.14452316188545,9.614452316188544
nfcorpus_bm25,47,information_gain,16,50,0.24756796301988784,0.25775147928994085,87.0,16.0,48.0,24033.0,5850.0,96.14452316188545,1.9228904632377088
nfcorpus_bm25,47,information_gain,16,200,0.24756796301988784,0.25775147928994085,237.0,16.0,48.0,24033.0,5850.0,96.14452316188545,0.4807226158094272
nfcorpus_bm25,47,information_gain,32,1,0.24756796301988784,0.25775147928994085,76.0,16.0,48.0,24033.0,5850.0,96.14452316188545,96.14452316188545
nfcorpus_bm25,47,information_gain,32,10,0.24756796301988784,0.25775147928994085,85.0,16.0,48.0,24033.0,5850.0,96.14452316188545,9.614452316188544
nfcorpus_bm25,47,information_gain,32,50,0.24756796301988784,0.25775147928994085,125.0,16.0,48.0,24033.0,5850.0,96.14452316188545,1.9228904632377088
nfcorpus_bm25,47,information_gain,32,200,0.24756796301988784,0.25775147928994085,275.0,16.0,48.0,24033.0,5850.0,96.14452316188545,0.4807226158094272
nfcorpus_bm25,47,decision_value,0,1,0.24510579949889155,0.25775147928994085,1.0,0.0,0.0,0.0,0.0,0.0,0.0
nfcorpus_bm25,47,decision_value,0,10,0.24510579949889155,0.25775147928994085,10.0,0.0,0.0,0.0,0.0,0.0,0.0
nfcorpus_bm25,47,decision_value,0,50,0.24510579949889155,0.25775147928994085,50.0,0.0,0.0,0.0,0.0,0.0,0.0
nfcorpus_bm25,47,decision_value,0,200,0.24510579949889155,0.25775147928994085,200.0,0.0,0.0,0.0,0.0,0.0,0.0
nfcorpus_bm25,47,decision_value,4,1,0.24756796301988784,0.25775147928994085,9.0,16.0,48.0,24033.0,5850.0,96.14452316188545,96.14452316188545
nfcorpus_bm25,47,decision_value,4,10,0.24756796301988784,0.25775147928994085,18.0,16.0,48.0,24033.0,5850.0,96.14452316188545,9.614452316188544
nfcorpus_bm25,47,decision_value,4,50,0.24756796301988784,0.25775147928994085,58.0,16.0,48.0,24033.0,5850.0,96.14452316188545,1.9228904632377088
nfcorpus_bm25,47,decision_value,4,200,0.24756796301988784,0.25775147928994085,208.0,16.0,48.0,24033.0,5850.0,96.14452316188545,0.4807226158094272
nfcorpus_bm25,47,decision_value,8,1,0.24756796301988784,0.25775147928994085,20.0,16.0,48.0,24033.0,5850.0,96.14452316188545,96.14452316188545
nfcorpus_bm25,47,decision_value,8,10,0.24756796301988784,0.25775147928994085,29.0,16.0,48.0,24033.0,5850.0,96.14452316188545,9.614452316188544
nfcorpus_bm25,47,decision_value,8,50,0.24756796301988784,0.25775147928994085,69.0,16.0,48.0,24033.0,5850.0,96.14452316188545,1.9228904632377088
nfcorpus_bm25,47,decision_value,8,200,0.24756796301988784,0.25775147928994085,219.0,16.0,48.0,24033.0,5850.0,96.14452316188545,0.4807226158094272
nfcorpus_bm25,47,decision_value,16,1,0.24756796301988784,0.25775147928994085,39.0,16.0,48.0,24033.0,5850.0,96.14452316188545,96.14452316188545
nfcorpus_bm25,47,decision_value,16,10,0.24756796301988784,0.25775147928994085,48.0,16.0,48.0,24033.0,5850.0,96.14452316188545,9.614452316188544
nfcorpus_bm25,47,decision_value,16,50,0.24756796301988784,0.25775147928994085,88.0,16.0,48.0,24033.0,5850.0,96.14452316188545,1.9228904632377088
nfcorpus_bm25,47,decision_value,16,200,0.24756796301988784,0.25775147928994085,238.0,16.0,48.0,24033.0,5850.0,96.14452316188545,0.4807226158094272
nfcorpus_bm25,47,decision_value,32,1,0.24756796301988784,0.25775147928994085,75.0,16.0,48.0,24033.0,5850.0,96.14452316188545,96.14452316188545
nfcorpus_bm25,47,decision_value,32,10,0.24756796301988784,0.25775147928994085,84.0,16.0,48.0,24033.0,5850.0,96.14452316188545,9.614452316188544
nfcorpus_bm25,47,decision_value,32,50,0.24756796301988784,0.25775147928994085,124.0,16.0,48.0,24033.0,5850.0,96.14452316188545,1.9228904632377088
nfcorpus_bm25,47,decision_value,32,200,0.24756796301988784,0.25775147928994085,274.0,16.0,48.0,24033.0,5850.0,96.14452316188545,0.4807226158094272
nfcorpus_dense,11,random,0,1,0.22580183663593373,0.2512313327697943,1.0,0.0,0.06153846153846154,24.153846153846153,7.6,0.0,0.0
nfcorpus_dense,11,random,0,10,0.22580183663593373,0.2512313327697943,10.0,0.0,0.6153846153846154,241.53846153846155,76.0,0.0,0.0
nfcorpus_dense,11,random,0,50,0.22580183663593373,0.2512313327697943,50.0,0.0,3.076923076923077,1207.6923076923076,380.0,0.0,0.0
nfcorpus_dense,11,random,0,200,0.22580183663593373,0.2512313327697943,200.0,0.0,12.307692307692308,4830.7692307692305,1520.0,0.0,0.0
nfcorpus_dense,11,random,4,1,0.22772374702134163,0.26883817037663194,9.0,16.0,48.93846153846154,24576.846153846152,6187.2,97.41325913557375,97.41325913557375
nfcorpus_dense,11,random,4,10,0.22772374702134163,0.26883817037663194,18.0,16.0,57.38461538461539,27833.46153846154,7206.0,97.41325913557375,9.741325913557375
nfcorpus_dense,11,random,4,50,0.22772374702134163,0.26883817037663194,58.0,16.0,94.92307692307692,42307.307692307695,11734.0,97.41325913557375,1.948265182711475
nfcorpus_dense,11,random,4,200,0.22772374702134163,0.26883817037663194,208.0,16.0,235.69230769230768,96584.23076923078,28714.0,97.41325913557375,0.48706629567786874
nfcorpus_dense,11,random,8,1,0.22772374702134163,0.26883817037663194,17.0,16.0,48.93846153846154,24576.846153846152,6187.2,97.41325913557375,97.41325913557375
nfcorpus_dense,11,random,8,10,0.22772374702134163,0.26883817037663194,26.0,16.0,57.38461538461539,27833.46153846154,7206.0,97.41325913557375,9.741325913557375
nfcorpus_dense,11,random,8,50,0.22772374702134163,0.26883817037663194,66.0,16.0,94.92307692307692,42307.307692307695,11734.0,97.41325913557375,1.948265182711475
nfcorpus_dense,11,random,8,200,0.22772374702134163,0.26883817037663194,216.0,16.0,235.69230769230768,96584.23076923078,28714.0,97.41325913557375,0.48706629567786874
nfcorpus_dense,11,random,16,1,0.22772374702134163,0.26883817037663194,36.0,16.0,48.93846153846154,24576.846153846152,6187.2,97.41325913557375,97.41325913557375
nfcorpus_dense,11,random,16,10,0.22772374702134163,0.26883817037663194,45.0,16.0,57.38461538461539,27833.46153846154,7206.0,97.41325913557375,9.741325913557375
nfcorpus_dense,11,random,16,50,0.22772374702134163,0.26883817037663194,85.0,16.0,94.92307692307692,42307.307692307695,11734.0,97.41325913557375,1.948265182711475
nfcorpus_dense,11,random,16,200,0.22772374702134163,0.26883817037663194,235.0,16.0,235.69230769230768,96584.23076923078,28714.0,97.41325913557375,0.48706629567786874
nfcorpus_dense,11,random,32,1,0.22772374702134163,0.26883817037663194,74.0,16.0,48.93846153846154,24576.846153846152,6187.2,97.41325913557375,97.41325913557375
nfcorpus_dense,11,random,32,10,0.22772374702134163,0.26883817037663194,83.0,16.0,57.38461538461539,27833.46153846154,7206.0,97.41325913557375,9.741325913557375
nfcorpus_dense,11,random,32,50,0.22772374702134163,0.26883817037663194,123.0,16.0,94.92307692307692,42307.307692307695,11734.0,97.41325913557375,1.948265182711475
nfcorpus_dense,11,random,32,200,0.22772374702134163,0.26883817037663194,273.0,16.0,235.69230769230768,96584.23076923078,28714.0,97.41325913557375,0.48706629567786874
nfcorpus_dense,11,fixed,0,1,0.22580183663593373,0.2512313327697943,1.0,0.0,0.06153846153846154,24.153846153846153,7.6,0.0,0.0
nfcorpus_dense,11,fixed,0,10,0.22580183663593373,0.2512313327697943,10.0,0.0,0.6153846153846154,241.53846153846155,76.0,0.0,0.0
nfcorpus_dense,11,fixed,0,50,0.22580183663593373,0.2512313327697943,50.0,0.0,3.076923076923077,1207.6923076923076,380.0,0.0,0.0
nfcorpus_dense,11,fixed,0,200,0.22580183663593373,0.2512313327697943,200.0,0.0,12.307692307692308,4830.7692307692305,1520.0,0.0,0.0
nfcorpus_dense,11,fixed,4,1,0.22580183663593373,0.2512313327697943,10.0,16.0,48.06153846153846,24239.153846153848,6081.6,97.41325913557375,97.41325913557375
nfcorpus_dense,11,fixed,4,10,0.22580183663593373,0.2512313327697943,19.0,16.0,48.61538461538461,24456.53846153846,6150.0,97.41325913557375,9.741325913557375
nfcorpus_dense,11,fixed,4,50,0.22580183663593373,0.2512313327697943,59.0,16.0,51.07692307692308,25422.69230769231,6454.0,97.41325913557375,1.948265182711475
nfcorpus_dense,11,fixed,4,200,0.22580183663593373,0.2512313327697943,209.0,16.0,60.30769230769231,29045.76923076923,7594.0,97.41325913557375,0.48706629567786874
nfcorpus_dense,11,fixed,8,1,0.22580183663593373,0.2512313327697943,19.0,16.0,48.06153846153846,24239.153846153848,6081.6,97.41325913557375,97.41325913557375
nfcorpus_dense,11,fixed,8,10,0.22580183663593373,0.2512313327697943,28.0,16.0,48.61538461538461,24456.53846153846,6150.0,97.41325913557375,9.741325913557375
nfcorpus_dense,11,fixed,8,50,0.22580183663593373,0.2512313327697943,68.0,16.0,51.07692307692308,25422.69230769231,6454.0,97.41325913557375,1.948265182711475
nfcorpus_dense,11,fixed,8,200,0.22580183663593373,0.2512313327697943,218.0,16.0,60.30769230769231,29045.76923076923,7594.0,97.41325913557375,0.48706629567786874
nfcorpus_dense,11,fixed,16,1,0.22580183663593373,0.2512313327697943,37.0,16.0,48.06153846153846,24239.153846153848,6081.6,97.41325913557375,97.41325913557375
nfcorpus_dense,11,fixed,16,10,0.22580183663593373,0.2512313327697943,46.0,16.0,48.61538461538461,24456.53846153846,6150.0,97.41325913557375,9.741325913557375
nfcorpus_dense,11,fixed,16,50,0.22580183663593373,0.2512313327697943,86.0,16.0,51.07692307692308,25422.69230769231,6454.0,97.41325913557375,1.948265182711475
nfcorpus_dense,11,fixed,16,200,0.22580183663593373,0.2512313327697943,236.0,16.0,60.30769230769231,29045.76923076923,7594.0,97.41325913557375,0.48706629567786874
nfcorpus_dense,11,fixed,32,1,0.22781061552490603,0.26883817037663194,73.0,16.0,48.93846153846154,24576.846153846152,6187.2,97.41325913557375,97.41325913557375
nfcorpus_dense,11,fixed,32,10,0.22781061552490603,0.26883817037663194,82.0,16.0,57.38461538461539,27833.46153846154,7206.0,97.41325913557375,9.741325913557375
nfcorpus_dense,11,fixed,32,50,0.22781061552490603,0.26883817037663194,122.0,16.0,94.92307692307692,42307.307692307695,11734.0,97.41325913557375,1.948265182711475
nfcorpus_dense,11,fixed,32,200,0.22781061552490603,0.26883817037663194,272.0,16.0,235.69230769230768,96584.23076923078,28714.0,97.41325913557375,0.48706629567786874
nfcorpus_dense,11,information_gain,0,1,0.22580183663593373,0.2512313327697943,1.0,0.0,0.06153846153846154,24.153846153846153,7.6,0.0,0.0
nfcorpus_dense,11,information_gain,0,10,0.22580183663593373,0.2512313327697943,10.0,0.0,0.6153846153846154,241.53846153846155,76.0,0.0,0.0
nfcorpus_dense,11,information_gain,0,50,0.22580183663593373,0.2512313327697943,50.0,0.0,3.076923076923077,1207.6923076923076,380.0,0.0,0.0
nfcorpus_dense,11,information_gain,0,200,0.22580183663593373,0.2512313327697943,200.0,0.0,12.307692307692308,4830.7692307692305,1520.0,0.0,0.0
nfcorpus_dense,11,information_gain,4,1,0.22772374702134163,0.26883817037663194,9.0,16.0,48.93846153846154,24576.846153846152,6187.2,97.41325913557375,97.41325913557375
nfcorpus_dense,11,information_gain,4,10,0.22772374702134163,0.26883817037663194,18.0,16.0,57.38461538461539,27833.46153846154,7206.0,97.41325913557375,9.741325913557375
nfcorpus_dense,11,information_gain,4,50,0.22772374702134163,0.26883817037663194,58.0,16.0,94.92307692307692,42307.307692307695,11734.0,97.41325913557375,1.948265182711475
nfcorpus_dense,11,information_gain,4,200,0.22772374702134163,0.26883817037663194,208.0,16.0,235.69230769230768,96584.23076923078,28714.0,97.41325913557375,0.48706629567786874
nfcorpus_dense,11,information_gain,8,1,0.22772374702134163,0.26883817037663194,17.0,16.0,48.93846153846154,24576.846153846152,6187.2,97.41325913557375,97.41325913557375
nfcorpus_dense,11,information_gain,8,10,0.22772374702134163,0.26883817037663194,26.0,16.0,57.38461538461539,27833.46153846154,7206.0,97.41325913557375,9.741325913557375
nfcorpus_dense,11,information_gain,8,50,0.22772374702134163,0.26883817037663194,66.0,16.0,94.92307692307692,42307.307692307695,11734.0,97.41325913557375,1.948265182711475
nfcorpus_dense,11,information_gain,8,200,0.22772374702134163,0.26883817037663194,216.0,16.0,235.69230769230768,96584.23076923078,28714.0,97.41325913557375,0.48706629567786874
nfcorpus_dense,11,information_gain,16,1,0.22772374702134163,0.26883817037663194,33.0,16.0,48.93846153846154,24576.846153846152,6187.2,97.41325913557375,97.41325913557375
nfcorpus_dense,11,information_gain,16,10,0.22772374702134163,0.26883817037663194,42.0,16.0,57.38461538461539,27833.46153846154,7206.0,97.41325913557375,9.741325913557375
nfcorpus_dense,11,information_gain,16,50,0.22772374702134163,0.26883817037663194,82.0,16.0,94.92307692307692,42307.307692307695,11734.0,97.41325913557375,1.948265182711475
nfcorpus_dense,11,information_gain,16,200,0.22772374702134163,0.26883817037663194,232.0,16.0,235.69230769230768,96584.23076923078,28714.0,97.41325913557375,0.48706629567786874
nfcorpus_dense,11,information_gain,32,1,0.22772374702134163,0.26883817037663194,65.0,16.0,48.93846153846154,24576.846153846152,6187.2,97.41325913557375,97.41325913557375
nfcorpus_dense,11,information_gain,32,10,0.22772374702134163,0.26883817037663194,74.0,16.0,57.38461538461539,27833.46153846154,7206.0,97.41325913557375,9.741325913557375
nfcorpus_dense,11,information_gain,32,50,0.22772374702134163,0.26883817037663194,114.0,16.0,94.92307692307692,42307.307692307695,11734.0,97.41325913557375,1.948265182711475
nfcorpus_dense,11,information_gain,32,200,0.22772374702134163,0.26883817037663194,264.0,16.0,235.69230769230768,96584.23076923078,28714.0,97.41325913557375,0.48706629567786874
nfcorpus_dense,11,decision_value,0,1,0.22580183663593373,0.2512313327697943,1.0,0.0,0.06153846153846154,24.153846153846153,7.6,0.0,0.0
nfcorpus_dense,11,decision_value,0,10,0.22580183663593373,0.2512313327697943,10.0,0.0,0.6153846153846154,241.53846153846155,76.0,0.0,0.0
nfcorpus_dense,11,decision_value,0,50,0.22580183663593373,0.2512313327697943,50.0,0.0,3.076923076923077,1207.6923076923076,380.0,0.0,0.0
nfcorpus_dense,11,decision_value,0,200,0.22580183663593373,0.2512313327697943,200.0,0.0,12.307692307692308,4830.7692307692305,1520.0,0.0,0.0
nfcorpus_dense,11,decision_value,4,1,0.22772374702134163,0.26883817037663194,9.0,16.0,48.93846153846154,24576.846153846152,6187.2,97.41325913557375,97.41325913557375
nfcorpus_dense,11,decision_value,4,10,0.22772374702134163,0.26883817037663194,18.0,16.0,57.38461538461539,27833.46153846154,7206.0,97.41325913557375,9.741325913557375
nfcorpus_dense,11,decision_value,4,50,0.22772374702134163,0.26883817037663194,58.0,16.0,94.92307692307692,42307.307692307695,11734.0,97.41325913557375,1.948265182711475
nfcorpus_dense,11,decision_value,4,200,0.22772374702134163,0.26883817037663194,208.0,16.0,235.69230769230768,96584.23076923078,28714.0,97.41325913557375,0.48706629567786874
nfcorpus_dense,11,decision_value,8,1,0.22772374702134163,0.26883817037663194,17.0,16.0,48.93846153846154,24576.846153846152,6187.2,97.41325913557375,97.41325913557375
nfcorpus_dense,11,decision_value,8,10,0.22772374702134163,0.26883817037663194,26.0,16.0,57.38461538461539,27833.46153846154,7206.0,97.41325913557375,9.741325913557375
nfcorpus_dense,11,decision_value,8,50,0.22772374702134163,0.26883817037663194,66.0,16.0,94.92307692307692,42307.307692307695,11734.0,97.41325913557375,1.948265182711475
nfcorpus_dense,11,decision_value,8,200,0.22772374702134163,0.26883817037663194,216.0,16.0,235.69230769230768,96584.23076923078,28714.0,97.41325913557375,0.48706629567786874
nfcorpus_dense,11,decision_value,16,1,0.22772374702134163,0.26883817037663194,33.0,16.0,48.93846153846154,24576.846153846152,6187.2,97.41325913557375,97.41325913557375
nfcorpus_dense,11,decision_value,16,10,0.22772374702134163,0.26883817037663194,42.0,16.0,57.38461538461539,27833.46153846154,7206.0,97.41325913557375,9.741325913557375
nfcorpus_dense,11,decision_value,16,50,0.22772374702134163,0.26883817037663194,82.0,16.0,94.92307692307692,42307.307692307695,11734.0,97.41325913557375,1.948265182711475
nfcorpus_dense,11,decision_value,16,200,0.22772374702134163,0.26883817037663194,232.0,16.0,235.69230769230768,96584.23076923078,28714.0,97.41325913557375,0.48706629567786874
nfcorpus_dense,11,decision_value,32,1,0.22772374702134163,0.26883817037663194,70.0,16.0,48.93846153846154,24576.846153846152,6187.2,97.41325913557375,97.41325913557375
nfcorpus_dense,11,decision_value,32,10,0.22772374702134163,0.26883817037663194,79.0,16.0,57.38461538461539,27833.46153846154,7206.0,97.41325913557375,9.741325913557375
nfcorpus_dense,11,decision_value,32,50,0.22772374702134163,0.26883817037663194,119.0,16.0,94.92307692307692,42307.307692307695,11734.0,97.41325913557375,1.948265182711475
nfcorpus_dense,11,decision_value,32,200,0.22772374702134163,0.26883817037663194,269.0,16.0,235.69230769230768,96584.23076923078,28714.0,97.41325913557375,0.48706629567786874
nfcorpus_dense,23,random,0,1,0.22580183663593373,0.2512313327697943,1.0,0.0,0.06153846153846154,24.153846153846153,7.6,0.0,0.0
nfcorpus_dense,23,random,0,10,0.22580183663593373,0.2512313327697943,10.0,0.0,0.6153846153846154,241.53846153846155,76.0,0.0,0.0
nfcorpus_dense,23,random,0,50,0.22580183663593373,0.2512313327697943,50.0,0.0,3.076923076923077,1207.6923076923076,380.0,0.0,0.0
nfcorpus_dense,23,random,0,200,0.22580183663593373,0.2512313327697943,200.0,0.0,12.307692307692308,4830.7692307692305,1520.0,0.0,0.0
nfcorpus_dense,23,random,4,1,0.23953381775106808,0.25276979430825586,9.0,16.0,48.06153846153846,23031.153846153848,5894.6,100.15326391182316,100.15326391182316
nfcorpus_dense,23,random,4,10,0.23953381775106808,0.25276979430825586,18.0,16.0,48.61538461538461,23248.53846153846,5963.0,100.15326391182316,10.015326391182317
nfcorpus_dense,23,random,4,50,0.23953381775106808,0.25276979430825586,58.0,16.0,51.07692307692308,24214.69230769231,6267.0,100.15326391182316,2.003065278236463
nfcorpus_dense,23,random,4,200,0.23953381775106808,0.25276979430825586,208.0,16.0,60.30769230769231,27837.76923076923,7407.0,100.15326391182316,0.5007663195591158
nfcorpus_dense,23,random,8,1,0.23953381775106808,0.25276979430825586,18.0,16.0,48.06153846153846,23031.153846153848,5894.6,100.15326391182316,100.15326391182316
nfcorpus_dense,23,random,8,10,0.23953381775106808,0.25276979430825586,27.0,16.0,48.61538461538461,23248.53846153846,5963.0,100.15326391182316,10.015326391182317
nfcorpus_dense,23,random,8,50,0.23953381775106808,0.25276979430825586,67.0,16.0,51.07692307692308,24214.69230769231,6267.0,100.15326391182316,2.003065278236463
nfcorpus_dense,23,random,8,200,0.23953381775106808,0.25276979430825586,217.0,16.0,60.30769230769231,27837.76923076923,7407.0,100.15326391182316,0.5007663195591158
nfcorpus_dense,23,random,16,1,0.22580183663593373,0.2512313327697943,35.0,16.0,48.06153846153846,23031.153846153848,5894.6,100.15326391182316,100.15326391182316
nfcorpus_dense,23,random,16,10,0.22580183663593373,0.2512313327697943,44.0,16.0,48.61538461538461,23248.53846153846,5963.0,100.15326391182316,10.015326391182317
nfcorpus_dense,23,random,16,50,0.22580183663593373,0.2512313327697943,84.0,16.0,51.07692307692308,24214.69230769231,6267.0,100.15326391182316,2.003065278236463
nfcorpus_dense,23,random,16,200,0.22580183663593373,0.2512313327697943,234.0,16.0,60.30769230769231,27837.76923076923,7407.0,100.15326391182316,0.5007663195591158
nfcorpus_dense,23,random,32,1,0.22781061552490603,0.26883817037663194,72.0,16.0,48.93846153846154,23368.846153846152,6000.2,100.15326391182316,100.15326391182316
nfcorpus_dense,23,random,32,10,0.22781061552490603,0.26883817037663194,81.0,16.0,57.38461538461539,26625.46153846154,7019.0,100.15326391182316,10.015326391182317
nfcorpus_dense,23,random,32,50,0.22781061552490603,0.26883817037663194,121.0,16.0,94.92307692307692,41099.307692307695,11547.0,100.15326391182316,2.003065278236463
nfcorpus_dense,23,random,32,200,0.22781061552490603,0.26883817037663194,271.0,16.0,235.69230769230768,95376.23076923078,28527.0,100.15326391182316,0.5007663195591158
nfcorpus_dense,23,fixed,0,1,0.22580183663593373,0.2512313327697943,1.0,0.0,0.06153846153846154,24.153846153846153,7.6,0.0,0.0
nfcorpus_dense,23,fixed,0,10,0.22580183663593373,0.2512313327697943,10.0,0.0,0.6153846153846154,241.53846153846155,76.0,0.0,0.0
nfcorpus_dense,23,fixed,0,50,0.22580183663593373,0.2512313327697943,50.0,0.0,3.076923076923077,1207.6923076923076,380.0,0.0,0.0
nfcorpus_dense,23,fixed,0,200,0.22580183663593373,0.2512313327697943,200.0,0.0,12.307692307692308,4830.7692307692305,1520.0,0.0,0.0
nfcorpus_dense,23,fixed,4,1,0.22580183663593373,0.2512313327697943,10.0,16.0,48.06153846153846,23031.153846153848,5894.6,100.15326391182316,100.15326391182316
nfcorpus_dense,23,fixed,4,10,0.22580183663593373,0.2512313327697943,19.0,16.0,48.61538461538461,23248.53846153846,5963.0,100.15326391182316,10.015326391182317
nfcorpus_dense,23,fixed,4,50,0.22580183663593373,0.2512313327697943,59.0,16.0,51.07692307692308,24214.69230769231,6267.0,100.15326391182316,2.003065278236463
nfcorpus_dense,23,fixed,4,200,0.22580183663593373,0.2512313327697943,209.0,16.0,60.30769230769231,27837.76923076923,7407.0,100.15326391182316,0.5007663195591158
nfcorpus_dense,23,fixed,8,1,0.22781061552490603,0.26883817037663194,19.0,16.0,48.93846153846154,23368.846153846152,6000.2,100.15326391182316,100.15326391182316
nfcorpus_dense,23,fixed,8,10,0.22781061552490603,0.26883817037663194,28.0,16.0,57.38461538461539,26625.46153846154,7019.0,100.15326391182316,10.015326391182317
nfcorpus_dense,23,fixed,8,50,0.22781061552490603,0.26883817037663194,68.0,16.0,94.92307692307692,41099.307692307695,11547.0,100.15326391182316,2.003065278236463
nfcorpus_dense,23,fixed,8,200,0.22781061552490603,0.26883817037663194,218.0,16.0,235.69230769230768,95376.23076923078,28527.0,100.15326391182316,0.5007663195591158
nfcorpus_dense,23,fixed,16,1,0.22781061552490603,0.26883817037663194,37.0,16.0,48.93846153846154,23368.846153846152,6000.2,100.15326391182316,100.15326391182316
nfcorpus_dense,23,fixed,16,10,0.22781061552490603,0.26883817037663194,46.0,16.0,57.38461538461539,26625.46153846154,7019.0,100.15326391182316,10.015326391182317
nfcorpus_dense,23,fixed,16,50,0.22781061552490603,0.26883817037663194,86.0,16.0,94.92307692307692,41099.307692307695,11547.0,100.15326391182316,2.003065278236463
nfcorpus_dense,23,fixed,16,200,0.22781061552490603,0.26883817037663194,236.0,16.0,235.69230769230768,95376.23076923078,28527.0,100.15326391182316,0.5007663195591158
nfcorpus_dense,23,fixed,32,1,0.22781061552490603,0.26883817037663194,73.0,16.0,48.93846153846154,23368.846153846152,6000.2,100.15326391182316,100.15326391182316
nfcorpus_dense,23,fixed,32,10,0.22781061552490603,0.26883817037663194,82.0,16.0,57.38461538461539,26625.46153846154,7019.0,100.15326391182316,10.015326391182317
nfcorpus_dense,23,fixed,32,50,0.22781061552490603,0.26883817037663194,122.0,16.0,94.92307692307692,41099.307692307695,11547.0,100.15326391182316,2.003065278236463
nfcorpus_dense,23,fixed,32,200,0.22781061552490603,0.26883817037663194,272.0,16.0,235.69230769230768,95376.23076923078,28527.0,100.15326391182316,0.5007663195591158
nfcorpus_dense,23,information_gain,0,1,0.22580183663593373,0.2512313327697943,1.0,0.0,0.06153846153846154,24.153846153846153,7.6,0.0,0.0
nfcorpus_dense,23,information_gain,0,10,0.22580183663593373,0.2512313327697943,10.0,0.0,0.6153846153846154,241.53846153846155,76.0,0.0,0.0
nfcorpus_dense,23,information_gain,0,50,0.22580183663593373,0.2512313327697943,50.0,0.0,3.076923076923077,1207.6923076923076,380.0,0.0,0.0
nfcorpus_dense,23,information_gain,0,200,0.22580183663593373,0.2512313327697943,200.0,0.0,12.307692307692308,4830.7692307692305,1520.0,0.0,0.0
nfcorpus_dense,23,information_gain,4,1,0.22580183663593373,0.2512313327697943,9.0,16.0,48.06153846153846,23031.153846153848,5894.6,100.15326391182316,100.15326391182316
nfcorpus_dense,23,information_gain,4,10,0.22580183663593373,0.2512313327697943,18.0,16.0,48.61538461538461,23248.53846153846,5963.0,100.15326391182316,10.015326391182317
nfcorpus_dense,23,information_gain,4,50,0.22580183663593373,0.2512313327697943,58.0,16.0,51.07692307692308,24214.69230769231,6267.0,100.15326391182316,2.003065278236463
nfcorpus_dense,23,information_gain,4,200,0.22580183663593373,0.2512313327697943,208.0,16.0,60.30769230769231,27837.76923076923,7407.0,100.15326391182316,0.5007663195591158
nfcorpus_dense,23,information_gain,8,1,0.22772374702134163,0.26883817037663194,17.0,16.0,48.93846153846154,23368.846153846152,6000.2,100.15326391182316,100.15326391182316
nfcorpus_dense,23,information_gain,8,10,0.22772374702134163,0.26883817037663194,26.0,16.0,57.38461538461539,26625.46153846154,7019.0,100.15326391182316,10.015326391182317
nfcorpus_dense,23,information_gain,8,50,0.22772374702134163,0.26883817037663194,66.0,16.0,94.92307692307692,41099.307692307695,11547.0,100.15326391182316,2.003065278236463
nfcorpus_dense,23,information_gain,8,200,0.22772374702134163,0.26883817037663194,216.0,16.0,235.69230769230768,95376.23076923078,28527.0,100.15326391182316,0.5007663195591158
nfcorpus_dense,23,information_gain,16,1,0.23953381775106808,0.25276979430825586,33.0,16.0,48.06153846153846,23031.153846153848,5894.6,100.15326391182316,100.15326391182316
nfcorpus_dense,23,information_gain,16,10,0.23953381775106808,0.25276979430825586,42.0,16.0,48.61538461538461,23248.53846153846,5963.0,100.15326391182316,10.015326391182317
nfcorpus_dense,23,information_gain,16,50,0.23953381775106808,0.25276979430825586,82.0,16.0,51.07692307692308,24214.69230769231,6267.0,100.15326391182316,2.003065278236463
nfcorpus_dense,23,information_gain,16,200,0.23953381775106808,0.25276979430825586,232.0,16.0,60.30769230769231,27837.76923076923,7407.0,100.15326391182316,0.5007663195591158
nfcorpus_dense,23,information_gain,32,1,0.23953381775106808,0.25276979430825586,65.0,16.0,48.06153846153846,23031.153846153848,5894.6,100.15326391182316,100.15326391182316
nfcorpus_dense,23,information_gain,32,10,0.23953381775106808,0.25276979430825586,74.0,16.0,48.61538461538461,23248.53846153846,5963.0,100.15326391182316,10.015326391182317
nfcorpus_dense,23,information_gain,32,50,0.23953381775106808,0.25276979430825586,114.0,16.0,51.07692307692308,24214.69230769231,6267.0,100.15326391182316,2.003065278236463
nfcorpus_dense,23,information_gain,32,200,0.23953381775106808,0.25276979430825586,264.0,16.0,60.30769230769231,27837.76923076923,7407.0,100.15326391182316,0.5007663195591158
nfcorpus_dense,23,decision_value,0,1,0.22580183663593373,0.2512313327697943,1.0,0.0,0.06153846153846154,24.153846153846153,7.6,0.0,0.0
nfcorpus_dense,23,decision_value,0,10,0.22580183663593373,0.2512313327697943,10.0,0.0,0.6153846153846154,241.53846153846155,76.0,0.0,0.0
nfcorpus_dense,23,decision_value,0,50,0.22580183663593373,0.2512313327697943,50.0,0.0,3.076923076923077,1207.6923076923076,380.0,0.0,0.0
nfcorpus_dense,23,decision_value,0,200,0.22580183663593373,0.2512313327697943,200.0,0.0,12.307692307692308,4830.7692307692305,1520.0,0.0,0.0
nfcorpus_dense,23,decision_value,4,1,0.22580183663593373,0.2512313327697943,9.0,16.0,48.06153846153846,23031.153846153848,5894.6,100.15326391182316,100.15326391182316
nfcorpus_dense,23,decision_value,4,10,0.22580183663593373,0.2512313327697943,18.0,16.0,48.61538461538461,23248.53846153846,5963.0,100.15326391182316,10.015326391182317
nfcorpus_dense,23,decision_value,4,50,0.22580183663593373,0.2512313327697943,58.0,16.0,51.07692307692308,24214.69230769231,6267.0,100.15326391182316,2.003065278236463
nfcorpus_dense,23,decision_value,4,200,0.22580183663593373,0.2512313327697943,208.0,16.0,60.30769230769231,27837.76923076923,7407.0,100.15326391182316,0.5007663195591158
nfcorpus_dense,23,decision_value,8,1,0.22772374702134163,0.26883817037663194,17.0,16.0,48.93846153846154,23368.846153846152,6000.2,100.15326391182316,100.15326391182316
nfcorpus_dense,23,decision_value,8,10,0.22772374702134163,0.26883817037663194,26.0,16.0,57.38461538461539,26625.46153846154,7019.0,100.15326391182316,10.015326391182317
nfcorpus_dense,23,decision_value,8,50,0.22772374702134163,0.26883817037663194,66.0,16.0,94.92307692307692,41099.307692307695,11547.0,100.15326391182316,2.003065278236463
nfcorpus_dense,23,decision_value,8,200,0.22772374702134163,0.26883817037663194,216.0,16.0,235.69230769230768,95376.23076923078,28527.0,100.15326391182316,0.5007663195591158
nfcorpus_dense,23,decision_value,16,1,0.23953381775106808,0.25276979430825586,33.0,16.0,48.06153846153846,23031.153846153848,5894.6,100.15326391182316,100.15326391182316
nfcorpus_dense,23,decision_value,16,10,0.23953381775106808,0.25276979430825586,42.0,16.0,48.61538461538461,23248.53846153846,5963.0,100.15326391182316,10.015326391182317
nfcorpus_dense,23,decision_value,16,50,0.23953381775106808,0.25276979430825586,82.0,16.0,51.07692307692308,24214.69230769231,6267.0,100.15326391182316,2.003065278236463
nfcorpus_dense,23,decision_value,16,200,0.23953381775106808,0.25276979430825586,232.0,16.0,60.30769230769231,27837.76923076923,7407.0,100.15326391182316,0.5007663195591158
nfcorpus_dense,23,decision_value,32,1,0.23953381775106808,0.25276979430825586,65.0,16.0,48.06153846153846,23031.153846153848,5894.6,100.15326391182316,100.15326391182316
nfcorpus_dense,23,decision_value,32,10,0.23953381775106808,0.25276979430825586,74.0,16.0,48.61538461538461,23248.53846153846,5963.0,100.15326391182316,10.015326391182317
nfcorpus_dense,23,decision_value,32,50,0.23953381775106808,0.25276979430825586,114.0,16.0,51.07692307692308,24214.69230769231,6267.0,100.15326391182316,2.003065278236463
nfcorpus_dense,23,decision_value,32,200,0.23953381775106808,0.25276979430825586,264.0,16.0,60.30769230769231,27837.76923076923,7407.0,100.15326391182316,0.5007663195591158
nfcorpus_dense,47,random,0,1,0.22580183663593373,0.2512313327697943,1.0,0.0,0.06153846153846154,24.153846153846153,7.6,0.0,0.0
nfcorpus_dense,47,random,0,10,0.22580183663593373,0.2512313327697943,10.0,0.0,0.6153846153846154,241.53846153846155,76.0,0.0,0.0
nfcorpus_dense,47,random,0,50,0.22580183663593373,0.2512313327697943,50.0,0.0,3.076923076923077,1207.6923076923076,380.0,0.0,0.0
nfcorpus_dense,47,random,0,200,0.22580183663593373,0.2512313327697943,200.0,0.0,12.307692307692308,4830.7692307692305,1520.0,0.0,0.0
nfcorpus_dense,47,random,4,1,0.22781061552490603,0.26883817037663194,11.0,16.0,48.93846153846154,24394.846153846152,5963.2,96.14452316188545,96.14452316188545
nfcorpus_dense,47,random,4,10,0.22781061552490603,0.26883817037663194,20.0,16.0,57.38461538461539,27651.46153846154,6982.0,96.14452316188545,9.614452316188544
nfcorpus_dense,47,random,4,50,0.22781061552490603,0.26883817037663194,60.0,16.0,94.92307692307692,42125.307692307695,11510.0,96.14452316188545,1.9228904632377088
nfcorpus_dense,47,random,4,200,0.22781061552490603,0.26883817037663194,210.0,16.0,235.69230769230768,96402.23076923078,28490.0,96.14452316188545,0.4807226158094272
nfcorpus_dense,47,random,8,1,0.22772374702134163,0.26883817037663194,19.0,16.0,48.93846153846154,24394.846153846152,5963.2,96.14452316188545,96.14452316188545
nfcorpus_dense,47,random,8,10,0.22772374702134163,0.26883817037663194,28.0,16.0,57.38461538461539,27651.46153846154,6982.0,96.14452316188545,9.614452316188544
nfcorpus_dense,47,random,8,50,0.22772374702134163,0.26883817037663194,68.0,16.0,94.92307692307692,42125.307692307695,11510.0,96.14452316188545,1.9228904632377088
nfcorpus_dense,47,random,8,200,0.22772374702134163,0.26883817037663194,218.0,16.0,235.69230769230768,96402.23076923078,28490.0,96.14452316188545,0.4807226158094272
nfcorpus_dense,47,random,16,1,0.22772374702134163,0.26883817037663194,36.0,16.0,48.93846153846154,24394.846153846152,5963.2,96.14452316188545,96.14452316188545
nfcorpus_dense,47,random,16,10,0.22772374702134163,0.26883817037663194,45.0,16.0,57.38461538461539,27651.46153846154,6982.0,96.14452316188545,9.614452316188544
nfcorpus_dense,47,random,16,50,0.22772374702134163,0.26883817037663194,85.0,16.0,94.92307692307692,42125.307692307695,11510.0,96.14452316188545,1.9228904632377088
nfcorpus_dense,47,random,16,200,0.22772374702134163,0.26883817037663194,235.0,16.0,235.69230769230768,96402.23076923078,28490.0,96.14452316188545,0.4807226158094272
nfcorpus_dense,47,random,32,1,0.22772374702134163,0.26883817037663194,72.0,16.0,48.93846153846154,24394.846153846152,5963.2,96.14452316188545,96.14452316188545
nfcorpus_dense,47,random,32,10,0.22772374702134163,0.26883817037663194,81.0,16.0,57.38461538461539,27651.46153846154,6982.0,96.14452316188545,9.614452316188544
nfcorpus_dense,47,random,32,50,0.22772374702134163,0.26883817037663194,121.0,16.0,94.92307692307692,42125.307692307695,11510.0,96.14452316188545,1.9228904632377088
nfcorpus_dense,47,random,32,200,0.22772374702134163,0.26883817037663194,271.0,16.0,235.69230769230768,96402.23076923078,28490.0,96.14452316188545,0.4807226158094272
nfcorpus_dense,47,fixed,0,1,0.22580183663593373,0.2512313327697943,1.0,0.0,0.06153846153846154,24.153846153846153,7.6,0.0,0.0
nfcorpus_dense,47,fixed,0,10,0.22580183663593373,0.2512313327697943,10.0,0.0,0.6153846153846154,241.53846153846155,76.0,0.0,0.0
nfcorpus_dense,47,fixed,0,50,0.22580183663593373,0.2512313327697943,50.0,0.0,3.076923076923077,1207.6923076923076,380.0,0.0,0.0
nfcorpus_dense,47,fixed,0,200,0.22580183663593373,0.2512313327697943,200.0,0.0,12.307692307692308,4830.7692307692305,1520.0,0.0,0.0
nfcorpus_dense,47,fixed,4,1,0.22580183663593373,0.2512313327697943,10.0,16.0,48.06153846153846,24057.153846153848,5857.6,96.14452316188545,96.14452316188545
nfcorpus_dense,47,fixed,4,10,0.22580183663593373,0.2512313327697943,19.0,16.0,48.61538461538461,24274.53846153846,5926.0,96.14452316188545,9.614452316188544
nfcorpus_dense,47,fixed,4,50,0.22580183663593373,0.2512313327697943,59.0,16.0,51.07692307692308,25240.69230769231,6230.0,96.14452316188545,1.9228904632377088
nfcorpus_dense,47,fixed,4,200,0.22580183663593373,0.2512313327697943,209.0,16.0,60.30769230769231,28863.76923076923,7370.0,96.14452316188545,0.4807226158094272
nfcorpus_dense,47,fixed,8,1,0.22781061552490603,0.26883817037663194,19.0,16.0,48.93846153846154,24394.846153846152,5963.2,96.14452316188545,96.14452316188545
nfcorpus_dense,47,fixed,8,10,0.22781061552490603,0.26883817037663194,28.0,16.0,57.38461538461539,27651.46153846154,6982.0,96.14452316188545,9.614452316188544
nfcorpus_dense,47,fixed,8,50,0.22781061552490603,0.26883817037663194,68.0,16.0,94.92307692307692,42125.307692307695,11510.0,96.14452316188545,1.9228904632377088
nfcorpus_dense,47,fixed,8,200,0.22781061552490603,0.26883817037663194,218.0,16.0,235.69230769230768,96402.23076923078,28490.0,96.14452316188545,0.4807226158094272
nfcorpus_dense,47,fixed,16,1,0.23953381775106808,0.25276979430825586,37.0,16.0,48.06153846153846,24057.153846153848,5857.6,96.14452316188545,96.14452316188545
nfcorpus_dense,47,fixed,16,10,0.23953381775106808,0.25276979430825586,46.0,16.0,48.61538461538461,24274.53846153846,5926.0,96.14452316188545,9.614452316188544
nfcorpus_dense,47,fixed,16,50,0.23953381775106808,0.25276979430825586,86.0,16.0,51.07692307692308,25240.69230769231,6230.0,96.14452316188545,1.9228904632377088
nfcorpus_dense,47,fixed,16,200,0.23953381775106808,0.25276979430825586,236.0,16.0,60.30769230769231,28863.76923076923,7370.0,96.14452316188545,0.4807226158094272
nfcorpus_dense,47,fixed,32,1,0.23953381775106808,0.25276979430825586,73.0,16.0,48.06153846153846,24057.153846153848,5857.6,96.14452316188545,96.14452316188545
nfcorpus_dense,47,fixed,32,10,0.23953381775106808,0.25276979430825586,82.0,16.0,48.61538461538461,24274.53846153846,5926.0,96.14452316188545,9.614452316188544
nfcorpus_dense,47,fixed,32,50,0.23953381775106808,0.25276979430825586,122.0,16.0,51.07692307692308,25240.69230769231,6230.0,96.14452316188545,1.9228904632377088
nfcorpus_dense,47,fixed,32,200,0.23953381775106808,0.25276979430825586,272.0,16.0,60.30769230769231,28863.76923076923,7370.0,96.14452316188545,0.4807226158094272
nfcorpus_dense,47,information_gain,0,1,0.22580183663593373,0.2512313327697943,1.0,0.0,0.06153846153846154,24.153846153846153,7.6,0.0,0.0
nfcorpus_dense,47,information_gain,0,10,0.22580183663593373,0.2512313327697943,10.0,0.0,0.6153846153846154,241.53846153846155,76.0,0.0,0.0
nfcorpus_dense,47,information_gain,0,50,0.22580183663593373,0.2512313327697943,50.0,0.0,3.076923076923077,1207.6923076923076,380.0,0.0,0.0
nfcorpus_dense,47,information_gain,0,200,0.22580183663593373,0.2512313327697943,200.0,0.0,12.307692307692308,4830.7692307692305,1520.0,0.0,0.0
nfcorpus_dense,47,information_gain,4,1,0.22772374702134163,0.26883817037663194,9.0,16.0,48.93846153846154,24394.846153846152,5963.2,96.14452316188545,96.14452316188545
nfcorpus_dense,47,information_gain,4,10,0.22772374702134163,0.26883817037663194,18.0,16.0,57.38461538461539,27651.46153846154,6982.0,96.14452316188545,9.614452316188544
nfcorpus_dense,47,information_gain,4,50,0.22772374702134163,0.26883817037663194,58.0,16.0,94.92307692307692,42125.307692307695,11510.0,96.14452316188545,1.9228904632377088
nfcorpus_dense,47,information_gain,4,200,0.22772374702134163,0.26883817037663194,208.0,16.0,235.69230769230768,96402.23076923078,28490.0,96.14452316188545,0.4807226158094272
nfcorpus_dense,47,information_gain,8,1,0.22772374702134163,0.26883817037663194,17.0,16.0,48.93846153846154,24394.846153846152,5963.2,96.14452316188545,96.14452316188545
nfcorpus_dense,47,information_gain,8,10,0.22772374702134163,0.26883817037663194,26.0,16.0,57.38461538461539,27651.46153846154,6982.0,96.14452316188545,9.614452316188544
nfcorpus_dense,47,information_gain,8,50,0.22772374702134163,0.26883817037663194,66.0,16.0,94.92307692307692,42125.307692307695,11510.0,96.14452316188545,1.9228904632377088
nfcorpus_dense,47,information_gain,8,200,0.22772374702134163,0.26883817037663194,216.0,16.0,235.69230769230768,96402.23076923078,28490.0,96.14452316188545,0.4807226158094272
nfcorpus_dense,47,information_gain,16,1,0.23953381775106808,0.25276979430825586,33.0,16.0,48.06153846153846,24057.153846153848,5857.6,96.14452316188545,96.14452316188545
nfcorpus_dense,47,information_gain,16,10,0.23953381775106808,0.25276979430825586,42.0,16.0,48.61538461538461,24274.53846153846,5926.0,96.14452316188545,9.614452316188544
nfcorpus_dense,47,information_gain,16,50,0.23953381775106808,0.25276979430825586,82.0,16.0,51.07692307692308,25240.69230769231,6230.0,96.14452316188545,1.9228904632377088
nfcorpus_dense,47,information_gain,16,200,0.23953381775106808,0.25276979430825586,232.0,16.0,60.30769230769231,28863.76923076923,7370.0,96.14452316188545,0.4807226158094272
nfcorpus_dense,47,information_gain,32,1,0.23953381775106808,0.25276979430825586,65.0,16.0,48.06153846153846,24057.153846153848,5857.6,96.14452316188545,96.14452316188545
nfcorpus_dense,47,information_gain,32,10,0.23953381775106808,0.25276979430825586,74.0,16.0,48.61538461538461,24274.53846153846,5926.0,96.14452316188545,9.614452316188544
nfcorpus_dense,47,information_gain,32,50,0.23953381775106808,0.25276979430825586,114.0,16.0,51.07692307692308,25240.69230769231,6230.0,96.14452316188545,1.9228904632377088
nfcorpus_dense,47,information_gain,32,200,0.23953381775106808,0.25276979430825586,264.0,16.0,60.30769230769231,28863.76923076923,7370.0,96.14452316188545,0.4807226158094272
nfcorpus_dense,47,decision_value,0,1,0.22580183663593373,0.2512313327697943,1.0,0.0,0.06153846153846154,24.153846153846153,7.6,0.0,0.0
nfcorpus_dense,47,decision_value,0,10,0.22580183663593373,0.2512313327697943,10.0,0.0,0.6153846153846154,241.53846153846155,76.0,0.0,0.0
nfcorpus_dense,47,decision_value,0,50,0.22580183663593373,0.2512313327697943,50.0,0.0,3.076923076923077,1207.6923076923076,380.0,0.0,0.0
nfcorpus_dense,47,decision_value,0,200,0.22580183663593373,0.2512313327697943,200.0,0.0,12.307692307692308,4830.7692307692305,1520.0,0.0,0.0
nfcorpus_dense,47,decision_value,4,1,0.22772374702134163,0.26883817037663194,9.0,16.0,48.93846153846154,24394.846153846152,5963.2,96.14452316188545,96.14452316188545
nfcorpus_dense,47,decision_value,4,10,0.22772374702134163,0.26883817037663194,18.0,16.0,57.38461538461539,27651.46153846154,6982.0,96.14452316188545,9.614452316188544
nfcorpus_dense,47,decision_value,4,50,0.22772374702134163,0.26883817037663194,58.0,16.0,94.92307692307692,42125.307692307695,11510.0,96.14452316188545,1.9228904632377088
nfcorpus_dense,47,decision_value,4,200,0.22772374702134163,0.26883817037663194,208.0,16.0,235.69230769230768,96402.23076923078,28490.0,96.14452316188545,0.4807226158094272
nfcorpus_dense,47,decision_value,8,1,0.22772374702134163,0.26883817037663194,17.0,16.0,48.93846153846154,24394.846153846152,5963.2,96.14452316188545,96.14452316188545
nfcorpus_dense,47,decision_value,8,10,0.22772374702134163,0.26883817037663194,26.0,16.0,57.38461538461539,27651.46153846154,6982.0,96.14452316188545,9.614452316188544
nfcorpus_dense,47,decision_value,8,50,0.22772374702134163,0.26883817037663194,66.0,16.0,94.92307692307692,42125.307692307695,11510.0,96.14452316188545,1.9228904632377088
nfcorpus_dense,47,decision_value,8,200,0.22772374702134163,0.26883817037663194,216.0,16.0,235.69230769230768,96402.23076923078,28490.0,96.14452316188545,0.4807226158094272
nfcorpus_dense,47,decision_value,16,1,0.23953381775106808,0.25276979430825586,33.0,16.0,48.06153846153846,24057.153846153848,5857.6,96.14452316188545,96.14452316188545
nfcorpus_dense,47,decision_value,16,10,0.23953381775106808,0.25276979430825586,42.0,16.0,48.61538461538461,24274.53846153846,5926.0,96.14452316188545,9.614452316188544
nfcorpus_dense,47,decision_value,16,50,0.23953381775106808,0.25276979430825586,82.0,16.0,51.07692307692308,25240.69230769231,6230.0,96.14452316188545,1.9228904632377088
nfcorpus_dense,47,decision_value,16,200,0.23953381775106808,0.25276979430825586,232.0,16.0,60.30769230769231,28863.76923076923,7370.0,96.14452316188545,0.4807226158094272
nfcorpus_dense,47,decision_value,32,1,0.23953381775106808,0.25276979430825586,68.0,16.0,48.06153846153846,24057.153846153848,5857.6,96.14452316188545,96.14452316188545
nfcorpus_dense,47,decision_value,32,10,0.23953381775106808,0.25276979430825586,77.0,16.0,48.61538461538461,24274.53846153846,5926.0,96.14452316188545,9.614452316188544
nfcorpus_dense,47,decision_value,32,50,0.23953381775106808,0.25276979430825586,117.0,16.0,51.07692307692308,25240.69230769231,6230.0,96.14452316188545,1.9228904632377088
nfcorpus_dense,47,decision_value,32,200,0.23953381775106808,0.25276979430825586,267.0,16.0,60.30769230769231,28863.76923076923,7370.0,96.14452316188545,0.4807226158094272
scifact_bm25,11,random,0,1,0.622951300930672,0.7477777777777778,1.0,0.0,0.14,55.12,18.28,0.0,0.0
scifact_bm25,11,random,0,10,0.622951300930672,0.7477777777777778,10.0,0.0,1.4000000000000001,551.1999999999999,182.8,0.0,0.0
scifact_bm25,11,random,0,50,0.622951300930672,0.7477777777777778,50.0,0.0,7.000000000000001,2756.0,914.0,0.0,0.0
scifact_bm25,11,random,0,200,0.622951300930672,0.7477777777777778,200.0,0.0,28.000000000000004,11024.0,3656.0,0.0,0.0
scifact_bm25,11,random,4,1,0.6244524667405371,0.7477777777777778,9.0,16.0,48.14,23546.12,6078.28,76.11252064608561,76.11252064608561
scifact_bm25,11,random,4,10,0.6244524667405371,0.7477777777777778,18.0,16.0,49.4,24042.2,6242.8,76.11252064608561,7.6112520646085615
scifact_bm25,11,random,4,50,0.6244524667405371,0.7477777777777778,58.0,16.0,55.0,26247.0,6974.0,76.11252064608561,1.5222504129217123
scifact_bm25,11,random,4,200,0.6244524667405371,0.7477777777777778,208.0,16.0,76.0,34515.0,9716.0,76.11252064608561,0.38056260323042806
scifact_bm25,11,random,8,1,0.6244524667405371,0.7477777777777778,17.0,16.0,48.14,23546.12,6078.28,76.11252064608561,76.11252064608561
scifact_bm25,11,random,8,10,0.6244524667405371,0.7477777777777778,26.0,16.0,49.4,24042.2,6242.8,76.11252064608561,7.6112520646085615
scifact_bm25,11,random,8,50,0.6244524667405371,0.7477777777777778,66.0,16.0,55.0,26247.0,6974.0,76.11252064608561,1.5222504129217123
scifact_bm25,11,random,8,200,0.6244524667405371,0.7477777777777778,216.0,16.0,76.0,34515.0,9716.0,76.11252064608561,0.38056260323042806
scifact_bm25,11,random,16,1,0.611173045658828,0.7344444444444445,36.0,16.0,48.14,23546.12,6078.28,76.11252064608561,76.11252064608561
scifact_bm25,11,random,16,10,0.611173045658828,0.7344444444444445,45.0,16.0,49.4,24042.2,6242.8,76.11252064608561,7.6112520646085615
scifact_bm25,11,random,16,50,0.611173045658828,0.7344444444444445,85.0,16.0,55.0,26247.0,6974.0,76.11252064608561,1.5222504129217123
scifact_bm25,11,random,16,200,0.611173045658828,0.7344444444444445,235.0,16.0,76.0,34515.0,9716.0,76.11252064608561,0.38056260323042806
scifact_bm25,11,random,32,1,0.611173045658828,0.7344444444444445,74.0,16.0,48.14,23546.12,6078.28,76.11252064608561,76.11252064608561
scifact_bm25,11,random,32,10,0.611173045658828,0.7344444444444445,83.0,16.0,49.4,24042.2,6242.8,76.11252064608561,7.6112520646085615
scifact_bm25,11,random,32,50,0.611173045658828,0.7344444444444445,123.0,16.0,55.0,26247.0,6974.0,76.11252064608561,1.5222504129217123
scifact_bm25,11,random,32,200,0.611173045658828,0.7344444444444445,273.0,16.0,76.0,34515.0,9716.0,76.11252064608561,0.38056260323042806
scifact_bm25,11,fixed,0,1,0.622951300930672,0.7477777777777778,1.0,0.0,0.14,55.12,18.28,0.0,0.0
scifact_bm25,11,fixed,0,10,0.622951300930672,0.7477777777777778,10.0,0.0,1.4000000000000001,551.1999999999999,182.8,0.0,0.0
scifact_bm25,11,fixed,0,50,0.622951300930672,0.7477777777777778,50.0,0.0,7.000000000000001,2756.0,914.0,0.0,0.0
scifact_bm25,11,fixed,0,200,0.622951300930672,0.7477777777777778,200.0,0.0,28.000000000000004,11024.0,3656.0,0.0,0.0
scifact_bm25,11,fixed,4,1,0.6244524667405371,0.7477777777777778,10.0,16.0,48.14,23546.12,6078.28,76.11252064608561,76.11252064608561
scifact_bm25,11,fixed,4,10,0.6244524667405371,0.7477777777777778,19.0,16.0,49.4,24042.2,6242.8,76.11252064608561,7.6112520646085615
scifact_bm25,11,fixed,4,50,0.6244524667405371,0.7477777777777778,59.0,16.0,55.0,26247.0,6974.0,76.11252064608561,1.5222504129217123
scifact_bm25,11,fixed,4,200,0.6244524667405371,0.7477777777777778,209.0,16.0,76.0,34515.0,9716.0,76.11252064608561,0.38056260323042806
scifact_bm25,11,fixed,8,1,0.622951300930672,0.7477777777777778,19.0,16.0,48.14,23546.12,6078.28,76.11252064608561,76.11252064608561
scifact_bm25,11,fixed,8,10,0.622951300930672,0.7477777777777778,28.0,16.0,49.4,24042.2,6242.8,76.11252064608561,7.6112520646085615
scifact_bm25,11,fixed,8,50,0.622951300930672,0.7477777777777778,68.0,16.0,55.0,26247.0,6974.0,76.11252064608561,1.5222504129217123
scifact_bm25,11,fixed,8,200,0.622951300930672,0.7477777777777778,218.0,16.0,76.0,34515.0,9716.0,76.11252064608561,0.38056260323042806
scifact_bm25,11,fixed,16,1,0.6244524667405371,0.7477777777777778,37.0,16.0,48.14,23546.12,6078.28,76.11252064608561,76.11252064608561
scifact_bm25,11,fixed,16,10,0.6244524667405371,0.7477777777777778,46.0,16.0,49.4,24042.2,6242.8,76.11252064608561,7.6112520646085615
scifact_bm25,11,fixed,16,50,0.6244524667405371,0.7477777777777778,86.0,16.0,55.0,26247.0,6974.0,76.11252064608561,1.5222504129217123
scifact_bm25,11,fixed,16,200,0.6244524667405371,0.7477777777777778,236.0,16.0,76.0,34515.0,9716.0,76.11252064608561,0.38056260323042806
scifact_bm25,11,fixed,32,1,0.611173045658828,0.7344444444444445,73.0,16.0,48.14,23546.12,6078.28,76.11252064608561,76.11252064608561
scifact_bm25,11,fixed,32,10,0.611173045658828,0.7344444444444445,82.0,16.0,49.4,24042.2,6242.8,76.11252064608561,7.6112520646085615
scifact_bm25,11,fixed,32,50,0.611173045658828,0.7344444444444445,122.0,16.0,55.0,26247.0,6974.0,76.11252064608561,1.5222504129217123
scifact_bm25,11,fixed,32,200,0.611173045658828,0.7344444444444445,272.0,16.0,76.0,34515.0,9716.0,76.11252064608561,0.38056260323042806
scifact_bm25,11,information_gain,0,1,0.622951300930672,0.7477777777777778,1.0,0.0,0.14,55.12,18.28,0.0,0.0
scifact_bm25,11,information_gain,0,10,0.622951300930672,0.7477777777777778,10.0,0.0,1.4000000000000001,551.1999999999999,182.8,0.0,0.0
scifact_bm25,11,information_gain,0,50,0.622951300930672,0.7477777777777778,50.0,0.0,7.000000000000001,2756.0,914.0,0.0,0.0
scifact_bm25,11,information_gain,0,200,0.622951300930672,0.7477777777777778,200.0,0.0,28.000000000000004,11024.0,3656.0,0.0,0.0
scifact_bm25,11,information_gain,4,1,0.611173045658828,0.7344444444444445,9.0,16.0,48.14,23546.12,6078.28,76.11252064608561,76.11252064608561
scifact_bm25,11,information_gain,4,10,0.611173045658828,0.7344444444444445,18.0,16.0,49.4,24042.2,6242.8,76.11252064608561,7.6112520646085615
scifact_bm25,11,information_gain,4,50,0.611173045658828,0.7344444444444445,58.0,16.0,55.0,26247.0,6974.0,76.11252064608561,1.5222504129217123
scifact_bm25,11,information_gain,4,200,0.611173045658828,0.7344444444444445,208.0,16.0,76.0,34515.0,9716.0,76.11252064608561,0.38056260323042806
scifact_bm25,11,information_gain,8,1,0.611173045658828,0.7344444444444445,17.0,16.0,48.14,23546.12,6078.28,76.11252064608561,76.11252064608561
scifact_bm25,11,information_gain,8,10,0.611173045658828,0.7344444444444445,26.0,16.0,49.4,24042.2,6242.8,76.11252064608561,7.6112520646085615
scifact_bm25,11,information_gain,8,50,0.611173045658828,0.7344444444444445,66.0,16.0,55.0,26247.0,6974.0,76.11252064608561,1.5222504129217123
scifact_bm25,11,information_gain,8,200,0.611173045658828,0.7344444444444445,216.0,16.0,76.0,34515.0,9716.0,76.11252064608561,0.38056260323042806
scifact_bm25,11,information_gain,16,1,0.611173045658828,0.7344444444444445,35.0,16.0,48.14,23546.12,6078.28,76.11252064608561,76.11252064608561
scifact_bm25,11,information_gain,16,10,0.611173045658828,0.7344444444444445,44.0,16.0,49.4,24042.2,6242.8,76.11252064608561,7.6112520646085615
scifact_bm25,11,information_gain,16,50,0.611173045658828,0.7344444444444445,84.0,16.0,55.0,26247.0,6974.0,76.11252064608561,1.5222504129217123
scifact_bm25,11,information_gain,16,200,0.611173045658828,0.7344444444444445,234.0,16.0,76.0,34515.0,9716.0,76.11252064608561,0.38056260323042806
scifact_bm25,11,information_gain,32,1,0.611173045658828,0.7344444444444445,81.0,16.0,48.14,23546.12,6078.28,76.11252064608561,76.11252064608561
scifact_bm25,11,information_gain,32,10,0.611173045658828,0.7344444444444445,90.0,16.0,49.4,24042.2,6242.8,76.11252064608561,7.6112520646085615
scifact_bm25,11,information_gain,32,50,0.611173045658828,0.7344444444444445,130.0,16.0,55.0,26247.0,6974.0,76.11252064608561,1.5222504129217123
scifact_bm25,11,information_gain,32,200,0.611173045658828,0.7344444444444445,280.0,16.0,76.0,34515.0,9716.0,76.11252064608561,0.38056260323042806
scifact_bm25,11,decision_value,0,1,0.622951300930672,0.7477777777777778,1.0,0.0,0.14,55.12,18.28,0.0,0.0
scifact_bm25,11,decision_value,0,10,0.622951300930672,0.7477777777777778,10.0,0.0,1.4000000000000001,551.1999999999999,182.8,0.0,0.0
scifact_bm25,11,decision_value,0,50,0.622951300930672,0.7477777777777778,50.0,0.0,7.000000000000001,2756.0,914.0,0.0,0.0
scifact_bm25,11,decision_value,0,200,0.622951300930672,0.7477777777777778,200.0,0.0,28.000000000000004,11024.0,3656.0,0.0,0.0
scifact_bm25,11,decision_value,4,1,0.611173045658828,0.7344444444444445,9.0,16.0,48.14,23546.12,6078.28,76.11252064608561,76.11252064608561
scifact_bm25,11,decision_value,4,10,0.611173045658828,0.7344444444444445,18.0,16.0,49.4,24042.2,6242.8,76.11252064608561,7.6112520646085615
scifact_bm25,11,decision_value,4,50,0.611173045658828,0.7344444444444445,58.0,16.0,55.0,26247.0,6974.0,76.11252064608561,1.5222504129217123
scifact_bm25,11,decision_value,4,200,0.611173045658828,0.7344444444444445,208.0,16.0,76.0,34515.0,9716.0,76.11252064608561,0.38056260323042806
scifact_bm25,11,decision_value,8,1,0.611173045658828,0.7344444444444445,17.0,16.0,48.14,23546.12,6078.28,76.11252064608561,76.11252064608561
scifact_bm25,11,decision_value,8,10,0.611173045658828,0.7344444444444445,26.0,16.0,49.4,24042.2,6242.8,76.11252064608561,7.6112520646085615
scifact_bm25,11,decision_value,8,50,0.611173045658828,0.7344444444444445,66.0,16.0,55.0,26247.0,6974.0,76.11252064608561,1.5222504129217123
scifact_bm25,11,decision_value,8,200,0.611173045658828,0.7344444444444445,216.0,16.0,76.0,34515.0,9716.0,76.11252064608561,0.38056260323042806
scifact_bm25,11,decision_value,16,1,0.611173045658828,0.7344444444444445,35.0,16.0,48.14,23546.12,6078.28,76.11252064608561,76.11252064608561
scifact_bm25,11,decision_value,16,10,0.611173045658828,0.7344444444444445,44.0,16.0,49.4,24042.2,6242.8,76.11252064608561,7.6112520646085615
scifact_bm25,11,decision_value,16,50,0.611173045658828,0.7344444444444445,84.0,16.0,55.0,26247.0,6974.0,76.11252064608561,1.5222504129217123
scifact_bm25,11,decision_value,16,200,0.611173045658828,0.7344444444444445,234.0,16.0,76.0,34515.0,9716.0,76.11252064608561,0.38056260323042806
scifact_bm25,11,decision_value,32,1,0.611173045658828,0.7344444444444445,80.0,16.0,48.14,23546.12,6078.28,76.11252064608561,76.11252064608561
scifact_bm25,11,decision_value,32,10,0.611173045658828,0.7344444444444445,89.0,16.0,49.4,24042.2,6242.8,76.11252064608561,7.6112520646085615
scifact_bm25,11,decision_value,32,50,0.611173045658828,0.7344444444444445,129.0,16.0,55.0,26247.0,6974.0,76.11252064608561,1.5222504129217123
scifact_bm25,11,decision_value,32,200,0.611173045658828,0.7344444444444445,279.0,16.0,76.0,34515.0,9716.0,76.11252064608561,0.38056260323042806
scifact_bm25,23,random,0,1,0.622951300930672,0.7477777777777778,1.0,0.0,0.14,55.12,18.28,0.0,0.0
scifact_bm25,23,random,0,10,0.622951300930672,0.7477777777777778,10.0,0.0,1.4000000000000001,551.1999999999999,182.8,0.0,0.0
scifact_bm25,23,random,0,50,0.622951300930672,0.7477777777777778,50.0,0.0,7.000000000000001,2756.0,914.0,0.0,0.0
scifact_bm25,23,random,0,200,0.622951300930672,0.7477777777777778,200.0,0.0,28.000000000000004,11024.0,3656.0,0.0,0.0
scifact_bm25,23,random,4,1,0.6244524667405371,0.7477777777777778,9.0,16.0,48.14,22495.12,5890.28,77.63634411997919,77.63634411997919
scifact_bm25,23,random,4,10,0.6244524667405371,0.7477777777777778,18.0,16.0,49.4,22991.2,6054.8,77.63634411997919,7.763634411997918
scifact_bm25,23,random,4,50,0.6244524667405371,0.7477777777777778,58.0,16.0,55.0,25196.0,6786.0,77.63634411997919,1.5527268823995837
scifact_bm25,23,random,4,200,0.6244524667405371,0.7477777777777778,208.0,16.0,76.0,33464.0,9528.0,77.63634411997919,0.3881817205998959
scifact_bm25,23,random,8,1,0.6244524667405371,0.7477777777777778,18.0,16.0,48.14,22495.12,5890.28,77.63634411997919,77.63634411997919
scifact_bm25,23,random,8,10,0.6244524667405371,0.7477777777777778,27.0,16.0,49.4,22991.2,6054.8,77.63634411997919,7.763634411997918
scifact_bm25,23,random,8,50,0.6244524667405371,0.7477777777777778,67.0,16.0,55.0,25196.0,6786.0,77.63634411997919,1.5527268823995837
scifact_bm25,23,random,8,200,0.6244524667405371,0.7477777777777778,217.0,16.0,76.0,33464.0,9528.0,77.63634411997919,0.3881817205998959
scifact_bm25,23,random,16,1,0.611173045658828,0.7344444444444445,35.0,16.0,48.14,22495.12,5890.28,77.63634411997919,77.63634411997919
scifact_bm25,23,random,16,10,0.611173045658828,0.7344444444444445,44.0,16.0,49.4,22991.2,6054.8,77.63634411997919,7.763634411997918
scifact_bm25,23,random,16,50,0.611173045658828,0.7344444444444445,84.0,16.0,55.0,25196.0,6786.0,77.63634411997919,1.5527268823995837
scifact_bm25,23,random,16,200,0.611173045658828,0.7344444444444445,234.0,16.0,76.0,33464.0,9528.0,77.63634411997919,0.3881817205998959
scifact_bm25,23,random,32,1,0.611173045658828,0.7344444444444445,72.0,16.0,48.14,22495.12,5890.28,77.63634411997919,77.63634411997919
scifact_bm25,23,random,32,10,0.611173045658828,0.7344444444444445,81.0,16.0,49.4,22991.2,6054.8,77.63634411997919,7.763634411997918
scifact_bm25,23,random,32,50,0.611173045658828,0.7344444444444445,121.0,16.0,55.0,25196.0,6786.0,77.63634411997919,1.5527268823995837
scifact_bm25,23,random,32,200,0.611173045658828,0.7344444444444445,271.0,16.0,76.0,33464.0,9528.0,77.63634411997919,0.3881817205998959
scifact_bm25,23,fixed,0,1,0.622951300930672,0.7477777777777778,1.0,0.0,0.14,55.12,18.28,0.0,0.0
scifact_bm25,23,fixed,0,10,0.622951300930672,0.7477777777777778,10.0,0.0,1.4000000000000001,551.1999999999999,182.8,0.0,0.0
scifact_bm25,23,fixed,0,50,0.622951300930672,0.7477777777777778,50.0,0.0,7.000000000000001,2756.0,914.0,0.0,0.0
scifact_bm25,23,fixed,0,200,0.622951300930672,0.7477777777777778,200.0,0.0,28.000000000000004,11024.0,3656.0,0.0,0.0
scifact_bm25,23,fixed,4,1,0.6244524667405371,0.7477777777777778,10.0,16.0,48.14,22495.12,5890.28,77.63634411997919,77.63634411997919
scifact_bm25,23,fixed,4,10,0.6244524667405371,0.7477777777777778,19.0,16.0,49.4,22991.2,6054.8,77.63634411997919,7.763634411997918
scifact_bm25,23,fixed,4,50,0.6244524667405371,0.7477777777777778,59.0,16.0,55.0,25196.0,6786.0,77.63634411997919,1.5527268823995837
scifact_bm25,23,fixed,4,200,0.6244524667405371,0.7477777777777778,209.0,16.0,76.0,33464.0,9528.0,77.63634411997919,0.3881817205998959
scifact_bm25,23,fixed,8,1,0.6244524667405371,0.7477777777777778,19.0,16.0,48.14,22495.12,5890.28,77.63634411997919,77.63634411997919
scifact_bm25,23,fixed,8,10,0.6244524667405371,0.7477777777777778,28.0,16.0,49.4,22991.2,6054.8,77.63634411997919,7.763634411997918
scifact_bm25,23,fixed,8,50,0.6244524667405371,0.7477777777777778,68.0,16.0,55.0,25196.0,6786.0,77.63634411997919,1.5527268823995837
scifact_bm25,23,fixed,8,200,0.6244524667405371,0.7477777777777778,218.0,16.0,76.0,33464.0,9528.0,77.63634411997919,0.3881817205998959
scifact_bm25,23,fixed,16,1,0.6244524667405371,0.7477777777777778,37.0,16.0,48.14,22495.12,5890.28,77.63634411997919,77.63634411997919
scifact_bm25,23,fixed,16,10,0.6244524667405371,0.7477777777777778,46.0,16.0,49.4,22991.2,6054.8,77.63634411997919,7.763634411997918
scifact_bm25,23,fixed,16,50,0.6244524667405371,0.7477777777777778,86.0,16.0,55.0,25196.0,6786.0,77.63634411997919,1.5527268823995837
scifact_bm25,23,fixed,16,200,0.6244524667405371,0.7477777777777778,236.0,16.0,76.0,33464.0,9528.0,77.63634411997919,0.3881817205998959
scifact_bm25,23,fixed,32,1,0.611173045658828,0.7344444444444445,73.0,16.0,48.14,22495.12,5890.28,77.63634411997919,77.63634411997919
scifact_bm25,23,fixed,32,10,0.611173045658828,0.7344444444444445,82.0,16.0,49.4,22991.2,6054.8,77.63634411997919,7.763634411997918
scifact_bm25,23,fixed,32,50,0.611173045658828,0.7344444444444445,122.0,16.0,55.0,25196.0,6786.0,77.63634411997919,1.5527268823995837
scifact_bm25,23,fixed,32,200,0.611173045658828,0.7344444444444445,272.0,16.0,76.0,33464.0,9528.0,77.63634411997919,0.3881817205998959
scifact_bm25,23,information_gain,0,1,0.622951300930672,0.7477777777777778,1.0,0.0,0.14,55.12,18.28,0.0,0.0
scifact_bm25,23,information_gain,0,10,0.622951300930672,0.7477777777777778,10.0,0.0,1.4000000000000001,551.1999999999999,182.8,0.0,0.0
scifact_bm25,23,information_gain,0,50,0.622951300930672,0.7477777777777778,50.0,0.0,7.000000000000001,2756.0,914.0,0.0,0.0
scifact_bm25,23,information_gain,0,200,0.622951300930672,0.7477777777777778,200.0,0.0,28.000000000000004,11024.0,3656.0,0.0,0.0
scifact_bm25,23,information_gain,4,1,0.611173045658828,0.7344444444444445,9.0,16.0,48.14,22495.12,5890.28,77.63634411997919,77.63634411997919
scifact_bm25,23,information_gain,4,10,0.611173045658828,0.7344444444444445,18.0,16.0,49.4,22991.2,6054.8,77.63634411997919,7.763634411997918
scifact_bm25,23,information_gain,4,50,0.611173045658828,0.7344444444444445,58.0,16.0,55.0,25196.0,6786.0,77.63634411997919,1.5527268823995837
scifact_bm25,23,information_gain,4,200,0.611173045658828,0.7344444444444445,208.0,16.0,76.0,33464.0,9528.0,77.63634411997919,0.3881817205998959
scifact_bm25,23,information_gain,8,1,0.611173045658828,0.7344444444444445,17.0,16.0,48.14,22495.12,5890.28,77.63634411997919,77.63634411997919
scifact_bm25,23,information_gain,8,10,0.611173045658828,0.7344444444444445,26.0,16.0,49.4,22991.2,6054.8,77.63634411997919,7.763634411997918
scifact_bm25,23,information_gain,8,50,0.611173045658828,0.7344444444444445,66.0,16.0,55.0,25196.0,6786.0,77.63634411997919,1.5527268823995837
scifact_bm25,23,information_gain,8,200,0.611173045658828,0.7344444444444445,216.0,16.0,76.0,33464.0,9528.0,77.63634411997919,0.3881817205998959
scifact_bm25,23,information_gain,16,1,0.611173045658828,0.7344444444444445,33.0,16.0,48.14,22495.12,5890.28,77.63634411997919,77.63634411997919
scifact_bm25,23,information_gain,16,10,0.611173045658828,0.7344444444444445,42.0,16.0,49.4,22991.2,6054.8,77.63634411997919,7.763634411997918
scifact_bm25,23,information_gain,16,50,0.611173045658828,0.7344444444444445,82.0,16.0,55.0,25196.0,6786.0,77.63634411997919,1.5527268823995837
scifact_bm25,23,information_gain,16,200,0.611173045658828,0.7344444444444445,232.0,16.0,76.0,33464.0,9528.0,77.63634411997919,0.3881817205998959
scifact_bm25,23,information_gain,32,1,0.611173045658828,0.7344444444444445,71.0,16.0,48.14,22495.12,5890.28,77.63634411997919,77.63634411997919
scifact_bm25,23,information_gain,32,10,0.611173045658828,0.7344444444444445,80.0,16.0,49.4,22991.2,6054.8,77.63634411997919,7.763634411997918
scifact_bm25,23,information_gain,32,50,0.611173045658828,0.7344444444444445,120.0,16.0,55.0,25196.0,6786.0,77.63634411997919,1.5527268823995837
scifact_bm25,23,information_gain,32,200,0.611173045658828,0.7344444444444445,270.0,16.0,76.0,33464.0,9528.0,77.63634411997919,0.3881817205998959
scifact_bm25,23,decision_value,0,1,0.622951300930672,0.7477777777777778,1.0,0.0,0.14,55.12,18.28,0.0,0.0
scifact_bm25,23,decision_value,0,10,0.622951300930672,0.7477777777777778,10.0,0.0,1.4000000000000001,551.1999999999999,182.8,0.0,0.0
scifact_bm25,23,decision_value,0,50,0.622951300930672,0.7477777777777778,50.0,0.0,7.000000000000001,2756.0,914.0,0.0,0.0
scifact_bm25,23,decision_value,0,200,0.622951300930672,0.7477777777777778,200.0,0.0,28.000000000000004,11024.0,3656.0,0.0,0.0
scifact_bm25,23,decision_value,4,1,0.611173045658828,0.7344444444444445,9.0,16.0,48.14,22495.12,5890.28,77.63634411997919,77.63634411997919
scifact_bm25,23,decision_value,4,10,0.611173045658828,0.7344444444444445,18.0,16.0,49.4,22991.2,6054.8,77.63634411997919,7.763634411997918
scifact_bm25,23,decision_value,4,50,0.611173045658828,0.7344444444444445,58.0,16.0,55.0,25196.0,6786.0,77.63634411997919,1.5527268823995837
scifact_bm25,23,decision_value,4,200,0.611173045658828,0.7344444444444445,208.0,16.0,76.0,33464.0,9528.0,77.63634411997919,0.3881817205998959
scifact_bm25,23,decision_value,8,1,0.611173045658828,0.7344444444444445,17.0,16.0,48.14,22495.12,5890.28,77.63634411997919,77.63634411997919
scifact_bm25,23,decision_value,8,10,0.611173045658828,0.7344444444444445,26.0,16.0,49.4,22991.2,6054.8,77.63634411997919,7.763634411997918
scifact_bm25,23,decision_value,8,50,0.611173045658828,0.7344444444444445,66.0,16.0,55.0,25196.0,6786.0,77.63634411997919,1.5527268823995837
scifact_bm25,23,decision_value,8,200,0.611173045658828,0.7344444444444445,216.0,16.0,76.0,33464.0,9528.0,77.63634411997919,0.3881817205998959
scifact_bm25,23,decision_value,16,1,0.611173045658828,0.7344444444444445,33.0,16.0,48.14,22495.12,5890.28,77.63634411997919,77.63634411997919
scifact_bm25,23,decision_value,16,10,0.611173045658828,0.7344444444444445,42.0,16.0,49.4,22991.2,6054.8,77.63634411997919,7.763634411997918
scifact_bm25,23,decision_value,16,50,0.611173045658828,0.7344444444444445,82.0,16.0,55.0,25196.0,6786.0,77.63634411997919,1.5527268823995837
scifact_bm25,23,decision_value,16,200,0.611173045658828,0.7344444444444445,232.0,16.0,76.0,33464.0,9528.0,77.63634411997919,0.3881817205998959
scifact_bm25,23,decision_value,32,1,0.611173045658828,0.7344444444444445,69.0,16.0,48.14,22495.12,5890.28,77.63634411997919,77.63634411997919
scifact_bm25,23,decision_value,32,10,0.611173045658828,0.7344444444444445,78.0,16.0,49.4,22991.2,6054.8,77.63634411997919,7.763634411997918
scifact_bm25,23,decision_value,32,50,0.611173045658828,0.7344444444444445,118.0,16.0,55.0,25196.0,6786.0,77.63634411997919,1.5527268823995837
scifact_bm25,23,decision_value,32,200,0.611173045658828,0.7344444444444445,268.0,16.0,76.0,33464.0,9528.0,77.63634411997919,0.3881817205998959
scifact_bm25,47,random,0,1,0.622951300930672,0.7477777777777778,1.0,0.0,0.14,55.12,18.28,0.0,0.0
scifact_bm25,47,random,0,10,0.622951300930672,0.7477777777777778,10.0,0.0,1.4000000000000001,551.1999999999999,182.8,0.0,0.0
scifact_bm25,47,random,0,50,0.622951300930672,0.7477777777777778,50.0,0.0,7.000000000000001,2756.0,914.0,0.0,0.0
scifact_bm25,47,random,0,200,0.622951300930672,0.7477777777777778,200.0,0.0,28.000000000000004,11024.0,3656.0,0.0,0.0
scifact_bm25,47,random,4,1,0.622951300930672,0.7477777777777778,11.0,16.0,48.14,22658.12,5930.28,75.94030985984136,75.94030985984136
scifact_bm25,47,random,4,10,0.622951300930672,0.7477777777777778,20.0,16.0,49.4,23154.2,6094.8,75.94030985984136,7.594030985984136
scifact_bm25,47,random,4,50,0.622951300930672,0.7477777777777778,60.0,16.0,55.0,25359.0,6826.0,75.94030985984136,1.5188061971968272
scifact_bm25,47,random,4,200,0.622951300930672,0.7477777777777778,210.0,16.0,76.0,33627.0,9568.0,75.94030985984136,0.3797015492992068
scifact_bm25,47,random,8,1,0.6244524667405371,0.7477777777777778,19.0,16.0,48.14,22658.12,5930.28,75.94030985984136,75.94030985984136
scifact_bm25,47,random,8,10,0.6244524667405371,0.7477777777777778,28.0,16.0,49.4,23154.2,6094.8,75.94030985984136,7.594030985984136
scifact_bm25,47,random,8,50,0.6244524667405371,0.7477777777777778,68.0,16.0,55.0,25359.0,6826.0,75.94030985984136,1.5188061971968272
scifact_bm25,47,random,8,200,0.6244524667405371,0.7477777777777778,218.0,16.0,76.0,33627.0,9568.0,75.94030985984136,0.3797015492992068
scifact_bm25,47,random,16,1,0.611173045658828,0.7344444444444445,36.0,16.0,48.14,22658.12,5930.28,75.94030985984136,75.94030985984136
scifact_bm25,47,random,16,10,0.611173045658828,0.7344444444444445,45.0,16.0,49.4,23154.2,6094.8,75.94030985984136,7.594030985984136
scifact_bm25,47,random,16,50,0.611173045658828,0.7344444444444445,85.0,16.0,55.0,25359.0,6826.0,75.94030985984136,1.5188061971968272
scifact_bm25,47,random,16,200,0.611173045658828,0.7344444444444445,235.0,16.0,76.0,33627.0,9568.0,75.94030985984136,0.3797015492992068
scifact_bm25,47,random,32,1,0.611173045658828,0.7344444444444445,72.0,16.0,48.14,22658.12,5930.28,75.94030985984136,75.94030985984136
scifact_bm25,47,random,32,10,0.611173045658828,0.7344444444444445,81.0,16.0,49.4,23154.2,6094.8,75.94030985984136,7.594030985984136
scifact_bm25,47,random,32,50,0.611173045658828,0.7344444444444445,121.0,16.0,55.0,25359.0,6826.0,75.94030985984136,1.5188061971968272
scifact_bm25,47,random,32,200,0.611173045658828,0.7344444444444445,271.0,16.0,76.0,33627.0,9568.0,75.94030985984136,0.3797015492992068
scifact_bm25,47,fixed,0,1,0.622951300930672,0.7477777777777778,1.0,0.0,0.14,55.12,18.28,0.0,0.0
scifact_bm25,47,fixed,0,10,0.622951300930672,0.7477777777777778,10.0,0.0,1.4000000000000001,551.1999999999999,182.8,0.0,0.0
scifact_bm25,47,fixed,0,50,0.622951300930672,0.7477777777777778,50.0,0.0,7.000000000000001,2756.0,914.0,0.0,0.0
scifact_bm25,47,fixed,0,200,0.622951300930672,0.7477777777777778,200.0,0.0,28.000000000000004,11024.0,3656.0,0.0,0.0
scifact_bm25,47,fixed,4,1,0.6244524667405371,0.7477777777777778,10.0,16.0,48.14,22658.12,5930.28,75.94030985984136,75.94030985984136
scifact_bm25,47,fixed,4,10,0.6244524667405371,0.7477777777777778,19.0,16.0,49.4,23154.2,6094.8,75.94030985984136,7.594030985984136
scifact_bm25,47,fixed,4,50,0.6244524667405371,0.7477777777777778,59.0,16.0,55.0,25359.0,6826.0,75.94030985984136,1.5188061971968272
scifact_bm25,47,fixed,4,200,0.6244524667405371,0.7477777777777778,209.0,16.0,76.0,33627.0,9568.0,75.94030985984136,0.3797015492992068
scifact_bm25,47,fixed,8,1,0.611173045658828,0.7344444444444445,19.0,16.0,48.14,22658.12,5930.28,75.94030985984136,75.94030985984136
scifact_bm25,47,fixed,8,10,0.611173045658828,0.7344444444444445,28.0,16.0,49.4,23154.2,6094.8,75.94030985984136,7.594030985984136
scifact_bm25,47,fixed,8,50,0.611173045658828,0.7344444444444445,68.0,16.0,55.0,25359.0,6826.0,75.94030985984136,1.5188061971968272
scifact_bm25,47,fixed,8,200,0.611173045658828,0.7344444444444445,218.0,16.0,76.0,33627.0,9568.0,75.94030985984136,0.3797015492992068
scifact_bm25,47,fixed,16,1,0.611173045658828,0.7344444444444445,37.0,16.0,48.14,22658.12,5930.28,75.94030985984136,75.94030985984136
scifact_bm25,47,fixed,16,10,0.611173045658828,0.7344444444444445,46.0,16.0,49.4,23154.2,6094.8,75.94030985984136,7.594030985984136
scifact_bm25,47,fixed,16,50,0.611173045658828,0.7344444444444445,86.0,16.0,55.0,25359.0,6826.0,75.94030985984136,1.5188061971968272
scifact_bm25,47,fixed,16,200,0.611173045658828,0.7344444444444445,236.0,16.0,76.0,33627.0,9568.0,75.94030985984136,0.3797015492992068
scifact_bm25,47,fixed,32,1,0.611173045658828,0.7344444444444445,73.0,16.0,48.14,22658.12,5930.28,75.94030985984136,75.94030985984136
scifact_bm25,47,fixed,32,10,0.611173045658828,0.7344444444444445,82.0,16.0,49.4,23154.2,6094.8,75.94030985984136,7.594030985984136
scifact_bm25,47,fixed,32,50,0.611173045658828,0.7344444444444445,122.0,16.0,55.0,25359.0,6826.0,75.94030985984136,1.5188061971968272
scifact_bm25,47,fixed,32,200,0.611173045658828,0.7344444444444445,272.0,16.0,76.0,33627.0,9568.0,75.94030985984136,0.3797015492992068
scifact_bm25,47,information_gain,0,1,0.622951300930672,0.7477777777777778,1.0,0.0,0.14,55.12,18.28,0.0,0.0
scifact_bm25,47,information_gain,0,10,0.622951300930672,0.7477777777777778,10.0,0.0,1.4000000000000001,551.1999999999999,182.8,0.0,0.0
scifact_bm25,47,information_gain,0,50,0.622951300930672,0.7477777777777778,50.0,0.0,7.000000000000001,2756.0,914.0,0.0,0.0
scifact_bm25,47,information_gain,0,200,0.622951300930672,0.7477777777777778,200.0,0.0,28.000000000000004,11024.0,3656.0,0.0,0.0
scifact_bm25,47,information_gain,4,1,0.611173045658828,0.7344444444444445,9.0,16.0,48.14,22658.12,5930.28,75.94030985984136,75.94030985984136
scifact_bm25,47,information_gain,4,10,0.611173045658828,0.7344444444444445,18.0,16.0,49.4,23154.2,6094.8,75.94030985984136,7.594030985984136
scifact_bm25,47,information_gain,4,50,0.611173045658828,0.7344444444444445,58.0,16.0,55.0,25359.0,6826.0,75.94030985984136,1.5188061971968272
scifact_bm25,47,information_gain,4,200,0.611173045658828,0.7344444444444445,208.0,16.0,76.0,33627.0,9568.0,75.94030985984136,0.3797015492992068
scifact_bm25,47,information_gain,8,1,0.611173045658828,0.7344444444444445,17.0,16.0,48.14,22658.12,5930.28,75.94030985984136,75.94030985984136
scifact_bm25,47,information_gain,8,10,0.611173045658828,0.7344444444444445,26.0,16.0,49.4,23154.2,6094.8,75.94030985984136,7.594030985984136
scifact_bm25,47,information_gain,8,50,0.611173045658828,0.7344444444444445,66.0,16.0,55.0,25359.0,6826.0,75.94030985984136,1.5188061971968272
scifact_bm25,47,information_gain,8,200,0.611173045658828,0.7344444444444445,216.0,16.0,76.0,33627.0,9568.0,75.94030985984136,0.3797015492992068
scifact_bm25,47,information_gain,16,1,0.611173045658828,0.7344444444444445,33.0,16.0,48.14,22658.12,5930.28,75.94030985984136,75.94030985984136
scifact_bm25,47,information_gain,16,10,0.611173045658828,0.7344444444444445,42.0,16.0,49.4,23154.2,6094.8,75.94030985984136,7.594030985984136
scifact_bm25,47,information_gain,16,50,0.611173045658828,0.7344444444444445,82.0,16.0,55.0,25359.0,6826.0,75.94030985984136,1.5188061971968272
scifact_bm25,47,information_gain,16,200,0.611173045658828,0.7344444444444445,232.0,16.0,76.0,33627.0,9568.0,75.94030985984136,0.3797015492992068
scifact_bm25,47,information_gain,32,1,0.611173045658828,0.7344444444444445,75.0,16.0,48.14,22658.12,5930.28,75.94030985984136,75.94030985984136
scifact_bm25,47,information_gain,32,10,0.611173045658828,0.7344444444444445,84.0,16.0,49.4,23154.2,6094.8,75.94030985984136,7.594030985984136
scifact_bm25,47,information_gain,32,50,0.611173045658828,0.7344444444444445,124.0,16.0,55.0,25359.0,6826.0,75.94030985984136,1.5188061971968272
scifact_bm25,47,information_gain,32,200,0.611173045658828,0.7344444444444445,274.0,16.0,76.0,33627.0,9568.0,75.94030985984136,0.3797015492992068
scifact_bm25,47,decision_value,0,1,0.622951300930672,0.7477777777777778,1.0,0.0,0.14,55.12,18.28,0.0,0.0
scifact_bm25,47,decision_value,0,10,0.622951300930672,0.7477777777777778,10.0,0.0,1.4000000000000001,551.1999999999999,182.8,0.0,0.0
scifact_bm25,47,decision_value,0,50,0.622951300930672,0.7477777777777778,50.0,0.0,7.000000000000001,2756.0,914.0,0.0,0.0
scifact_bm25,47,decision_value,0,200,0.622951300930672,0.7477777777777778,200.0,0.0,28.000000000000004,11024.0,3656.0,0.0,0.0
scifact_bm25,47,decision_value,4,1,0.611173045658828,0.7344444444444445,9.0,16.0,48.14,22658.12,5930.28,75.94030985984136,75.94030985984136
scifact_bm25,47,decision_value,4,10,0.611173045658828,0.7344444444444445,18.0,16.0,49.4,23154.2,6094.8,75.94030985984136,7.594030985984136
scifact_bm25,47,decision_value,4,50,0.611173045658828,0.7344444444444445,58.0,16.0,55.0,25359.0,6826.0,75.94030985984136,1.5188061971968272
scifact_bm25,47,decision_value,4,200,0.611173045658828,0.7344444444444445,208.0,16.0,76.0,33627.0,9568.0,75.94030985984136,0.3797015492992068
scifact_bm25,47,decision_value,8,1,0.611173045658828,0.7344444444444445,17.0,16.0,48.14,22658.12,5930.28,75.94030985984136,75.94030985984136
scifact_bm25,47,decision_value,8,10,0.611173045658828,0.7344444444444445,26.0,16.0,49.4,23154.2,6094.8,75.94030985984136,7.594030985984136
scifact_bm25,47,decision_value,8,50,0.611173045658828,0.7344444444444445,66.0,16.0,55.0,25359.0,6826.0,75.94030985984136,1.5188061971968272
scifact_bm25,47,decision_value,8,200,0.611173045658828,0.7344444444444445,216.0,16.0,76.0,33627.0,9568.0,75.94030985984136,0.3797015492992068
scifact_bm25,47,decision_value,16,1,0.611173045658828,0.7344444444444445,33.0,16.0,48.14,22658.12,5930.28,75.94030985984136,75.94030985984136
scifact_bm25,47,decision_value,16,10,0.611173045658828,0.7344444444444445,42.0,16.0,49.4,23154.2,6094.8,75.94030985984136,7.594030985984136
scifact_bm25,47,decision_value,16,50,0.611173045658828,0.7344444444444445,82.0,16.0,55.0,25359.0,6826.0,75.94030985984136,1.5188061971968272
scifact_bm25,47,decision_value,16,200,0.611173045658828,0.7344444444444445,232.0,16.0,76.0,33627.0,9568.0,75.94030985984136,0.3797015492992068
scifact_bm25,47,decision_value,32,1,0.611173045658828,0.7344444444444445,71.0,16.0,48.14,22658.12,5930.28,75.94030985984136,75.94030985984136
scifact_bm25,47,decision_value,32,10,0.611173045658828,0.7344444444444445,80.0,16.0,49.4,23154.2,6094.8,75.94030985984136,7.594030985984136
scifact_bm25,47,decision_value,32,50,0.611173045658828,0.7344444444444445,120.0,16.0,55.0,25359.0,6826.0,75.94030985984136,1.5188061971968272
scifact_bm25,47,decision_value,32,200,0.611173045658828,0.7344444444444445,270.0,16.0,76.0,33627.0,9568.0,75.94030985984136,0.3797015492992068
scifact_dense,11,random,0,1,0.6376234707584271,0.7833333333333333,1.0,0.0,0.14,55.12,18.28,0.0,0.0
scifact_dense,11,random,0,10,0.6376234707584271,0.7833333333333333,10.0,0.0,1.4000000000000001,551.1999999999999,182.8,0.0,0.0
scifact_dense,11,random,0,50,0.6376234707584271,0.7833333333333333,50.0,0.0,7.000000000000001,2756.0,914.0,0.0,0.0
scifact_dense,11,random,0,200,0.6376234707584271,0.7833333333333333,200.0,0.0,28.000000000000004,11024.0,3656.0,0.0,0.0
scifact_dense,11,random,4,1,0.64453910941452,0.7966666666666666,9.0,16.0,48.14,23546.12,6078.28,76.11252064608561,76.11252064608561
scifact_dense,11,random,4,10,0.64453910941452,0.7966666666666666,18.0,16.0,49.4,24042.2,6242.8,76.11252064608561,7.6112520646085615
scifact_dense,11,random,4,50,0.64453910941452,0.7966666666666666,58.0,16.0,55.0,26247.0,6974.0,76.11252064608561,1.5222504129217123
scifact_dense,11,random,4,200,0.64453910941452,0.7966666666666666,208.0,16.0,76.0,34515.0,9716.0,76.11252064608561,0.38056260323042806
scifact_dense,11,random,8,1,0.64453910941452,0.7966666666666666,17.0,16.0,48.14,23546.12,6078.28,76.11252064608561,76.11252064608561
scifact_dense,11,random,8,10,0.64453910941452,0.7966666666666666,26.0,16.0,49.4,24042.2,6242.8,76.11252064608561,7.6112520646085615
scifact_dense,11,random,8,50,0.64453910941452,0.7966666666666666,66.0,16.0,55.0,26247.0,6974.0,76.11252064608561,1.5222504129217123
scifact_dense,11,random,8,200,0.64453910941452,0.7966666666666666,216.0,16.0,76.0,34515.0,9716.0,76.11252064608561,0.38056260323042806
scifact_dense,11,random,16,1,0.6549354842345969,0.8511111111111112,36.0,16.0,48.666666666666664,23759.38,6156.093333333333,76.11252064608561,76.11252064608561
scifact_dense,11,random,16,10,0.6549354842345969,0.8511111111111112,45.0,16.0,54.666666666666664,26174.8,7020.933333333333,76.11252064608561,7.6112520646085615
scifact_dense,11,random,16,50,0.6549354842345969,0.8511111111111112,85.0,16.0,81.33333333333333,36910.0,10864.666666666668,76.11252064608561,1.5222504129217123
scifact_dense,11,random,16,200,0.6549354842345969,0.8511111111111112,235.0,16.0,181.33333333333331,77167.0,25278.666666666668,76.11252064608561,0.38056260323042806
scifact_dense,11,random,32,1,0.6654040441317547,0.8577777777777779,74.0,16.0,48.906666666666666,23855.013333333332,6187.44,76.11252064608561,76.11252064608561
scifact_dense,11,random,32,10,0.6654040441317547,0.8577777777777779,83.0,16.0,57.06666666666666,27131.13333333333,7334.4,76.11252064608561,7.6112520646085615
scifact_dense,11,random,32,50,0.6654040441317547,0.8577777777777779,123.0,16.0,93.33333333333333,41691.666666666664,12432.0,76.11252064608561,1.5222504129217123
scifact_dense,11,random,32,200,0.6654040441317547,0.8577777777777779,273.0,16.0,229.33333333333331,96293.66666666666,31548.0,76.11252064608561,0.38056260323042806
scifact_dense,11,fixed,0,1,0.6376234707584271,0.7833333333333333,1.0,0.0,0.14,55.12,18.28,0.0,0.0
scifact_dense,11,fixed,0,10,0.6376234707584271,0.7833333333333333,10.0,0.0,1.4000000000000001,551.1999999999999,182.8,0.0,0.0
scifact_dense,11,fixed,0,50,0.6376234707584271,0.7833333333333333,50.0,0.0,7.000000000000001,2756.0,914.0,0.0,0.0
scifact_dense,11,fixed,0,200,0.6376234707584271,0.7833333333333333,200.0,0.0,28.000000000000004,11024.0,3656.0,0.0,0.0
scifact_dense,11,fixed,4,1,0.6376234707584271,0.7833333333333333,10.0,16.0,48.14,23546.12,6078.28,76.11252064608561,76.11252064608561
scifact_dense,11,fixed,4,10,0.6376234707584271,0.7833333333333333,19.0,16.0,49.4,24042.2,6242.8,76.11252064608561,7.6112520646085615
scifact_dense,11,fixed,4,50,0.6376234707584271,0.7833333333333333,59.0,16.0,55.0,26247.0,6974.0,76.11252064608561,1.5222504129217123
scifact_dense,11,fixed,4,200,0.6376234707584271,0.7833333333333333,209.0,16.0,76.0,34515.0,9716.0,76.11252064608561,0.38056260323042806
scifact_dense,11,fixed,8,1,0.6549354842345969,0.8511111111111112,19.0,16.0,48.666666666666664,23759.38,6156.093333333333,76.11252064608561,76.11252064608561
scifact_dense,11,fixed,8,10,0.6549354842345969,0.8511111111111112,28.0,16.0,54.666666666666664,26174.8,7020.933333333333,76.11252064608561,7.6112520646085615
scifact_dense,11,fixed,8,50,0.6549354842345969,0.8511111111111112,68.0,16.0,81.33333333333333,36910.0,10864.666666666668,76.11252064608561,1.5222504129217123
scifact_dense,11,fixed,8,200,0.6549354842345969,0.8511111111111112,218.0,16.0,181.33333333333331,77167.0,25278.666666666668,76.11252064608561,0.38056260323042806
scifact_dense,11,fixed,16,1,0.6549354842345969,0.8511111111111112,37.0,16.0,48.666666666666664,23759.38,6156.093333333333,76.11252064608561,76.11252064608561
scifact_dense,11,fixed,16,10,0.6549354842345969,0.8511111111111112,46.0,16.0,54.666666666666664,26174.8,7020.933333333333,76.11252064608561,7.6112520646085615
scifact_dense,11,fixed,16,50,0.6549354842345969,0.8511111111111112,86.0,16.0,81.33333333333333,36910.0,10864.666666666668,76.11252064608561,1.5222504129217123
scifact_dense,11,fixed,16,200,0.6549354842345969,0.8511111111111112,236.0,16.0,181.33333333333331,77167.0,25278.666666666668,76.11252064608561,0.38056260323042806
scifact_dense,11,fixed,32,1,0.6654040441317547,0.8577777777777779,73.0,16.0,48.906666666666666,23855.013333333332,6187.44,76.11252064608561,76.11252064608561
scifact_dense,11,fixed,32,10,0.6654040441317547,0.8577777777777779,82.0,16.0,57.06666666666666,27131.13333333333,7334.4,76.11252064608561,7.6112520646085615
scifact_dense,11,fixed,32,50,0.6654040441317547,0.8577777777777779,122.0,16.0,93.33333333333333,41691.666666666664,12432.0,76.11252064608561,1.5222504129217123
scifact_dense,11,fixed,32,200,0.6654040441317547,0.8577777777777779,272.0,16.0,229.33333333333331,96293.66666666666,31548.0,76.11252064608561,0.38056260323042806
scifact_dense,11,information_gain,0,1,0.6376234707584271,0.7833333333333333,1.0,0.0,0.14,55.12,18.28,0.0,0.0
scifact_dense,11,information_gain,0,10,0.6376234707584271,0.7833333333333333,10.0,0.0,1.4000000000000001,551.1999999999999,182.8,0.0,0.0
scifact_dense,11,information_gain,0,50,0.6376234707584271,0.7833333333333333,50.0,0.0,7.000000000000001,2756.0,914.0,0.0,0.0
scifact_dense,11,information_gain,0,200,0.6376234707584271,0.7833333333333333,200.0,0.0,28.000000000000004,11024.0,3656.0,0.0,0.0
scifact_dense,11,information_gain,4,1,0.6654040441317547,0.8577777777777779,9.0,16.0,48.906666666666666,23855.013333333332,6187.44,76.11252064608561,76.11252064608561
scifact_dense,11,information_gain,4,10,0.6654040441317547,0.8577777777777779,18.0,16.0,57.06666666666666,27131.13333333333,7334.4,76.11252064608561,7.6112520646085615
scifact_dense,11,information_gain,4,50,0.6654040441317547,0.8577777777777779,58.0,16.0,93.33333333333333,41691.666666666664,12432.0,76.11252064608561,1.5222504129217123
scifact_dense,11,information_gain,4,200,0.6654040441317547,0.8577777777777779,208.0,16.0,229.33333333333331,96293.66666666666,31548.0,76.11252064608561,0.38056260323042806
scifact_dense,11,information_gain,8,1,0.6654040441317547,0.8577777777777779,17.0,16.0,48.906666666666666,23855.013333333332,6187.44,76.11252064608561,76.11252064608561
scifact_dense,11,information_gain,8,10,0.6654040441317547,0.8577777777777779,26.0,16.0,57.06666666666666,27131.13333333333,7334.4,76.11252064608561,7.6112520646085615
scifact_dense,11,information_gain,8,50,0.6654040441317547,0.8577777777777779,66.0,16.0,93.33333333333333,41691.666666666664,12432.0,76.11252064608561,1.5222504129217123
scifact_dense,11,information_gain,8,200,0.6654040441317547,0.8577777777777779,216.0,16.0,229.33333333333331,96293.66666666666,31548.0,76.11252064608561,0.38056260323042806
scifact_dense,11,information_gain,16,1,0.6654040441317547,0.8577777777777779,33.0,16.0,48.906666666666666,23855.013333333332,6187.44,76.11252064608561,76.11252064608561
scifact_dense,11,information_gain,16,10,0.6654040441317547,0.8577777777777779,42.0,16.0,57.06666666666666,27131.13333333333,7334.4,76.11252064608561,7.6112520646085615
scifact_dense,11,information_gain,16,50,0.6654040441317547,0.8577777777777779,82.0,16.0,93.33333333333333,41691.666666666664,12432.0,76.11252064608561,1.5222504129217123
scifact_dense,11,information_gain,16,200,0.6654040441317547,0.8577777777777779,232.0,16.0,229.33333333333331,96293.66666666666,31548.0,76.11252064608561,0.38056260323042806
scifact_dense,11,information_gain,32,1,0.679462681467481,0.8644444444444446,72.0,16.0,49.0,23891.7,6198.993333333334,76.11252064608561,76.11252064608561
scifact_dense,11,information_gain,32,10,0.679462681467481,0.8644444444444446,81.0,16.0,58.0,27498.0,7449.933333333333,76.11252064608561,7.6112520646085615
scifact_dense,11,information_gain,32,50,0.679462681467481,0.8644444444444446,121.0,16.0,98.0,43526.0,13009.666666666668,76.11252064608561,1.5222504129217123
scifact_dense,11,information_gain,32,200,0.679462681467481,0.8644444444444446,271.0,16.0,248.0,103631.0,33858.66666666667,76.11252064608561,0.38056260323042806
scifact_dense,11,decision_value,0,1,0.6376234707584271,0.7833333333333333,1.0,0.0,0.14,55.12,18.28,0.0,0.0
scifact_dense,11,decision_value,0,10,0.6376234707584271,0.7833333333333333,10.0,0.0,1.4000000000000001,551.1999999999999,182.8,0.0,0.0
scifact_dense,11,decision_value,0,50,0.6376234707584271,0.7833333333333333,50.0,0.0,7.000000000000001,2756.0,914.0,0.0,0.0
scifact_dense,11,decision_value,0,200,0.6376234707584271,0.7833333333333333,200.0,0.0,28.000000000000004,11024.0,3656.0,0.0,0.0
scifact_dense,11,decision_value,4,1,0.6654040441317547,0.8577777777777779,9.0,16.0,48.906666666666666,23855.013333333332,6187.44,76.11252064608561,76.11252064608561
scifact_dense,11,decision_value,4,10,0.6654040441317547,0.8577777777777779,18.0,16.0,57.06666666666666,27131.13333333333,7334.4,76.11252064608561,7.6112520646085615
scifact_dense,11,decision_value,4,50,0.6654040441317547,0.8577777777777779,58.0,16.0,93.33333333333333,41691.666666666664,12432.0,76.11252064608561,1.5222504129217123
scifact_dense,11,decision_value,4,200,0.6654040441317547,0.8577777777777779,208.0,16.0,229.33333333333331,96293.66666666666,31548.0,76.11252064608561,0.38056260323042806
scifact_dense,11,decision_value,8,1,0.6654040441317547,0.8577777777777779,18.0,16.0,48.906666666666666,23855.013333333332,6187.44,76.11252064608561,76.11252064608561
scifact_dense,11,decision_value,8,10,0.6654040441317547,0.8577777777777779,27.0,16.0,57.06666666666666,27131.13333333333,7334.4,76.11252064608561,7.6112520646085615
scifact_dense,11,decision_value,8,50,0.6654040441317547,0.8577777777777779,67.0,16.0,93.33333333333333,41691.666666666664,12432.0,76.11252064608561,1.5222504129217123
scifact_dense,11,decision_value,8,200,0.6654040441317547,0.8577777777777779,217.0,16.0,229.33333333333331,96293.66666666666,31548.0,76.11252064608561,0.38056260323042806
scifact_dense,11,decision_value,16,1,0.679462681467481,0.8644444444444446,36.0,16.0,49.0,23891.7,6198.993333333334,76.11252064608561,76.11252064608561
scifact_dense,11,decision_value,16,10,0.679462681467481,0.8644444444444446,45.0,16.0,58.0,27498.0,7449.933333333333,76.11252064608561,7.6112520646085615
scifact_dense,11,decision_value,16,50,0.679462681467481,0.8644444444444446,85.0,16.0,98.0,43526.0,13009.666666666668,76.11252064608561,1.5222504129217123
scifact_dense,11,decision_value,16,200,0.679462681467481,0.8644444444444446,235.0,16.0,248.0,103631.0,33858.66666666667,76.11252064608561,0.38056260323042806
scifact_dense,11,decision_value,32,1,0.679462681467481,0.8644444444444446,72.0,16.0,49.0,23891.7,6198.993333333334,76.11252064608561,76.11252064608561
scifact_dense,11,decision_value,32,10,0.679462681467481,0.8644444444444446,81.0,16.0,58.0,27498.0,7449.933333333333,76.11252064608561,7.6112520646085615
scifact_dense,11,decision_value,32,50,0.679462681467481,0.8644444444444446,121.0,16.0,98.0,43526.0,13009.666666666668,76.11252064608561,1.5222504129217123
scifact_dense,11,decision_value,32,200,0.679462681467481,0.8644444444444446,271.0,16.0,248.0,103631.0,33858.66666666667,76.11252064608561,0.38056260323042806
scifact_dense,23,random,0,1,0.6376234707584271,0.7833333333333333,1.0,0.0,0.14,55.12,18.28,0.0,0.0
scifact_dense,23,random,0,10,0.6376234707584271,0.7833333333333333,10.0,0.0,1.4000000000000001,551.1999999999999,182.8,0.0,0.0
scifact_dense,23,random,0,50,0.6376234707584271,0.7833333333333333,50.0,0.0,7.000000000000001,2756.0,914.0,0.0,0.0
scifact_dense,23,random,0,200,0.6376234707584271,0.7833333333333333,200.0,0.0,28.000000000000004,11024.0,3656.0,0.0,0.0
scifact_dense,23,random,4,1,0.6549354842345969,0.8511111111111112,9.0,16.0,48.666666666666664,22708.38,5968.093333333333,77.63634411997919,77.63634411997919
scifact_dense,23,random,4,10,0.6549354842345969,0.8511111111111112,18.0,16.0,54.666666666666664,25123.8,6832.933333333333,77.63634411997919,7.763634411997918
scifact_dense,23,random,4,50,0.6549354842345969,0.8511111111111112,58.0,16.0,81.33333333333333,35859.0,10676.666666666668,77.63634411997919,1.5527268823995837
scifact_dense,23,random,4,200,0.6549354842345969,0.8511111111111112,208.0,16.0,181.33333333333331,76116.0,25090.666666666668,77.63634411997919,0.3881817205998959
scifact_dense,23,random,8,1,0.6549354842345969,0.8511111111111112,18.0,16.0,48.666666666666664,22708.38,5968.093333333333,77.63634411997919,77.63634411997919
scifact_dense,23,random,8,10,0.6549354842345969,0.8511111111111112,27.0,16.0,54.666666666666664,25123.8,6832.933333333333,77.63634411997919,7.763634411997918
scifact_dense,23,random,8,50,0.6549354842345969,0.8511111111111112,67.0,16.0,81.33333333333333,35859.0,10676.666666666668,77.63634411997919,1.5527268823995837
scifact_dense,23,random,8,200,0.6549354842345969,0.8511111111111112,217.0,16.0,181.33333333333331,76116.0,25090.666666666668,77.63634411997919,0.3881817205998959
scifact_dense,23,random,16,1,0.6654040441317547,0.8577777777777779,35.0,16.0,48.906666666666666,22804.013333333332,5999.44,77.63634411997919,77.63634411997919
scifact_dense,23,random,16,10,0.6654040441317547,0.8577777777777779,44.0,16.0,57.06666666666666,26080.13333333333,7146.4,77.63634411997919,7.763634411997918
scifact_dense,23,random,16,50,0.6654040441317547,0.8577777777777779,84.0,16.0,93.33333333333333,40640.666666666664,12244.0,77.63634411997919,1.5527268823995837
scifact_dense,23,random,16,200,0.6654040441317547,0.8577777777777779,234.0,16.0,229.33333333333331,95242.66666666666,31360.0,77.63634411997919,0.3881817205998959
scifact_dense,23,random,32,1,0.679462681467481,0.8644444444444446,72.0,16.0,49.0,22840.7,6010.993333333334,77.63634411997919,77.63634411997919
scifact_dense,23,random,32,10,0.679462681467481,0.8644444444444446,81.0,16.0,58.0,26447.0,7261.933333333333,77.63634411997919,7.763634411997918
scifact_dense,23,random,32,50,0.679462681467481,0.8644444444444446,121.0,16.0,98.0,42475.0,12821.666666666668,77.63634411997919,1.5527268823995837
scifact_dense,23,random,32,200,0.679462681467481,0.8644444444444446,271.0,16.0,248.0,102580.0,33670.66666666667,77.63634411997919,0.3881817205998959
scifact_dense,23,fixed,0,1,0.6376234707584271,0.7833333333333333,1.0,0.0,0.14,55.12,18.28,0.0,0.0
scifact_dense,23,fixed,0,10,0.6376234707584271,0.7833333333333333,10.0,0.0,1.4000000000000001,551.1999999999999,182.8,0.0,0.0
scifact_dense,23,fixed,0,50,0.6376234707584271,0.7833333333333333,50.0,0.0,7.000000000000001,2756.0,914.0,0.0,0.0
scifact_dense,23,fixed,0,200,0.6376234707584271,0.7833333333333333,200.0,0.0,28.000000000000004,11024.0,3656.0,0.0,0.0
scifact_dense,23,fixed,4,1,0.6376234707584271,0.7833333333333333,10.0,16.0,48.14,22495.12,5890.28,77.63634411997919,77.63634411997919
scifact_dense,23,fixed,4,10,0.6376234707584271,0.7833333333333333,19.0,16.0,49.4,22991.2,6054.8,77.63634411997919,7.763634411997918
scifact_dense,23,fixed,4,50,0.6376234707584271,0.7833333333333333,59.0,16.0,55.0,25196.0,6786.0,77.63634411997919,1.5527268823995837
scifact_dense,23,fixed,4,200,0.6376234707584271,0.7833333333333333,209.0,16.0,76.0,33464.0,9528.0,77.63634411997919,0.3881817205998959
scifact_dense,23,fixed,8,1,0.6549354842345969,0.8511111111111112,19.0,16.0,48.666666666666664,22708.38,5968.093333333333,77.63634411997919,77.63634411997919
scifact_dense,23,fixed,8,10,0.6549354842345969,0.8511111111111112,28.0,16.0,54.666666666666664,25123.8,6832.933333333333,77.63634411997919,7.763634411997918
scifact_dense,23,fixed,8,50,0.6549354842345969,0.8511111111111112,68.0,16.0,81.33333333333333,35859.0,10676.666666666668,77.63634411997919,1.5527268823995837
scifact_dense,23,fixed,8,200,0.6549354842345969,0.8511111111111112,218.0,16.0,181.33333333333331,76116.0,25090.666666666668,77.63634411997919,0.3881817205998959
scifact_dense,23,fixed,16,1,0.6549354842345969,0.8511111111111112,37.0,16.0,48.666666666666664,22708.38,5968.093333333333,77.63634411997919,77.63634411997919
scifact_dense,23,fixed,16,10,0.6549354842345969,0.8511111111111112,46.0,16.0,54.666666666666664,25123.8,6832.933333333333,77.63634411997919,7.763634411997918
scifact_dense,23,fixed,16,50,0.6549354842345969,0.8511111111111112,86.0,16.0,81.33333333333333,35859.0,10676.666666666668,77.63634411997919,1.5527268823995837
scifact_dense,23,fixed,16,200,0.6549354842345969,0.8511111111111112,236.0,16.0,181.33333333333331,76116.0,25090.666666666668,77.63634411997919,0.3881817205998959
scifact_dense,23,fixed,32,1,0.6654040441317547,0.8577777777777779,73.0,16.0,48.906666666666666,22804.013333333332,5999.44,77.63634411997919,77.63634411997919
scifact_dense,23,fixed,32,10,0.6654040441317547,0.8577777777777779,82.0,16.0,57.06666666666666,26080.13333333333,7146.4,77.63634411997919,7.763634411997918
scifact_dense,23,fixed,32,50,0.6654040441317547,0.8577777777777779,122.0,16.0,93.33333333333333,40640.666666666664,12244.0,77.63634411997919,1.5527268823995837
scifact_dense,23,fixed,32,200,0.6654040441317547,0.8577777777777779,272.0,16.0,229.33333333333331,95242.66666666666,31360.0,77.63634411997919,0.3881817205998959
scifact_dense,23,information_gain,0,1,0.6376234707584271,0.7833333333333333,1.0,0.0,0.14,55.12,18.28,0.0,0.0
scifact_dense,23,information_gain,0,10,0.6376234707584271,0.7833333333333333,10.0,0.0,1.4000000000000001,551.1999999999999,182.8,0.0,0.0
scifact_dense,23,information_gain,0,50,0.6376234707584271,0.7833333333333333,50.0,0.0,7.000000000000001,2756.0,914.0,0.0,0.0
scifact_dense,23,information_gain,0,200,0.6376234707584271,0.7833333333333333,200.0,0.0,28.000000000000004,11024.0,3656.0,0.0,0.0
scifact_dense,23,information_gain,4,1,0.6654040441317547,0.8577777777777779,9.0,16.0,48.906666666666666,22804.013333333332,5999.44,77.63634411997919,77.63634411997919
scifact_dense,23,information_gain,4,10,0.6654040441317547,0.8577777777777779,18.0,16.0,57.06666666666666,26080.13333333333,7146.4,77.63634411997919,7.763634411997918
scifact_dense,23,information_gain,4,50,0.6654040441317547,0.8577777777777779,58.0,16.0,93.33333333333333,40640.666666666664,12244.0,77.63634411997919,1.5527268823995837
scifact_dense,23,information_gain,4,200,0.6654040441317547,0.8577777777777779,208.0,16.0,229.33333333333331,95242.66666666666,31360.0,77.63634411997919,0.3881817205998959
scifact_dense,23,information_gain,8,1,0.6654040441317547,0.8577777777777779,17.0,16.0,48.906666666666666,22804.013333333332,5999.44,77.63634411997919,77.63634411997919
scifact_dense,23,information_gain,8,10,0.6654040441317547,0.8577777777777779,26.0,16.0,57.06666666666666,26080.13333333333,7146.4,77.63634411997919,7.763634411997918
scifact_dense,23,information_gain,8,50,0.6654040441317547,0.8577777777777779,66.0,16.0,93.33333333333333,40640.666666666664,12244.0,77.63634411997919,1.5527268823995837
scifact_dense,23,information_gain,8,200,0.6654040441317547,0.8577777777777779,216.0,16.0,229.33333333333331,95242.66666666666,31360.0,77.63634411997919,0.3881817205998959
scifact_dense,23,information_gain,16,1,0.679462681467481,0.8644444444444446,33.0,16.0,49.0,22840.7,6010.993333333334,77.63634411997919,77.63634411997919
scifact_dense,23,information_gain,16,10,0.679462681467481,0.8644444444444446,42.0,16.0,58.0,26447.0,7261.933333333333,77.63634411997919,7.763634411997918
scifact_dense,23,information_gain,16,50,0.679462681467481,0.8644444444444446,82.0,16.0,98.0,42475.0,12821.666666666668,77.63634411997919,1.5527268823995837
scifact_dense,23,information_gain,16,200,0.679462681467481,0.8644444444444446,232.0,16.0,248.0,102580.0,33670.66666666667,77.63634411997919,0.3881817205998959
scifact_dense,23,information_gain,32,1,0.679462681467481,0.8644444444444446,67.0,16.0,49.0,22840.7,6010.993333333334,77.63634411997919,77.63634411997919
scifact_dense,23,information_gain,32,10,0.679462681467481,0.8644444444444446,76.0,16.0,58.0,26447.0,7261.933333333333,77.63634411997919,7.763634411997918
scifact_dense,23,information_gain,32,50,0.679462681467481,0.8644444444444446,116.0,16.0,98.0,42475.0,12821.666666666668,77.63634411997919,1.5527268823995837
scifact_dense,23,information_gain,32,200,0.679462681467481,0.8644444444444446,266.0,16.0,248.0,102580.0,33670.66666666667,77.63634411997919,0.3881817205998959
scifact_dense,23,decision_value,0,1,0.6376234707584271,0.7833333333333333,1.0,0.0,0.14,55.12,18.28,0.0,0.0
scifact_dense,23,decision_value,0,10,0.6376234707584271,0.7833333333333333,10.0,0.0,1.4000000000000001,551.1999999999999,182.8,0.0,0.0
scifact_dense,23,decision_value,0,50,0.6376234707584271,0.7833333333333333,50.0,0.0,7.000000000000001,2756.0,914.0,0.0,0.0
scifact_dense,23,decision_value,0,200,0.6376234707584271,0.7833333333333333,200.0,0.0,28.000000000000004,11024.0,3656.0,0.0,0.0
scifact_dense,23,decision_value,4,1,0.6654040441317547,0.8577777777777779,9.0,16.0,48.906666666666666,22804.013333333332,5999.44,77.63634411997919,77.63634411997919
scifact_dense,23,decision_value,4,10,0.6654040441317547,0.8577777777777779,18.0,16.0,57.06666666666666,26080.13333333333,7146.4,77.63634411997919,7.763634411997918
scifact_dense,23,decision_value,4,50,0.6654040441317547,0.8577777777777779,58.0,16.0,93.33333333333333,40640.666666666664,12244.0,77.63634411997919,1.5527268823995837
scifact_dense,23,decision_value,4,200,0.6654040441317547,0.8577777777777779,208.0,16.0,229.33333333333331,95242.66666666666,31360.0,77.63634411997919,0.3881817205998959
scifact_dense,23,decision_value,8,1,0.6654040441317547,0.8577777777777779,17.0,16.0,48.906666666666666,22804.013333333332,5999.44,77.63634411997919,77.63634411997919
scifact_dense,23,decision_value,8,10,0.6654040441317547,0.8577777777777779,26.0,16.0,57.06666666666666,26080.13333333333,7146.4,77.63634411997919,7.763634411997918
scifact_dense,23,decision_value,8,50,0.6654040441317547,0.8577777777777779,66.0,16.0,93.33333333333333,40640.666666666664,12244.0,77.63634411997919,1.5527268823995837
scifact_dense,23,decision_value,8,200,0.6654040441317547,0.8577777777777779,216.0,16.0,229.33333333333331,95242.66666666666,31360.0,77.63634411997919,0.3881817205998959
scifact_dense,23,decision_value,16,1,0.679462681467481,0.8644444444444446,34.0,16.0,49.0,22840.7,6010.993333333334,77.63634411997919,77.63634411997919
scifact_dense,23,decision_value,16,10,0.679462681467481,0.8644444444444446,43.0,16.0,58.0,26447.0,7261.933333333333,77.63634411997919,7.763634411997918
scifact_dense,23,decision_value,16,50,0.679462681467481,0.8644444444444446,83.0,16.0,98.0,42475.0,12821.666666666668,77.63634411997919,1.5527268823995837
scifact_dense,23,decision_value,16,200,0.679462681467481,0.8644444444444446,233.0,16.0,248.0,102580.0,33670.66666666667,77.63634411997919,0.3881817205998959
scifact_dense,23,decision_value,32,1,0.679462681467481,0.8644444444444446,76.0,16.0,49.0,22840.7,6010.993333333334,77.63634411997919,77.63634411997919
scifact_dense,23,decision_value,32,10,0.679462681467481,0.8644444444444446,85.0,16.0,58.0,26447.0,7261.933333333333,77.63634411997919,7.763634411997918
scifact_dense,23,decision_value,32,50,0.679462681467481,0.8644444444444446,125.0,16.0,98.0,42475.0,12821.666666666668,77.63634411997919,1.5527268823995837
scifact_dense,23,decision_value,32,200,0.679462681467481,0.8644444444444446,275.0,16.0,248.0,102580.0,33670.66666666667,77.63634411997919,0.3881817205998959
scifact_dense,47,random,0,1,0.6376234707584271,0.7833333333333333,1.0,0.0,0.14,55.12,18.28,0.0,0.0
scifact_dense,47,random,0,10,0.6376234707584271,0.7833333333333333,10.0,0.0,1.4000000000000001,551.1999999999999,182.8,0.0,0.0
scifact_dense,47,random,0,50,0.6376234707584271,0.7833333333333333,50.0,0.0,7.000000000000001,2756.0,914.0,0.0,0.0
scifact_dense,47,random,0,200,0.6376234707584271,0.7833333333333333,200.0,0.0,28.000000000000004,11024.0,3656.0,0.0,0.0
scifact_dense,47,random,4,1,0.6376234707584271,0.7833333333333333,11.0,16.0,48.14,22658.12,5930.28,75.94030985984136,75.94030985984136
scifact_dense,47,random,4,10,0.6376234707584271,0.7833333333333333,20.0,16.0,49.4,23154.2,6094.8,75.94030985984136,7.594030985984136
scifact_dense,47,random,4,50,0.6376234707584271,0.7833333333333333,60.0,16.0,55.0,25359.0,6826.0,75.94030985984136,1.5188061971968272
scifact_dense,47,random,4,200,0.6376234707584271,0.7833333333333333,210.0,16.0,76.0,33627.0,9568.0,75.94030985984136,0.3797015492992068
scifact_dense,47,random,8,1,0.64453910941452,0.7966666666666666,19.0,16.0,48.14,22658.12,5930.28,75.94030985984136,75.94030985984136
scifact_dense,47,random,8,10,0.64453910941452,0.7966666666666666,28.0,16.0,49.4,23154.2,6094.8,75.94030985984136,7.594030985984136
scifact_dense,47,random,8,50,0.64453910941452,0.7966666666666666,68.0,16.0,55.0,25359.0,6826.0,75.94030985984136,1.5188061971968272
scifact_dense,47,random,8,200,0.64453910941452,0.7966666666666666,218.0,16.0,76.0,33627.0,9568.0,75.94030985984136,0.3797015492992068
scifact_dense,47,random,16,1,0.6654040441317547,0.8577777777777779,36.0,16.0,48.906666666666666,22967.013333333332,6039.44,75.94030985984136,75.94030985984136
scifact_dense,47,random,16,10,0.6654040441317547,0.8577777777777779,45.0,16.0,57.06666666666666,26243.13333333333,7186.4,75.94030985984136,7.594030985984136
scifact_dense,47,random,16,50,0.6654040441317547,0.8577777777777779,85.0,16.0,93.33333333333333,40803.666666666664,12284.0,75.94030985984136,1.5188061971968272
scifact_dense,47,random,16,200,0.6654040441317547,0.8577777777777779,235.0,16.0,229.33333333333331,95405.66666666666,31400.0,75.94030985984136,0.3797015492992068
scifact_dense,47,random,32,1,0.6654040441317547,0.8577777777777779,72.0,16.0,48.906666666666666,22967.013333333332,6039.44,75.94030985984136,75.94030985984136
scifact_dense,47,random,32,10,0.6654040441317547,0.8577777777777779,81.0,16.0,57.06666666666666,26243.13333333333,7186.4,75.94030985984136,7.594030985984136
scifact_dense,47,random,32,50,0.6654040441317547,0.8577777777777779,121.0,16.0,93.33333333333333,40803.666666666664,12284.0,75.94030985984136,1.5188061971968272
scifact_dense,47,random,32,200,0.6654040441317547,0.8577777777777779,271.0,16.0,229.33333333333331,95405.66666666666,31400.0,75.94030985984136,0.3797015492992068
scifact_dense,47,fixed,0,1,0.6376234707584271,0.7833333333333333,1.0,0.0,0.14,55.12,18.28,0.0,0.0
scifact_dense,47,fixed,0,10,0.6376234707584271,0.7833333333333333,10.0,0.0,1.4000000000000001,551.1999999999999,182.8,0.0,0.0
scifact_dense,47,fixed,0,50,0.6376234707584271,0.7833333333333333,50.0,0.0,7.000000000000001,2756.0,914.0,0.0,0.0
scifact_dense,47,fixed,0,200,0.6376234707584271,0.7833333333333333,200.0,0.0,28.000000000000004,11024.0,3656.0,0.0,0.0
scifact_dense,47,fixed,4,1,0.6376234707584271,0.7833333333333333,10.0,16.0,48.14,22658.12,5930.28,75.94030985984136,75.94030985984136
scifact_dense,47,fixed,4,10,0.6376234707584271,0.7833333333333333,19.0,16.0,49.4,23154.2,6094.8,75.94030985984136,7.594030985984136
scifact_dense,47,fixed,4,50,0.6376234707584271,0.7833333333333333,59.0,16.0,55.0,25359.0,6826.0,75.94030985984136,1.5188061971968272
scifact_dense,47,fixed,4,200,0.6376234707584271,0.7833333333333333,209.0,16.0,76.0,33627.0,9568.0,75.94030985984136,0.3797015492992068
scifact_dense,47,fixed,8,1,0.6549354842345969,0.8511111111111112,19.0,16.0,48.666666666666664,22871.38,6008.093333333333,75.94030985984136,75.94030985984136
scifact_dense,47,fixed,8,10,0.6549354842345969,0.8511111111111112,28.0,16.0,54.666666666666664,25286.8,6872.933333333333,75.94030985984136,7.594030985984136
scifact_dense,47,fixed,8,50,0.6549354842345969,0.8511111111111112,68.0,16.0,81.33333333333333,36022.0,10716.666666666668,75.94030985984136,1.5188061971968272
scifact_dense,47,fixed,8,200,0.6549354842345969,0.8511111111111112,218.0,16.0,181.33333333333331,76279.0,25130.666666666668,75.94030985984136,0.3797015492992068
scifact_dense,47,fixed,16,1,0.6549354842345969,0.8511111111111112,37.0,16.0,48.666666666666664,22871.38,6008.093333333333,75.94030985984136,75.94030985984136
scifact_dense,47,fixed,16,10,0.6549354842345969,0.8511111111111112,46.0,16.0,54.666666666666664,25286.8,6872.933333333333,75.94030985984136,7.594030985984136
scifact_dense,47,fixed,16,50,0.6549354842345969,0.8511111111111112,86.0,16.0,81.33333333333333,36022.0,10716.666666666668,75.94030985984136,1.5188061971968272
scifact_dense,47,fixed,16,200,0.6549354842345969,0.8511111111111112,236.0,16.0,181.33333333333331,76279.0,25130.666666666668,75.94030985984136,0.3797015492992068
scifact_dense,47,fixed,32,1,0.6654040441317547,0.8577777777777779,73.0,16.0,48.906666666666666,22967.013333333332,6039.44,75.94030985984136,75.94030985984136
scifact_dense,47,fixed,32,10,0.6654040441317547,0.8577777777777779,82.0,16.0,57.06666666666666,26243.13333333333,7186.4,75.94030985984136,7.594030985984136
scifact_dense,47,fixed,32,50,0.6654040441317547,0.8577777777777779,122.0,16.0,93.33333333333333,40803.666666666664,12284.0,75.94030985984136,1.5188061971968272
scifact_dense,47,fixed,32,200,0.6654040441317547,0.8577777777777779,272.0,16.0,229.33333333333331,95405.66666666666,31400.0,75.94030985984136,0.3797015492992068
scifact_dense,47,information_gain,0,1,0.6376234707584271,0.7833333333333333,1.0,0.0,0.14,55.12,18.28,0.0,0.0
scifact_dense,47,information_gain,0,10,0.6376234707584271,0.7833333333333333,10.0,0.0,1.4000000000000001,551.1999999999999,182.8,0.0,0.0
scifact_dense,47,information_gain,0,50,0.6376234707584271,0.7833333333333333,50.0,0.0,7.000000000000001,2756.0,914.0,0.0,0.0
scifact_dense,47,information_gain,0,200,0.6376234707584271,0.7833333333333333,200.0,0.0,28.000000000000004,11024.0,3656.0,0.0,0.0
scifact_dense,47,information_gain,4,1,0.6654040441317547,0.8577777777777779,9.0,16.0,48.906666666666666,22967.013333333332,6039.44,75.94030985984136,75.94030985984136
scifact_dense,47,information_gain,4,10,0.6654040441317547,0.8577777777777779,18.0,16.0,57.06666666666666,26243.13333333333,7186.4,75.94030985984136,7.594030985984136
scifact_dense,47,information_gain,4,50,0.6654040441317547,0.8577777777777779,58.0,16.0,93.33333333333333,40803.666666666664,12284.0,75.94030985984136,1.5188061971968272
scifact_dense,47,information_gain,4,200,0.6654040441317547,0.8577777777777779,208.0,16.0,229.33333333333331,95405.66666666666,31400.0,75.94030985984136,0.3797015492992068
scifact_dense,47,information_gain,8,1,0.6654040441317547,0.8577777777777779,17.0,16.0,48.906666666666666,22967.013333333332,6039.44,75.94030985984136,75.94030985984136
scifact_dense,47,information_gain,8,10,0.6654040441317547,0.8577777777777779,26.0,16.0,57.06666666666666,26243.13333333333,7186.4,75.94030985984136,7.594030985984136
scifact_dense,47,information_gain,8,50,0.6654040441317547,0.8577777777777779,66.0,16.0,93.33333333333333,40803.666666666664,12284.0,75.94030985984136,1.5188061971968272
scifact_dense,47,information_gain,8,200,0.6654040441317547,0.8577777777777779,216.0,16.0,229.33333333333331,95405.66666666666,31400.0,75.94030985984136,0.3797015492992068
scifact_dense,47,information_gain,16,1,0.679462681467481,0.8644444444444446,33.0,16.0,49.0,23003.7,6050.993333333334,75.94030985984136,75.94030985984136
scifact_dense,47,information_gain,16,10,0.679462681467481,0.8644444444444446,42.0,16.0,58.0,26610.0,7301.933333333333,75.94030985984136,7.594030985984136
scifact_dense,47,information_gain,16,50,0.679462681467481,0.8644444444444446,82.0,16.0,98.0,42638.0,12861.666666666668,75.94030985984136,1.5188061971968272
scifact_dense,47,information_gain,16,200,0.679462681467481,0.8644444444444446,232.0,16.0,248.0,102743.0,33710.66666666667,75.94030985984136,0.3797015492992068
scifact_dense,47,information_gain,32,1,0.679462681467481,0.8644444444444446,71.0,16.0,49.0,23003.7,6050.993333333334,75.94030985984136,75.94030985984136
scifact_dense,47,information_gain,32,10,0.679462681467481,0.8644444444444446,80.0,16.0,58.0,26610.0,7301.933333333333,75.94030985984136,7.594030985984136
scifact_dense,47,information_gain,32,50,0.679462681467481,0.8644444444444446,120.0,16.0,98.0,42638.0,12861.666666666668,75.94030985984136,1.5188061971968272
scifact_dense,47,information_gain,32,200,0.679462681467481,0.8644444444444446,270.0,16.0,248.0,102743.0,33710.66666666667,75.94030985984136,0.3797015492992068
scifact_dense,47,decision_value,0,1,0.6376234707584271,0.7833333333333333,1.0,0.0,0.14,55.12,18.28,0.0,0.0
scifact_dense,47,decision_value,0,10,0.6376234707584271,0.7833333333333333,10.0,0.0,1.4000000000000001,551.1999999999999,182.8,0.0,0.0
scifact_dense,47,decision_value,0,50,0.6376234707584271,0.7833333333333333,50.0,0.0,7.000000000000001,2756.0,914.0,0.0,0.0
scifact_dense,47,decision_value,0,200,0.6376234707584271,0.7833333333333333,200.0,0.0,28.000000000000004,11024.0,3656.0,0.0,0.0
scifact_dense,47,decision_value,4,1,0.6654040441317547,0.8577777777777779,9.0,16.0,48.906666666666666,22967.013333333332,6039.44,75.94030985984136,75.94030985984136
scifact_dense,47,decision_value,4,10,0.6654040441317547,0.8577777777777779,18.0,16.0,57.06666666666666,26243.13333333333,7186.4,75.94030985984136,7.594030985984136
scifact_dense,47,decision_value,4,50,0.6654040441317547,0.8577777777777779,58.0,16.0,93.33333333333333,40803.666666666664,12284.0,75.94030985984136,1.5188061971968272
scifact_dense,47,decision_value,4,200,0.6654040441317547,0.8577777777777779,208.0,16.0,229.33333333333331,95405.66666666666,31400.0,75.94030985984136,0.3797015492992068
scifact_dense,47,decision_value,8,1,0.6654040441317547,0.8577777777777779,17.0,16.0,48.906666666666666,22967.013333333332,6039.44,75.94030985984136,75.94030985984136
scifact_dense,47,decision_value,8,10,0.6654040441317547,0.8577777777777779,26.0,16.0,57.06666666666666,26243.13333333333,7186.4,75.94030985984136,7.594030985984136
scifact_dense,47,decision_value,8,50,0.6654040441317547,0.8577777777777779,66.0,16.0,93.33333333333333,40803.666666666664,12284.0,75.94030985984136,1.5188061971968272
scifact_dense,47,decision_value,8,200,0.6654040441317547,0.8577777777777779,216.0,16.0,229.33333333333331,95405.66666666666,31400.0,75.94030985984136,0.3797015492992068
scifact_dense,47,decision_value,16,1,0.6654040441317547,0.8577777777777779,35.0,16.0,48.906666666666666,22967.013333333332,6039.44,75.94030985984136,75.94030985984136
scifact_dense,47,decision_value,16,10,0.6654040441317547,0.8577777777777779,44.0,16.0,57.06666666666666,26243.13333333333,7186.4,75.94030985984136,7.594030985984136
scifact_dense,47,decision_value,16,50,0.6654040441317547,0.8577777777777779,84.0,16.0,93.33333333333333,40803.666666666664,12284.0,75.94030985984136,1.5188061971968272
scifact_dense,47,decision_value,16,200,0.6654040441317547,0.8577777777777779,234.0,16.0,229.33333333333331,95405.66666666666,31400.0,75.94030985984136,0.3797015492992068
scifact_dense,47,decision_value,32,1,0.679462681467481,0.8644444444444446,77.0,16.0,49.0,23003.7,6050.993333333334,75.94030985984136,75.94030985984136
scifact_dense,47,decision_value,32,10,0.679462681467481,0.8644444444444446,86.0,16.0,58.0,26610.0,7301.933333333333,75.94030985984136,7.594030985984136
scifact_dense,47,decision_value,32,50,0.679462681467481,0.8644444444444446,126.0,16.0,98.0,42638.0,12861.666666666668,75.94030985984136,1.5188061971968272
scifact_dense,47,decision_value,32,200,0.679462681467481,0.8644444444444446,276.0,16.0,248.0,102743.0,33710.66666666667,75.94030985984136,0.3797015492992068
