environment,family,seed,budget,method,ndcg,delta_vs_source_router,onboarding_operations,task_searches,workload,total_operations,mean_profile_apply_seconds
scifact_bm25,exact_title,11,0,source_router,0.6209204636764345,0.0,0,1,1,1,0.0
scifact_bm25,exact_title,11,0,source_router,0.6209204636764345,0.0,0,1,10,10,0.0
scifact_bm25,exact_title,11,0,source_router,0.6209204636764345,0.0,0,1,50,50,0.0
scifact_bm25,exact_title,11,0,source_router,0.6209204636764345,0.0,0,1,200,200,0.0
scifact_bm25,exact_title,11,0,profile_router,0.6209204636764345,0.0,0,1,1,1,3.785279889901479e-06
scifact_bm25,exact_title,11,0,profile_router,0.6209204636764345,0.0,0,1,10,10,3.785279889901479e-06
scifact_bm25,exact_title,11,0,profile_router,0.6209204636764345,0.0,0,1,50,50,3.785279889901479e-06
scifact_bm25,exact_title,11,0,profile_router,0.6209204636764345,0.0,0,1,200,200,3.785279889901479e-06
scifact_bm25,exact_title,11,0,probe_only,0.6061398767848605,-0.014780586891574037,0,1,1,1,0.0
scifact_bm25,exact_title,11,0,probe_only,0.6061398767848605,-0.014780586891574037,0,1,10,10,0.0
scifact_bm25,exact_title,11,0,probe_only,0.6061398767848605,-0.014780586891574037,0,1,50,50,0.0
scifact_bm25,exact_title,11,0,probe_only,0.6061398767848605,-0.014780586891574037,0,1,200,200,0.0
scifact_bm25,exact_title,11,0,rrf_extra,0.6104794412926243,-0.010441022383810148,0,2,1,2,0.0
scifact_bm25,exact_title,11,0,rrf_extra,0.6104794412926243,-0.010441022383810148,0,2,10,20,0.0
scifact_bm25,exact_title,11,0,rrf_extra,0.6104794412926243,-0.010441022383810148,0,2,50,100,0.0
scifact_bm25,exact_title,11,0,rrf_extra,0.6104794412926243,-0.010441022383810148,0,2,200,400,0.0
scifact_bm25,exact_title,11,16,source_router,0.6209204636764345,0.0,0,1,1,1,0.0
scifact_bm25,exact_title,11,16,source_router,0.6209204636764345,0.0,0,1,10,10,0.0
scifact_bm25,exact_title,11,16,source_router,0.6209204636764345,0.0,0,1,50,50,0.0
scifact_bm25,exact_title,11,16,source_router,0.6209204636764345,0.0,0,1,200,200,0.0
scifact_bm25,exact_title,11,16,profile_router,0.6209204636764345,0.0,15,1,1,16,3.6066661899288497e-06
scifact_bm25,exact_title,11,16,profile_router,0.6209204636764345,0.0,15,1,10,25,3.6066661899288497e-06
scifact_bm25,exact_title,11,16,profile_router,0.6209204636764345,0.0,15,1,50,65,3.6066661899288497e-06
scifact_bm25,exact_title,11,16,profile_router,0.6209204636764345,0.0,15,1,200,215,3.6066661899288497e-06
scifact_bm25,exact_title,11,16,probe_only,0.6061398767848605,-0.014780586891574037,15,1,1,16,0.0
scifact_bm25,exact_title,11,16,probe_only,0.6061398767848605,-0.014780586891574037,15,1,10,25,0.0
scifact_bm25,exact_title,11,16,probe_only,0.6061398767848605,-0.014780586891574037,15,1,50,65,0.0
scifact_bm25,exact_title,11,16,probe_only,0.6061398767848605,-0.014780586891574037,15,1,200,215,0.0
scifact_bm25,exact_title,11,16,rrf_extra,0.6104794412926243,-0.010441022383810148,0,2,1,2,0.0
scifact_bm25,exact_title,11,16,rrf_extra,0.6104794412926243,-0.010441022383810148,0,2,10,20,0.0
scifact_bm25,exact_title,11,16,rrf_extra,0.6104794412926243,-0.010441022383810148,0,2,50,100,0.0
scifact_bm25,exact_title,11,16,rrf_extra,0.6104794412926243,-0.010441022383810148,0,2,200,400,0.0
scifact_bm25,exact_title,11,64,source_router,0.6209204636764345,0.0,0,1,1,1,0.0
scifact_bm25,exact_title,11,64,source_router,0.6209204636764345,0.0,0,1,10,10,0.0
scifact_bm25,exact_title,11,64,source_router,0.6209204636764345,0.0,0,1,50,50,0.0
scifact_bm25,exact_title,11,64,source_router,0.6209204636764345,0.0,0,1,200,200,0.0
scifact_bm25,exact_title,11,64,profile_router,0.6209204636764345,0.0,63,1,1,64,3.521113346020381e-06
scifact_bm25,exact_title,11,64,profile_router,0.6209204636764345,0.0,63,1,10,73,3.521113346020381e-06
scifact_bm25,exact_title,11,64,profile_router,0.6209204636764345,0.0,63,1,50,113,3.521113346020381e-06
scifact_bm25,exact_title,11,64,profile_router,0.6209204636764345,0.0,63,1,200,263,3.521113346020381e-06
scifact_bm25,exact_title,11,64,probe_only,0.6061398767848605,-0.014780586891574037,63,1,1,64,0.0
scifact_bm25,exact_title,11,64,probe_only,0.6061398767848605,-0.014780586891574037,63,1,10,73,0.0
scifact_bm25,exact_title,11,64,probe_only,0.6061398767848605,-0.014780586891574037,63,1,50,113,0.0
scifact_bm25,exact_title,11,64,probe_only,0.6061398767848605,-0.014780586891574037,63,1,200,263,0.0
scifact_bm25,exact_title,11,64,rrf_extra,0.6104794412926243,-0.010441022383810148,0,2,1,2,0.0
scifact_bm25,exact_title,11,64,rrf_extra,0.6104794412926243,-0.010441022383810148,0,2,10,20,0.0
scifact_bm25,exact_title,11,64,rrf_extra,0.6104794412926243,-0.010441022383810148,0,2,50,100,0.0
scifact_bm25,exact_title,11,64,rrf_extra,0.6104794412926243,-0.010441022383810148,0,2,200,400,0.0
scifact_bm25,exact_title,11,256,source_router,0.6209204636764345,0.0,0,1,1,1,0.0
scifact_bm25,exact_title,11,256,source_router,0.6209204636764345,0.0,0,1,10,10,0.0
scifact_bm25,exact_title,11,256,source_router,0.6209204636764345,0.0,0,1,50,50,0.0
scifact_bm25,exact_title,11,256,source_router,0.6209204636764345,0.0,0,1,200,200,0.0
scifact_bm25,exact_title,11,256,profile_router,0.6209204636764345,0.0,192,1,1,193,3.551946332057317e-06
scifact_bm25,exact_title,11,256,profile_router,0.6209204636764345,0.0,192,1,10,202,3.551946332057317e-06
scifact_bm25,exact_title,11,256,profile_router,0.6209204636764345,0.0,192,1,50,242,3.551946332057317e-06
scifact_bm25,exact_title,11,256,profile_router,0.6209204636764345,0.0,192,1,200,392,3.551946332057317e-06
scifact_bm25,exact_title,11,256,probe_only,0.6061398767848605,-0.014780586891574037,192,1,1,193,0.0
scifact_bm25,exact_title,11,256,probe_only,0.6061398767848605,-0.014780586891574037,192,1,10,202,0.0
scifact_bm25,exact_title,11,256,probe_only,0.6061398767848605,-0.014780586891574037,192,1,50,242,0.0
scifact_bm25,exact_title,11,256,probe_only,0.6061398767848605,-0.014780586891574037,192,1,200,392,0.0
scifact_bm25,exact_title,11,256,rrf_extra,0.6104794412926243,-0.010441022383810148,0,2,1,2,0.0
scifact_bm25,exact_title,11,256,rrf_extra,0.6104794412926243,-0.010441022383810148,0,2,10,20,0.0
scifact_bm25,exact_title,11,256,rrf_extra,0.6104794412926243,-0.010441022383810148,0,2,50,100,0.0
scifact_bm25,exact_title,11,256,rrf_extra,0.6104794412926243,-0.010441022383810148,0,2,200,400,0.0
scifact_bm25,exact_title,23,0,source_router,0.6209204636764345,0.0,0,1,1,1,0.0
scifact_bm25,exact_title,23,0,source_router,0.6209204636764345,0.0,0,1,10,10,0.0
scifact_bm25,exact_title,23,0,source_router,0.6209204636764345,0.0,0,1,50,50,0.0
scifact_bm25,exact_title,23,0,source_router,0.6209204636764345,0.0,0,1,200,200,0.0
scifact_bm25,exact_title,23,0,profile_router,0.6209204636764345,0.0,0,1,1,1,5.013053305447102e-06
scifact_bm25,exact_title,23,0,profile_router,0.6209204636764345,0.0,0,1,10,10,5.013053305447102e-06
scifact_bm25,exact_title,23,0,profile_router,0.6209204636764345,0.0,0,1,50,50,5.013053305447102e-06
scifact_bm25,exact_title,23,0,profile_router,0.6209204636764345,0.0,0,1,200,200,5.013053305447102e-06
scifact_bm25,exact_title,23,0,probe_only,0.6061398767848605,-0.014780586891574037,0,1,1,1,0.0
scifact_bm25,exact_title,23,0,probe_only,0.6061398767848605,-0.014780586891574037,0,1,10,10,0.0
scifact_bm25,exact_title,23,0,probe_only,0.6061398767848605,-0.014780586891574037,0,1,50,50,0.0
scifact_bm25,exact_title,23,0,probe_only,0.6061398767848605,-0.014780586891574037,0,1,200,200,0.0
scifact_bm25,exact_title,23,0,rrf_extra,0.6104794412926243,-0.010441022383810148,0,2,1,2,0.0
scifact_bm25,exact_title,23,0,rrf_extra,0.6104794412926243,-0.010441022383810148,0,2,10,20,0.0
scifact_bm25,exact_title,23,0,rrf_extra,0.6104794412926243,-0.010441022383810148,0,2,50,100,0.0
scifact_bm25,exact_title,23,0,rrf_extra,0.6104794412926243,-0.010441022383810148,0,2,200,400,0.0
scifact_bm25,exact_title,23,16,source_router,0.6209204636764345,0.0,0,1,1,1,0.0
scifact_bm25,exact_title,23,16,source_router,0.6209204636764345,0.0,0,1,10,10,0.0
scifact_bm25,exact_title,23,16,source_router,0.6209204636764345,0.0,0,1,50,50,0.0
scifact_bm25,exact_title,23,16,source_router,0.6209204636764345,0.0,0,1,200,200,0.0
scifact_bm25,exact_title,23,16,profile_router,0.6209204636764345,0.0,15,1,1,16,3.3711067711313565e-06
scifact_bm25,exact_title,23,16,profile_router,0.6209204636764345,0.0,15,1,10,25,3.3711067711313565e-06
scifact_bm25,exact_title,23,16,profile_router,0.6209204636764345,0.0,15,1,50,65,3.3711067711313565e-06
scifact_bm25,exact_title,23,16,profile_router,0.6209204636764345,0.0,15,1,200,215,3.3711067711313565e-06
scifact_bm25,exact_title,23,16,probe_only,0.6061398767848605,-0.014780586891574037,15,1,1,16,0.0
scifact_bm25,exact_title,23,16,probe_only,0.6061398767848605,-0.014780586891574037,15,1,10,25,0.0
scifact_bm25,exact_title,23,16,probe_only,0.6061398767848605,-0.014780586891574037,15,1,50,65,0.0
scifact_bm25,exact_title,23,16,probe_only,0.6061398767848605,-0.014780586891574037,15,1,200,215,0.0
scifact_bm25,exact_title,23,16,rrf_extra,0.6104794412926243,-0.010441022383810148,0,2,1,2,0.0
scifact_bm25,exact_title,23,16,rrf_extra,0.6104794412926243,-0.010441022383810148,0,2,10,20,0.0
scifact_bm25,exact_title,23,16,rrf_extra,0.6104794412926243,-0.010441022383810148,0,2,50,100,0.0
scifact_bm25,exact_title,23,16,rrf_extra,0.6104794412926243,-0.010441022383810148,0,2,200,400,0.0
scifact_bm25,exact_title,23,64,source_router,0.6209204636764345,0.0,0,1,1,1,0.0
scifact_bm25,exact_title,23,64,source_router,0.6209204636764345,0.0,0,1,10,10,0.0
scifact_bm25,exact_title,23,64,source_router,0.6209204636764345,0.0,0,1,50,50,0.0
scifact_bm25,exact_title,23,64,source_router,0.6209204636764345,0.0,0,1,200,200,0.0
scifact_bm25,exact_title,23,64,profile_router,0.6209204636764345,0.0,63,1,1,64,3.470832792421182e-06
scifact_bm25,exact_title,23,64,profile_router,0.6209204636764345,0.0,63,1,10,73,3.470832792421182e-06
scifact_bm25,exact_title,23,64,profile_router,0.6209204636764345,0.0,63,1,50,113,3.470832792421182e-06
scifact_bm25,exact_title,23,64,profile_router,0.6209204636764345,0.0,63,1,200,263,3.470832792421182e-06
scifact_bm25,exact_title,23,64,probe_only,0.6061398767848605,-0.014780586891574037,63,1,1,64,0.0
scifact_bm25,exact_title,23,64,probe_only,0.6061398767848605,-0.014780586891574037,63,1,10,73,0.0
scifact_bm25,exact_title,23,64,probe_only,0.6061398767848605,-0.014780586891574037,63,1,50,113,0.0
scifact_bm25,exact_title,23,64,probe_only,0.6061398767848605,-0.014780586891574037,63,1,200,263,0.0
scifact_bm25,exact_title,23,64,rrf_extra,0.6104794412926243,-0.010441022383810148,0,2,1,2,0.0
scifact_bm25,exact_title,23,64,rrf_extra,0.6104794412926243,-0.010441022383810148,0,2,10,20,0.0
scifact_bm25,exact_title,23,64,rrf_extra,0.6104794412926243,-0.010441022383810148,0,2,50,100,0.0
scifact_bm25,exact_title,23,64,rrf_extra,0.6104794412926243,-0.010441022383810148,0,2,200,400,0.0
scifact_bm25,exact_title,23,256,source_router,0.6209204636764345,0.0,0,1,1,1,0.0
scifact_bm25,exact_title,23,256,source_router,0.6209204636764345,0.0,0,1,10,10,0.0
scifact_bm25,exact_title,23,256,source_router,0.6209204636764345,0.0,0,1,50,50,0.0
scifact_bm25,exact_title,23,256,source_router,0.6209204636764345,0.0,0,1,200,200,0.0
scifact_bm25,exact_title,23,256,profile_router,0.6209204636764345,0.0,192,1,1,193,3.430560075988372e-06
scifact_bm25,exact_title,23,256,profile_router,0.6209204636764345,0.0,192,1,10,202,3.430560075988372e-06
scifact_bm25,exact_title,23,256,profile_router,0.6209204636764345,0.0,192,1,50,242,3.430560075988372e-06
scifact_bm25,exact_title,23,256,profile_router,0.6209204636764345,0.0,192,1,200,392,3.430560075988372e-06
scifact_bm25,exact_title,23,256,probe_only,0.6061398767848605,-0.014780586891574037,192,1,1,193,0.0
scifact_bm25,exact_title,23,256,probe_only,0.6061398767848605,-0.014780586891574037,192,1,10,202,0.0
scifact_bm25,exact_title,23,256,probe_only,0.6061398767848605,-0.014780586891574037,192,1,50,242,0.0
scifact_bm25,exact_title,23,256,probe_only,0.6061398767848605,-0.014780586891574037,192,1,200,392,0.0
scifact_bm25,exact_title,23,256,rrf_extra,0.6104794412926243,-0.010441022383810148,0,2,1,2,0.0
scifact_bm25,exact_title,23,256,rrf_extra,0.6104794412926243,-0.010441022383810148,0,2,10,20,0.0
scifact_bm25,exact_title,23,256,rrf_extra,0.6104794412926243,-0.010441022383810148,0,2,50,100,0.0
scifact_bm25,exact_title,23,256,rrf_extra,0.6104794412926243,-0.010441022383810148,0,2,200,400,0.0
scifact_bm25,exact_title,47,0,source_router,0.6209204636764345,0.0,0,1,1,1,0.0
scifact_bm25,exact_title,47,0,source_router,0.6209204636764345,0.0,0,1,10,10,0.0
scifact_bm25,exact_title,47,0,source_router,0.6209204636764345,0.0,0,1,50,50,0.0
scifact_bm25,exact_title,47,0,source_router,0.6209204636764345,0.0,0,1,200,200,0.0
scifact_bm25,exact_title,47,0,profile_router,0.6209204636764345,0.0,0,1,1,1,3.4974996621410054e-06
scifact_bm25,exact_title,47,0,profile_router,0.6209204636764345,0.0,0,1,10,10,3.4974996621410054e-06
scifact_bm25,exact_title,47,0,profile_router,0.6209204636764345,0.0,0,1,50,50,3.4974996621410054e-06
scifact_bm25,exact_title,47,0,profile_router,0.6209204636764345,0.0,0,1,200,200,3.4974996621410054e-06
scifact_bm25,exact_title,47,0,probe_only,0.6061398767848605,-0.014780586891574037,0,1,1,1,0.0
scifact_bm25,exact_title,47,0,probe_only,0.6061398767848605,-0.014780586891574037,0,1,10,10,0.0
scifact_bm25,exact_title,47,0,probe_only,0.6061398767848605,-0.014780586891574037,0,1,50,50,0.0
scifact_bm25,exact_title,47,0,probe_only,0.6061398767848605,-0.014780586891574037,0,1,200,200,0.0
scifact_bm25,exact_title,47,0,rrf_extra,0.6104794412926243,-0.010441022383810148,0,2,1,2,0.0
scifact_bm25,exact_title,47,0,rrf_extra,0.6104794412926243,-0.010441022383810148,0,2,10,20,0.0
scifact_bm25,exact_title,47,0,rrf_extra,0.6104794412926243,-0.010441022383810148,0,2,50,100,0.0
scifact_bm25,exact_title,47,0,rrf_extra,0.6104794412926243,-0.010441022383810148,0,2,200,400,0.0
scifact_bm25,exact_title,47,16,source_router,0.6209204636764345,0.0,0,1,1,1,0.0
scifact_bm25,exact_title,47,16,source_router,0.6209204636764345,0.0,0,1,10,10,0.0
scifact_bm25,exact_title,47,16,source_router,0.6209204636764345,0.0,0,1,50,50,0.0
scifact_bm25,exact_title,47,16,source_router,0.6209204636764345,0.0,0,1,200,200,0.0
scifact_bm25,exact_title,47,16,profile_router,0.6209204636764345,0.0,15,1,1,16,3.510833097000917e-06
scifact_bm25,exact_title,47,16,profile_router,0.6209204636764345,0.0,15,1,10,25,3.510833097000917e-06
scifact_bm25,exact_title,47,16,profile_router,0.6209204636764345,0.0,15,1,50,65,3.510833097000917e-06
scifact_bm25,exact_title,47,16,profile_router,0.6209204636764345,0.0,15,1,200,215,3.510833097000917e-06
scifact_bm25,exact_title,47,16,probe_only,0.6061398767848605,-0.014780586891574037,15,1,1,16,0.0
scifact_bm25,exact_title,47,16,probe_only,0.6061398767848605,-0.014780586891574037,15,1,10,25,0.0
scifact_bm25,exact_title,47,16,probe_only,0.6061398767848605,-0.014780586891574037,15,1,50,65,0.0
scifact_bm25,exact_title,47,16,probe_only,0.6061398767848605,-0.014780586891574037,15,1,200,215,0.0
scifact_bm25,exact_title,47,16,rrf_extra,0.6104794412926243,-0.010441022383810148,0,2,1,2,0.0
scifact_bm25,exact_title,47,16,rrf_extra,0.6104794412926243,-0.010441022383810148,0,2,10,20,0.0
scifact_bm25,exact_title,47,16,rrf_extra,0.6104794412926243,-0.010441022383810148,0,2,50,100,0.0
scifact_bm25,exact_title,47,16,rrf_extra,0.6104794412926243,-0.010441022383810148,0,2,200,400,0.0
scifact_bm25,exact_title,47,64,source_router,0.6209204636764345,0.0,0,1,1,1,0.0
scifact_bm25,exact_title,47,64,source_router,0.6209204636764345,0.0,0,1,10,10,0.0
scifact_bm25,exact_title,47,64,source_router,0.6209204636764345,0.0,0,1,50,50,0.0
scifact_bm25,exact_title,47,64,source_router,0.6209204636764345,0.0,0,1,200,200,0.0
scifact_bm25,exact_title,47,64,profile_router,0.6209204636764345,0.0,63,1,1,64,3.5255526502927144e-06
scifact_bm25,exact_title,47,64,profile_router,0.6209204636764345,0.0,63,1,10,73,3.5255526502927144e-06
scifact_bm25,exact_title,47,64,profile_router,0.6209204636764345,0.0,63,1,50,113,3.5255526502927144e-06
scifact_bm25,exact_title,47,64,profile_router,0.6209204636764345,0.0,63,1,200,263,3.5255526502927144e-06
scifact_bm25,exact_title,47,64,probe_only,0.6061398767848605,-0.014780586891574037,63,1,1,64,0.0
scifact_bm25,exact_title,47,64,probe_only,0.6061398767848605,-0.014780586891574037,63,1,10,73,0.0
scifact_bm25,exact_title,47,64,probe_only,0.6061398767848605,-0.014780586891574037,63,1,50,113,0.0
scifact_bm25,exact_title,47,64,probe_only,0.6061398767848605,-0.014780586891574037,63,1,200,263,0.0
scifact_bm25,exact_title,47,64,rrf_extra,0.6104794412926243,-0.010441022383810148,0,2,1,2,0.0
scifact_bm25,exact_title,47,64,rrf_extra,0.6104794412926243,-0.010441022383810148,0,2,10,20,0.0
scifact_bm25,exact_title,47,64,rrf_extra,0.6104794412926243,-0.010441022383810148,0,2,50,100,0.0
scifact_bm25,exact_title,47,64,rrf_extra,0.6104794412926243,-0.010441022383810148,0,2,200,400,0.0
scifact_bm25,exact_title,47,256,source_router,0.6209204636764345,0.0,0,1,1,1,0.0
scifact_bm25,exact_title,47,256,source_router,0.6209204636764345,0.0,0,1,10,10,0.0
scifact_bm25,exact_title,47,256,source_router,0.6209204636764345,0.0,0,1,50,50,0.0
scifact_bm25,exact_title,47,256,source_router,0.6209204636764345,0.0,0,1,200,200,0.0
scifact_bm25,exact_title,47,256,profile_router,0.6209204636764345,0.0,192,1,1,193,3.5299997155865034e-06
scifact_bm25,exact_title,47,256,profile_router,0.6209204636764345,0.0,192,1,10,202,3.5299997155865034e-06
scifact_bm25,exact_title,47,256,profile_router,0.6209204636764345,0.0,192,1,50,242,3.5299997155865034e-06
scifact_bm25,exact_title,47,256,profile_router,0.6209204636764345,0.0,192,1,200,392,3.5299997155865034e-06
scifact_bm25,exact_title,47,256,probe_only,0.6061398767848605,-0.014780586891574037,192,1,1,193,0.0
scifact_bm25,exact_title,47,256,probe_only,0.6061398767848605,-0.014780586891574037,192,1,10,202,0.0
scifact_bm25,exact_title,47,256,probe_only,0.6061398767848605,-0.014780586891574037,192,1,50,242,0.0
scifact_bm25,exact_title,47,256,probe_only,0.6061398767848605,-0.014780586891574037,192,1,200,392,0.0
scifact_bm25,exact_title,47,256,rrf_extra,0.6104794412926243,-0.010441022383810148,0,2,1,2,0.0
scifact_bm25,exact_title,47,256,rrf_extra,0.6104794412926243,-0.010441022383810148,0,2,10,20,0.0
scifact_bm25,exact_title,47,256,rrf_extra,0.6104794412926243,-0.010441022383810148,0,2,50,100,0.0
scifact_bm25,exact_title,47,256,rrf_extra,0.6104794412926243,-0.010441022383810148,0,2,200,400,0.0
scifact_bm25,body_terms,11,0,source_router,0.6209204636764345,0.0,0,1,1,1,0.0
scifact_bm25,body_terms,11,0,source_router,0.6209204636764345,0.0,0,1,10,10,0.0
scifact_bm25,body_terms,11,0,source_router,0.6209204636764345,0.0,0,1,50,50,0.0
scifact_bm25,body_terms,11,0,source_router,0.6209204636764345,0.0,0,1,200,200,0.0
scifact_bm25,body_terms,11,0,profile_router,0.6209204636764345,0.0,0,1,1,1,3.563886663566033e-06
scifact_bm25,body_terms,11,0,profile_router,0.6209204636764345,0.0,0,1,10,10,3.563886663566033e-06
scifact_bm25,body_terms,11,0,profile_router,0.6209204636764345,0.0,0,1,50,50,3.563886663566033e-06
scifact_bm25,body_terms,11,0,profile_router,0.6209204636764345,0.0,0,1,200,200,3.563886663566033e-06
scifact_bm25,body_terms,11,0,probe_only,0.6061398767848605,-0.014780586891574037,0,1,1,1,0.0
scifact_bm25,body_terms,11,0,probe_only,0.6061398767848605,-0.014780586891574037,0,1,10,10,0.0
scifact_bm25,body_terms,11,0,probe_only,0.6061398767848605,-0.014780586891574037,0,1,50,50,0.0
scifact_bm25,body_terms,11,0,probe_only,0.6061398767848605,-0.014780586891574037,0,1,200,200,0.0
scifact_bm25,body_terms,11,0,rrf_extra,0.6104794412926243,-0.010441022383810148,0,2,1,2,0.0
scifact_bm25,body_terms,11,0,rrf_extra,0.6104794412926243,-0.010441022383810148,0,2,10,20,0.0
scifact_bm25,body_terms,11,0,rrf_extra,0.6104794412926243,-0.010441022383810148,0,2,50,100,0.0
scifact_bm25,body_terms,11,0,rrf_extra,0.6104794412926243,-0.010441022383810148,0,2,200,400,0.0
scifact_bm25,body_terms,11,16,source_router,0.6209204636764345,0.0,0,1,1,1,0.0
scifact_bm25,body_terms,11,16,source_router,0.6209204636764345,0.0,0,1,10,10,0.0
scifact_bm25,body_terms,11,16,source_router,0.6209204636764345,0.0,0,1,50,50,0.0
scifact_bm25,body_terms,11,16,source_router,0.6209204636764345,0.0,0,1,200,200,0.0
scifact_bm25,body_terms,11,16,profile_router,0.6209204636764345,0.0,15,1,1,16,3.5413928950826326e-06
scifact_bm25,body_terms,11,16,profile_router,0.6209204636764345,0.0,15,1,10,25,3.5413928950826326e-06
scifact_bm25,body_terms,11,16,profile_router,0.6209204636764345,0.0,15,1,50,65,3.5413928950826326e-06
scifact_bm25,body_terms,11,16,profile_router,0.6209204636764345,0.0,15,1,200,215,3.5413928950826326e-06
scifact_bm25,body_terms,11,16,probe_only,0.6061398767848605,-0.014780586891574037,15,1,1,16,0.0
scifact_bm25,body_terms,11,16,probe_only,0.6061398767848605,-0.014780586891574037,15,1,10,25,0.0
scifact_bm25,body_terms,11,16,probe_only,0.6061398767848605,-0.014780586891574037,15,1,50,65,0.0
scifact_bm25,body_terms,11,16,probe_only,0.6061398767848605,-0.014780586891574037,15,1,200,215,0.0
scifact_bm25,body_terms,11,16,rrf_extra,0.6104794412926243,-0.010441022383810148,0,2,1,2,0.0
scifact_bm25,body_terms,11,16,rrf_extra,0.6104794412926243,-0.010441022383810148,0,2,10,20,0.0
scifact_bm25,body_terms,11,16,rrf_extra,0.6104794412926243,-0.010441022383810148,0,2,50,100,0.0
scifact_bm25,body_terms,11,16,rrf_extra,0.6104794412926243,-0.010441022383810148,0,2,200,400,0.0
scifact_bm25,body_terms,11,64,source_router,0.6209204636764345,0.0,0,1,1,1,0.0
scifact_bm25,body_terms,11,64,source_router,0.6209204636764345,0.0,0,1,10,10,0.0
scifact_bm25,body_terms,11,64,source_router,0.6209204636764345,0.0,0,1,50,50,0.0
scifact_bm25,body_terms,11,64,source_router,0.6209204636764345,0.0,0,1,200,200,0.0
scifact_bm25,body_terms,11,64,profile_router,0.6209204636764345,0.0,63,1,1,64,3.548886937399705e-06
scifact_bm25,body_terms,11,64,profile_router,0.6209204636764345,0.0,63,1,10,73,3.548886937399705e-06
scifact_bm25,body_terms,11,64,profile_router,0.6209204636764345,0.0,63,1,50,113,3.548886937399705e-06
scifact_bm25,body_terms,11,64,profile_router,0.6209204636764345,0.0,63,1,200,263,3.548886937399705e-06
scifact_bm25,body_terms,11,64,probe_only,0.6061398767848605,-0.014780586891574037,63,1,1,64,0.0
scifact_bm25,body_terms,11,64,probe_only,0.6061398767848605,-0.014780586891574037,63,1,10,73,0.0
scifact_bm25,body_terms,11,64,probe_only,0.6061398767848605,-0.014780586891574037,63,1,50,113,0.0
scifact_bm25,body_terms,11,64,probe_only,0.6061398767848605,-0.014780586891574037,63,1,200,263,0.0
scifact_bm25,body_terms,11,64,rrf_extra,0.6104794412926243,-0.010441022383810148,0,2,1,2,0.0
scifact_bm25,body_terms,11,64,rrf_extra,0.6104794412926243,-0.010441022383810148,0,2,10,20,0.0
scifact_bm25,body_terms,11,64,rrf_extra,0.6104794412926243,-0.010441022383810148,0,2,50,100,0.0
scifact_bm25,body_terms,11,64,rrf_extra,0.6104794412926243,-0.010441022383810148,0,2,200,400,0.0
scifact_bm25,body_terms,11,256,source_router,0.6209204636764345,0.0,0,1,1,1,0.0
scifact_bm25,body_terms,11,256,source_router,0.6209204636764345,0.0,0,1,10,10,0.0
scifact_bm25,body_terms,11,256,source_router,0.6209204636764345,0.0,0,1,50,50,0.0
scifact_bm25,body_terms,11,256,source_router,0.6209204636764345,0.0,0,1,200,200,0.0
scifact_bm25,body_terms,11,256,profile_router,0.6209204636764345,0.0,192,1,1,193,3.650833386927843e-06
scifact_bm25,body_terms,11,256,profile_router,0.6209204636764345,0.0,192,1,10,202,3.650833386927843e-06
scifact_bm25,body_terms,11,256,profile_router,0.6209204636764345,0.0,192,1,50,242,3.650833386927843e-06
scifact_bm25,body_terms,11,256,profile_router,0.6209204636764345,0.0,192,1,200,392,3.650833386927843e-06
scifact_bm25,body_terms,11,256,probe_only,0.6061398767848605,-0.014780586891574037,192,1,1,193,0.0
scifact_bm25,body_terms,11,256,probe_only,0.6061398767848605,-0.014780586891574037,192,1,10,202,0.0
scifact_bm25,body_terms,11,256,probe_only,0.6061398767848605,-0.014780586891574037,192,1,50,242,0.0
scifact_bm25,body_terms,11,256,probe_only,0.6061398767848605,-0.014780586891574037,192,1,200,392,0.0
scifact_bm25,body_terms,11,256,rrf_extra,0.6104794412926243,-0.010441022383810148,0,2,1,2,0.0
scifact_bm25,body_terms,11,256,rrf_extra,0.6104794412926243,-0.010441022383810148,0,2,10,20,0.0
scifact_bm25,body_terms,11,256,rrf_extra,0.6104794412926243,-0.010441022383810148,0,2,50,100,0.0
scifact_bm25,body_terms,11,256,rrf_extra,0.6104794412926243,-0.010441022383810148,0,2,200,400,0.0
scifact_bm25,body_terms,23,0,source_router,0.6209204636764345,0.0,0,1,1,1,0.0
scifact_bm25,body_terms,23,0,source_router,0.6209204636764345,0.0,0,1,10,10,0.0
scifact_bm25,body_terms,23,0,source_router,0.6209204636764345,0.0,0,1,50,50,0.0
scifact_bm25,body_terms,23,0,source_router,0.6209204636764345,0.0,0,1,200,200,0.0
scifact_bm25,body_terms,23,0,profile_router,0.6209204636764345,0.0,0,1,1,1,3.531112646063169e-06
scifact_bm25,body_terms,23,0,profile_router,0.6209204636764345,0.0,0,1,10,10,3.531112646063169e-06
scifact_bm25,body_terms,23,0,profile_router,0.6209204636764345,0.0,0,1,50,50,3.531112646063169e-06
scifact_bm25,body_terms,23,0,profile_router,0.6209204636764345,0.0,0,1,200,200,3.531112646063169e-06
scifact_bm25,body_terms,23,0,probe_only,0.6061398767848605,-0.014780586891574037,0,1,1,1,0.0
scifact_bm25,body_terms,23,0,probe_only,0.6061398767848605,-0.014780586891574037,0,1,10,10,0.0
scifact_bm25,body_terms,23,0,probe_only,0.6061398767848605,-0.014780586891574037,0,1,50,50,0.0
scifact_bm25,body_terms,23,0,probe_only,0.6061398767848605,-0.014780586891574037,0,1,200,200,0.0
scifact_bm25,body_terms,23,0,rrf_extra,0.6104794412926243,-0.010441022383810148,0,2,1,2,0.0
scifact_bm25,body_terms,23,0,rrf_extra,0.6104794412926243,-0.010441022383810148,0,2,10,20,0.0
scifact_bm25,body_terms,23,0,rrf_extra,0.6104794412926243,-0.010441022383810148,0,2,50,100,0.0
scifact_bm25,body_terms,23,0,rrf_extra,0.6104794412926243,-0.010441022383810148,0,2,200,400,0.0
scifact_bm25,body_terms,23,16,source_router,0.6209204636764345,0.0,0,1,1,1,0.0
scifact_bm25,body_terms,23,16,source_router,0.6209204636764345,0.0,0,1,10,10,0.0
scifact_bm25,body_terms,23,16,source_router,0.6209204636764345,0.0,0,1,50,50,0.0
scifact_bm25,body_terms,23,16,source_router,0.6209204636764345,0.0,0,1,200,200,0.0
scifact_bm25,body_terms,23,16,profile_router,0.6209204636764345,0.0,15,1,1,16,3.5036068099240463e-06
scifact_bm25,body_terms,23,16,profile_router,0.6209204636764345,0.0,15,1,10,25,3.5036068099240463e-06
scifact_bm25,body_terms,23,16,profile_router,0.6209204636764345,0.0,15,1,50,65,3.5036068099240463e-06
scifact_bm25,body_terms,23,16,profile_router,0.6209204636764345,0.0,15,1,200,215,3.5036068099240463e-06
scifact_bm25,body_terms,23,16,probe_only,0.6061398767848605,-0.014780586891574037,15,1,1,16,0.0
scifact_bm25,body_terms,23,16,probe_only,0.6061398767848605,-0.014780586891574037,15,1,10,25,0.0
scifact_bm25,body_terms,23,16,probe_only,0.6061398767848605,-0.014780586891574037,15,1,50,65,0.0
scifact_bm25,body_terms,23,16,probe_only,0.6061398767848605,-0.014780586891574037,15,1,200,215,0.0
scifact_bm25,body_terms,23,16,rrf_extra,0.6104794412926243,-0.010441022383810148,0,2,1,2,0.0
scifact_bm25,body_terms,23,16,rrf_extra,0.6104794412926243,-0.010441022383810148,0,2,10,20,0.0
scifact_bm25,body_terms,23,16,rrf_extra,0.6104794412926243,-0.010441022383810148,0,2,50,100,0.0
scifact_bm25,body_terms,23,16,rrf_extra,0.6104794412926243,-0.010441022383810148,0,2,200,400,0.0
scifact_bm25,body_terms,23,64,source_router,0.6209204636764345,0.0,0,1,1,1,0.0
scifact_bm25,body_terms,23,64,source_router,0.6209204636764345,0.0,0,1,10,10,0.0
scifact_bm25,body_terms,23,64,source_router,0.6209204636764345,0.0,0,1,50,50,0.0
scifact_bm25,body_terms,23,64,source_router,0.6209204636764345,0.0,0,1,200,200,0.0
scifact_bm25,body_terms,23,64,profile_router,0.6209204636764345,0.0,63,1,1,64,3.5311134221653143e-06
scifact_bm25,body_terms,23,64,profile_router,0.6209204636764345,0.0,63,1,10,73,3.5311134221653143e-06
scifact_bm25,body_terms,23,64,profile_router,0.6209204636764345,0.0,63,1,50,113,3.5311134221653143e-06
scifact_bm25,body_terms,23,64,profile_router,0.6209204636764345,0.0,63,1,200,263,3.5311134221653143e-06
scifact_bm25,body_terms,23,64,probe_only,0.6061398767848605,-0.014780586891574037,63,1,1,64,0.0
scifact_bm25,body_terms,23,64,probe_only,0.6061398767848605,-0.014780586891574037,63,1,10,73,0.0
scifact_bm25,body_terms,23,64,probe_only,0.6061398767848605,-0.014780586891574037,63,1,50,113,0.0
scifact_bm25,body_terms,23,64,probe_only,0.6061398767848605,-0.014780586891574037,63,1,200,263,0.0
scifact_bm25,body_terms,23,64,rrf_extra,0.6104794412926243,-0.010441022383810148,0,2,1,2,0.0
scifact_bm25,body_terms,23,64,rrf_extra,0.6104794412926243,-0.010441022383810148,0,2,10,20,0.0
scifact_bm25,body_terms,23,64,rrf_extra,0.6104794412926243,-0.010441022383810148,0,2,50,100,0.0
scifact_bm25,body_terms,23,64,rrf_extra,0.6104794412926243,-0.010441022383810148,0,2,200,400,0.0
scifact_bm25,body_terms,23,256,source_router,0.6209204636764345,0.0,0,1,1,1,0.0
scifact_bm25,body_terms,23,256,source_router,0.6209204636764345,0.0,0,1,10,10,0.0
scifact_bm25,body_terms,23,256,source_router,0.6209204636764345,0.0,0,1,50,50,0.0
scifact_bm25,body_terms,23,256,source_router,0.6209204636764345,0.0,0,1,200,200,0.0
scifact_bm25,body_terms,23,256,profile_router,0.6209204636764345,0.0,192,1,1,193,3.505280086149772e-06
scifact_bm25,body_terms,23,256,profile_router,0.6209204636764345,0.0,192,1,10,202,3.505280086149772e-06
scifact_bm25,body_terms,23,256,profile_router,0.6209204636764345,0.0,192,1,50,242,3.505280086149772e-06
scifact_bm25,body_terms,23,256,profile_router,0.6209204636764345,0.0,192,1,200,392,3.505280086149772e-06
scifact_bm25,body_terms,23,256,probe_only,0.6061398767848605,-0.014780586891574037,192,1,1,193,0.0
scifact_bm25,body_terms,23,256,probe_only,0.6061398767848605,-0.014780586891574037,192,1,10,202,0.0
scifact_bm25,body_terms,23,256,probe_only,0.6061398767848605,-0.014780586891574037,192,1,50,242,0.0
scifact_bm25,body_terms,23,256,probe_only,0.6061398767848605,-0.014780586891574037,192,1,200,392,0.0
scifact_bm25,body_terms,23,256,rrf_extra,0.6104794412926243,-0.010441022383810148,0,2,1,2,0.0
scifact_bm25,body_terms,23,256,rrf_extra,0.6104794412926243,-0.010441022383810148,0,2,10,20,0.0
scifact_bm25,body_terms,23,256,rrf_extra,0.6104794412926243,-0.010441022383810148,0,2,50,100,0.0
scifact_bm25,body_terms,23,256,rrf_extra,0.6104794412926243,-0.010441022383810148,0,2,200,400,0.0
scifact_bm25,body_terms,47,0,source_router,0.6209204636764345,0.0,0,1,1,1,0.0
scifact_bm25,body_terms,47,0,source_router,0.6209204636764345,0.0,0,1,10,10,0.0
scifact_bm25,body_terms,47,0,source_router,0.6209204636764345,0.0,0,1,50,50,0.0
scifact_bm25,body_terms,47,0,source_router,0.6209204636764345,0.0,0,1,200,200,0.0
scifact_bm25,body_terms,47,0,profile_router,0.6209204636764345,0.0,0,1,1,1,4.289726881931226e-06
scifact_bm25,body_terms,47,0,profile_router,0.6209204636764345,0.0,0,1,10,10,4.289726881931226e-06
scifact_bm25,body_terms,47,0,profile_router,0.6209204636764345,0.0,0,1,50,50,4.289726881931226e-06
scifact_bm25,body_terms,47,0,profile_router,0.6209204636764345,0.0,0,1,200,200,4.289726881931226e-06
scifact_bm25,body_terms,47,0,probe_only,0.6061398767848605,-0.014780586891574037,0,1,1,1,0.0
scifact_bm25,body_terms,47,0,probe_only,0.6061398767848605,-0.014780586891574037,0,1,10,10,0.0
scifact_bm25,body_terms,47,0,probe_only,0.6061398767848605,-0.014780586891574037,0,1,50,50,0.0
scifact_bm25,body_terms,47,0,probe_only,0.6061398767848605,-0.014780586891574037,0,1,200,200,0.0
scifact_bm25,body_terms,47,0,rrf_extra,0.6104794412926243,-0.010441022383810148,0,2,1,2,0.0
scifact_bm25,body_terms,47,0,rrf_extra,0.6104794412926243,-0.010441022383810148,0,2,10,20,0.0
scifact_bm25,body_terms,47,0,rrf_extra,0.6104794412926243,-0.010441022383810148,0,2,50,100,0.0
scifact_bm25,body_terms,47,0,rrf_extra,0.6104794412926243,-0.010441022383810148,0,2,200,400,0.0
scifact_bm25,body_terms,47,16,source_router,0.6209204636764345,0.0,0,1,1,1,0.0
scifact_bm25,body_terms,47,16,source_router,0.6209204636764345,0.0,0,1,10,10,0.0
scifact_bm25,body_terms,47,16,source_router,0.6209204636764345,0.0,0,1,50,50,0.0
scifact_bm25,body_terms,47,16,source_router,0.6209204636764345,0.0,0,1,200,200,0.0
scifact_bm25,body_terms,47,16,profile_router,0.6209204636764345,0.0,15,1,1,16,3.717772973080476e-06
scifact_bm25,body_terms,47,16,profile_router,0.6209204636764345,0.0,15,1,10,25,3.717772973080476e-06
scifact_bm25,body_terms,47,16,profile_router,0.6209204636764345,0.0,15,1,50,65,3.717772973080476e-06
scifact_bm25,body_terms,47,16,profile_router,0.6209204636764345,0.0,15,1,200,215,3.717772973080476e-06
scifact_bm25,body_terms,47,16,probe_only,0.6061398767848605,-0.014780586891574037,15,1,1,16,0.0
scifact_bm25,body_terms,47,16,probe_only,0.6061398767848605,-0.014780586891574037,15,1,10,25,0.0
scifact_bm25,body_terms,47,16,probe_only,0.6061398767848605,-0.014780586891574037,15,1,50,65,0.0
scifact_bm25,body_terms,47,16,probe_only,0.6061398767848605,-0.014780586891574037,15,1,200,215,0.0
scifact_bm25,body_terms,47,16,rrf_extra,0.6104794412926243,-0.010441022383810148,0,2,1,2,0.0
scifact_bm25,body_terms,47,16,rrf_extra,0.6104794412926243,-0.010441022383810148,0,2,10,20,0.0
scifact_bm25,body_terms,47,16,rrf_extra,0.6104794412926243,-0.010441022383810148,0,2,50,100,0.0
scifact_bm25,body_terms,47,16,rrf_extra,0.6104794412926243,-0.010441022383810148,0,2,200,400,0.0
scifact_bm25,body_terms,47,64,source_router,0.6209204636764345,0.0,0,1,1,1,0.0
scifact_bm25,body_terms,47,64,source_router,0.6209204636764345,0.0,0,1,10,10,0.0
scifact_bm25,body_terms,47,64,source_router,0.6209204636764345,0.0,0,1,50,50,0.0
scifact_bm25,body_terms,47,64,source_router,0.6209204636764345,0.0,0,1,200,200,0.0
scifact_bm25,body_terms,47,64,profile_router,0.6209204636764345,0.0,63,1,1,64,3.5661063157022e-06
scifact_bm25,body_terms,47,64,profile_router,0.6209204636764345,0.0,63,1,10,73,3.5661063157022e-06
scifact_bm25,body_terms,47,64,profile_router,0.6209204636764345,0.0,63,1,50,113,3.5661063157022e-06
scifact_bm25,body_terms,47,64,profile_router,0.6209204636764345,0.0,63,1,200,263,3.5661063157022e-06
scifact_bm25,body_terms,47,64,probe_only,0.6061398767848605,-0.014780586891574037,63,1,1,64,0.0
scifact_bm25,body_terms,47,64,probe_only,0.6061398767848605,-0.014780586891574037,63,1,10,73,0.0
scifact_bm25,body_terms,47,64,probe_only,0.6061398767848605,-0.014780586891574037,63,1,50,113,0.0
scifact_bm25,body_terms,47,64,probe_only,0.6061398767848605,-0.014780586891574037,63,1,200,263,0.0
scifact_bm25,body_terms,47,64,rrf_extra,0.6104794412926243,-0.010441022383810148,0,2,1,2,0.0
scifact_bm25,body_terms,47,64,rrf_extra,0.6104794412926243,-0.010441022383810148,0,2,10,20,0.0
scifact_bm25,body_terms,47,64,rrf_extra,0.6104794412926243,-0.010441022383810148,0,2,50,100,0.0
scifact_bm25,body_terms,47,64,rrf_extra,0.6104794412926243,-0.010441022383810148,0,2,200,400,0.0
scifact_bm25,body_terms,47,256,source_router,0.6209204636764345,0.0,0,1,1,1,0.0
scifact_bm25,body_terms,47,256,source_router,0.6209204636764345,0.0,0,1,10,10,0.0
scifact_bm25,body_terms,47,256,source_router,0.6209204636764345,0.0,0,1,50,50,0.0
scifact_bm25,body_terms,47,256,source_router,0.6209204636764345,0.0,0,1,200,200,0.0
scifact_bm25,body_terms,47,256,profile_router,0.6209204636764345,0.0,192,1,1,193,3.5172196415563426e-06
scifact_bm25,body_terms,47,256,profile_router,0.6209204636764345,0.0,192,1,10,202,3.5172196415563426e-06
scifact_bm25,body_terms,47,256,profile_router,0.6209204636764345,0.0,192,1,50,242,3.5172196415563426e-06
scifact_bm25,body_terms,47,256,profile_router,0.6209204636764345,0.0,192,1,200,392,3.5172196415563426e-06
scifact_bm25,body_terms,47,256,probe_only,0.6061398767848605,-0.014780586891574037,192,1,1,193,0.0
scifact_bm25,body_terms,47,256,probe_only,0.6061398767848605,-0.014780586891574037,192,1,10,202,0.0
scifact_bm25,body_terms,47,256,probe_only,0.6061398767848605,-0.014780586891574037,192,1,50,242,0.0
scifact_bm25,body_terms,47,256,probe_only,0.6061398767848605,-0.014780586891574037,192,1,200,392,0.0
scifact_bm25,body_terms,47,256,rrf_extra,0.6104794412926243,-0.010441022383810148,0,2,1,2,0.0
scifact_bm25,body_terms,47,256,rrf_extra,0.6104794412926243,-0.010441022383810148,0,2,10,20,0.0
scifact_bm25,body_terms,47,256,rrf_extra,0.6104794412926243,-0.010441022383810148,0,2,50,100,0.0
scifact_bm25,body_terms,47,256,rrf_extra,0.6104794412926243,-0.010441022383810148,0,2,200,400,0.0
scifact_dense,exact_title,11,0,source_router,0.6486654853531157,0.0,0,1,1,1,0.0
scifact_dense,exact_title,11,0,source_router,0.6486654853531157,0.0,0,1,10,10,0.0
scifact_dense,exact_title,11,0,source_router,0.6486654853531157,0.0,0,1,50,50,0.0
scifact_dense,exact_title,11,0,source_router,0.6486654853531157,0.0,0,1,200,200,0.0
scifact_dense,exact_title,11,0,profile_router,0.6486654853531157,0.0,0,1,1,1,3.627499875922998e-06
scifact_dense,exact_title,11,0,profile_router,0.6486654853531157,0.0,0,1,10,10,3.627499875922998e-06
scifact_dense,exact_title,11,0,profile_router,0.6486654853531157,0.0,0,1,50,50,3.627499875922998e-06
scifact_dense,exact_title,11,0,profile_router,0.6486654853531157,0.0,0,1,200,200,3.627499875922998e-06
scifact_dense,exact_title,11,0,probe_only,0.6435738713255216,-0.005091614027594055,0,1,1,1,0.0
scifact_dense,exact_title,11,0,probe_only,0.6435738713255216,-0.005091614027594055,0,1,10,10,0.0
scifact_dense,exact_title,11,0,probe_only,0.6435738713255216,-0.005091614027594055,0,1,50,50,0.0
scifact_dense,exact_title,11,0,probe_only,0.6435738713255216,-0.005091614027594055,0,1,200,200,0.0
scifact_dense,exact_title,11,0,rrf_extra,0.6486950430086345,2.9557655518855917e-05,0,2,1,2,0.0
scifact_dense,exact_title,11,0,rrf_extra,0.6486950430086345,2.9557655518855917e-05,0,2,10,20,0.0
scifact_dense,exact_title,11,0,rrf_extra,0.6486950430086345,2.9557655518855917e-05,0,2,50,100,0.0
scifact_dense,exact_title,11,0,rrf_extra,0.6486950430086345,2.9557655518855917e-05,0,2,200,400,0.0
scifact_dense,exact_title,11,16,source_router,0.6486654853531157,0.0,0,1,1,1,0.0
scifact_dense,exact_title,11,16,source_router,0.6486654853531157,0.0,0,1,10,10,0.0
scifact_dense,exact_title,11,16,source_router,0.6486654853531157,0.0,0,1,50,50,0.0
scifact_dense,exact_title,11,16,source_router,0.6486654853531157,0.0,0,1,200,200,0.0
scifact_dense,exact_title,11,16,profile_router,0.6486654853531157,0.0,15,1,1,16,3.5777796680728595e-06
scifact_dense,exact_title,11,16,profile_router,0.6486654853531157,0.0,15,1,10,25,3.5777796680728595e-06
scifact_dense,exact_title,11,16,profile_router,0.6486654853531157,0.0,15,1,50,65,3.5777796680728595e-06
scifact_dense,exact_title,11,16,profile_router,0.6486654853531157,0.0,15,1,200,215,3.5777796680728595e-06
scifact_dense,exact_title,11,16,probe_only,0.6435738713255216,-0.005091614027594055,15,1,1,16,0.0
scifact_dense,exact_title,11,16,probe_only,0.6435738713255216,-0.005091614027594055,15,1,10,25,0.0
scifact_dense,exact_title,11,16,probe_only,0.6435738713255216,-0.005091614027594055,15,1,50,65,0.0
scifact_dense,exact_title,11,16,probe_only,0.6435738713255216,-0.005091614027594055,15,1,200,215,0.0
scifact_dense,exact_title,11,16,rrf_extra,0.6486950430086345,2.9557655518855917e-05,0,2,1,2,0.0
scifact_dense,exact_title,11,16,rrf_extra,0.6486950430086345,2.9557655518855917e-05,0,2,10,20,0.0
scifact_dense,exact_title,11,16,rrf_extra,0.6486950430086345,2.9557655518855917e-05,0,2,50,100,0.0
scifact_dense,exact_title,11,16,rrf_extra,0.6486950430086345,2.9557655518855917e-05,0,2,200,400,0.0
scifact_dense,exact_title,11,64,source_router,0.6486654853531157,0.0,0,1,1,1,0.0
scifact_dense,exact_title,11,64,source_router,0.6486654853531157,0.0,0,1,10,10,0.0
scifact_dense,exact_title,11,64,source_router,0.6486654853531157,0.0,0,1,50,50,0.0
scifact_dense,exact_title,11,64,source_router,0.6486654853531157,0.0,0,1,200,200,0.0
scifact_dense,exact_title,11,64,profile_router,0.6486654853531157,0.0,63,1,1,64,3.4988865566750366e-06
scifact_dense,exact_title,11,64,profile_router,0.6486654853531157,0.0,63,1,10,73,3.4988865566750366e-06
scifact_dense,exact_title,11,64,profile_router,0.6486654853531157,0.0,63,1,50,113,3.4988865566750366e-06
scifact_dense,exact_title,11,64,profile_router,0.6486654853531157,0.0,63,1,200,263,3.4988865566750366e-06
scifact_dense,exact_title,11,64,probe_only,0.6435738713255216,-0.005091614027594055,63,1,1,64,0.0
scifact_dense,exact_title,11,64,probe_only,0.6435738713255216,-0.005091614027594055,63,1,10,73,0.0
scifact_dense,exact_title,11,64,probe_only,0.6435738713255216,-0.005091614027594055,63,1,50,113,0.0
scifact_dense,exact_title,11,64,probe_only,0.6435738713255216,-0.005091614027594055,63,1,200,263,0.0
scifact_dense,exact_title,11,64,rrf_extra,0.6486950430086345,2.9557655518855917e-05,0,2,1,2,0.0
scifact_dense,exact_title,11,64,rrf_extra,0.6486950430086345,2.9557655518855917e-05,0,2,10,20,0.0
scifact_dense,exact_title,11,64,rrf_extra,0.6486950430086345,2.9557655518855917e-05,0,2,50,100,0.0
scifact_dense,exact_title,11,64,rrf_extra,0.6486950430086345,2.9557655518855917e-05,0,2,200,400,0.0
scifact_dense,exact_title,11,256,source_router,0.6486654853531157,0.0,0,1,1,1,0.0
scifact_dense,exact_title,11,256,source_router,0.6486654853531157,0.0,0,1,10,10,0.0
scifact_dense,exact_title,11,256,source_router,0.6486654853531157,0.0,0,1,50,50,0.0
scifact_dense,exact_title,11,256,source_router,0.6486654853531157,0.0,0,1,200,200,0.0
scifact_dense,exact_title,11,256,profile_router,0.6486654853531157,0.0,192,1,1,193,3.435553517192602e-06
scifact_dense,exact_title,11,256,profile_router,0.6486654853531157,0.0,192,1,10,202,3.435553517192602e-06
scifact_dense,exact_title,11,256,profile_router,0.6486654853531157,0.0,192,1,50,242,3.435553517192602e-06
scifact_dense,exact_title,11,256,profile_router,0.6486654853531157,0.0,192,1,200,392,3.435553517192602e-06
scifact_dense,exact_title,11,256,probe_only,0.6435738713255216,-0.005091614027594055,192,1,1,193,0.0
scifact_dense,exact_title,11,256,probe_only,0.6435738713255216,-0.005091614027594055,192,1,10,202,0.0
scifact_dense,exact_title,11,256,probe_only,0.6435738713255216,-0.005091614027594055,192,1,50,242,0.0
scifact_dense,exact_title,11,256,probe_only,0.6435738713255216,-0.005091614027594055,192,1,200,392,0.0
scifact_dense,exact_title,11,256,rrf_extra,0.6486950430086345,2.9557655518855917e-05,0,2,1,2,0.0
scifact_dense,exact_title,11,256,rrf_extra,0.6486950430086345,2.9557655518855917e-05,0,2,10,20,0.0
scifact_dense,exact_title,11,256,rrf_extra,0.6486950430086345,2.9557655518855917e-05,0,2,50,100,0.0
scifact_dense,exact_title,11,256,rrf_extra,0.6486950430086345,2.9557655518855917e-05,0,2,200,400,0.0
scifact_dense,exact_title,23,0,source_router,0.6486654853531157,0.0,0,1,1,1,0.0
scifact_dense,exact_title,23,0,source_router,0.6486654853531157,0.0,0,1,10,10,0.0
scifact_dense,exact_title,23,0,source_router,0.6486654853531157,0.0,0,1,50,50,0.0
scifact_dense,exact_title,23,0,source_router,0.6486654853531157,0.0,0,1,200,200,0.0
scifact_dense,exact_title,23,0,profile_router,0.6486654853531157,0.0,0,1,1,1,3.5405531525611876e-06
scifact_dense,exact_title,23,0,profile_router,0.6486654853531157,0.0,0,1,10,10,3.5405531525611876e-06
scifact_dense,exact_title,23,0,profile_router,0.6486654853531157,0.0,0,1,50,50,3.5405531525611876e-06
scifact_dense,exact_title,23,0,profile_router,0.6486654853531157,0.0,0,1,200,200,3.5405531525611876e-06
scifact_dense,exact_title,23,0,probe_only,0.6435738713255216,-0.005091614027594055,0,1,1,1,0.0
scifact_dense,exact_title,23,0,probe_only,0.6435738713255216,-0.005091614027594055,0,1,10,10,0.0
scifact_dense,exact_title,23,0,probe_only,0.6435738713255216,-0.005091614027594055,0,1,50,50,0.0
scifact_dense,exact_title,23,0,probe_only,0.6435738713255216,-0.005091614027594055,0,1,200,200,0.0
scifact_dense,exact_title,23,0,rrf_extra,0.6486950430086345,2.9557655518855917e-05,0,2,1,2,0.0
scifact_dense,exact_title,23,0,rrf_extra,0.6486950430086345,2.9557655518855917e-05,0,2,10,20,0.0
scifact_dense,exact_title,23,0,rrf_extra,0.6486950430086345,2.9557655518855917e-05,0,2,50,100,0.0
scifact_dense,exact_title,23,0,rrf_extra,0.6486950430086345,2.9557655518855917e-05,0,2,200,400,0.0
scifact_dense,exact_title,23,16,source_router,0.6486654853531157,0.0,0,1,1,1,0.0
scifact_dense,exact_title,23,16,source_router,0.6486654853531157,0.0,0,1,10,10,0.0
scifact_dense,exact_title,23,16,source_router,0.6486654853531157,0.0,0,1,50,50,0.0
scifact_dense,exact_title,23,16,source_router,0.6486654853531157,0.0,0,1,200,200,0.0
scifact_dense,exact_title,23,16,profile_router,0.6486654853531157,0.0,15,1,1,16,3.821666662891706e-06
scifact_dense,exact_title,23,16,profile_router,0.6486654853531157,0.0,15,1,10,25,3.821666662891706e-06
scifact_dense,exact_title,23,16,profile_router,0.6486654853531157,0.0,15,1,50,65,3.821666662891706e-06
scifact_dense,exact_title,23,16,profile_router,0.6486654853531157,0.0,15,1,200,215,3.821666662891706e-06
scifact_dense,exact_title,23,16,probe_only,0.6435738713255216,-0.005091614027594055,15,1,1,16,0.0
scifact_dense,exact_title,23,16,probe_only,0.6435738713255216,-0.005091614027594055,15,1,10,25,0.0
scifact_dense,exact_title,23,16,probe_only,0.6435738713255216,-0.005091614027594055,15,1,50,65,0.0
scifact_dense,exact_title,23,16,probe_only,0.6435738713255216,-0.005091614027594055,15,1,200,215,0.0
scifact_dense,exact_title,23,16,rrf_extra,0.6486950430086345,2.9557655518855917e-05,0,2,1,2,0.0
scifact_dense,exact_title,23,16,rrf_extra,0.6486950430086345,2.9557655518855917e-05,0,2,10,20,0.0
scifact_dense,exact_title,23,16,rrf_extra,0.6486950430086345,2.9557655518855917e-05,0,2,50,100,0.0
scifact_dense,exact_title,23,16,rrf_extra,0.6486950430086345,2.9557655518855917e-05,0,2,200,400,0.0
scifact_dense,exact_title,23,64,source_router,0.6486654853531157,0.0,0,1,1,1,0.0
scifact_dense,exact_title,23,64,source_router,0.6486654853531157,0.0,0,1,10,10,0.0
scifact_dense,exact_title,23,64,source_router,0.6486654853531157,0.0,0,1,50,50,0.0
scifact_dense,exact_title,23,64,source_router,0.6486654853531157,0.0,0,1,200,200,0.0
scifact_dense,exact_title,23,64,profile_router,0.6486654853531157,0.0,63,1,1,64,3.827780019491911e-06
scifact_dense,exact_title,23,64,profile_router,0.6486654853531157,0.0,63,1,10,73,3.827780019491911e-06
scifact_dense,exact_title,23,64,profile_router,0.6486654853531157,0.0,63,1,50,113,3.827780019491911e-06
scifact_dense,exact_title,23,64,profile_router,0.6486654853531157,0.0,63,1,200,263,3.827780019491911e-06
scifact_dense,exact_title,23,64,probe_only,0.6435738713255216,-0.005091614027594055,63,1,1,64,0.0
scifact_dense,exact_title,23,64,probe_only,0.6435738713255216,-0.005091614027594055,63,1,10,73,0.0
scifact_dense,exact_title,23,64,probe_only,0.6435738713255216,-0.005091614027594055,63,1,50,113,0.0
scifact_dense,exact_title,23,64,probe_only,0.6435738713255216,-0.005091614027594055,63,1,200,263,0.0
scifact_dense,exact_title,23,64,rrf_extra,0.6486950430086345,2.9557655518855917e-05,0,2,1,2,0.0
scifact_dense,exact_title,23,64,rrf_extra,0.6486950430086345,2.9557655518855917e-05,0,2,10,20,0.0
scifact_dense,exact_title,23,64,rrf_extra,0.6486950430086345,2.9557655518855917e-05,0,2,50,100,0.0
scifact_dense,exact_title,23,64,rrf_extra,0.6486950430086345,2.9557655518855917e-05,0,2,200,400,0.0
scifact_dense,exact_title,23,256,source_router,0.6486654853531157,0.0,0,1,1,1,0.0
scifact_dense,exact_title,23,256,source_router,0.6486654853531157,0.0,0,1,10,10,0.0
scifact_dense,exact_title,23,256,source_router,0.6486654853531157,0.0,0,1,50,50,0.0
scifact_dense,exact_title,23,256,source_router,0.6486654853531157,0.0,0,1,200,200,0.0
scifact_dense,exact_title,23,256,profile_router,0.6486654853531157,0.0,192,1,1,193,3.4708335685233275e-06
scifact_dense,exact_title,23,256,profile_router,0.6486654853531157,0.0,192,1,10,202,3.4708335685233275e-06
scifact_dense,exact_title,23,256,profile_router,0.6486654853531157,0.0,192,1,50,242,3.4708335685233275e-06
scifact_dense,exact_title,23,256,profile_router,0.6486654853531157,0.0,192,1,200,392,3.4708335685233275e-06
scifact_dense,exact_title,23,256,probe_only,0.6435738713255216,-0.005091614027594055,192,1,1,193,0.0
scifact_dense,exact_title,23,256,probe_only,0.6435738713255216,-0.005091614027594055,192,1,10,202,0.0
scifact_dense,exact_title,23,256,probe_only,0.6435738713255216,-0.005091614027594055,192,1,50,242,0.0
scifact_dense,exact_title,23,256,probe_only,0.6435738713255216,-0.005091614027594055,192,1,200,392,0.0
scifact_dense,exact_title,23,256,rrf_extra,0.6486950430086345,2.9557655518855917e-05,0,2,1,2,0.0
scifact_dense,exact_title,23,256,rrf_extra,0.6486950430086345,2.9557655518855917e-05,0,2,10,20,0.0
scifact_dense,exact_title,23,256,rrf_extra,0.6486950430086345,2.9557655518855917e-05,0,2,50,100,0.0
scifact_dense,exact_title,23,256,rrf_extra,0.6486950430086345,2.9557655518855917e-05,0,2,200,400,0.0
scifact_dense,exact_title,47,0,source_router,0.6486654853531157,0.0,0,1,1,1,0.0
scifact_dense,exact_title,47,0,source_router,0.6486654853531157,0.0,0,1,10,10,0.0
scifact_dense,exact_title,47,0,source_router,0.6486654853531157,0.0,0,1,50,50,0.0
scifact_dense,exact_title,47,0,source_router,0.6486654853531157,0.0,0,1,200,200,0.0
scifact_dense,exact_title,47,0,profile_router,0.6486654853531157,0.0,0,1,1,1,3.453892810891072e-06
scifact_dense,exact_title,47,0,profile_router,0.6486654853531157,0.0,0,1,10,10,3.453892810891072e-06
scifact_dense,exact_title,47,0,profile_router,0.6486654853531157,0.0,0,1,50,50,3.453892810891072e-06
scifact_dense,exact_title,47,0,profile_router,0.6486654853531157,0.0,0,1,200,200,3.453892810891072e-06
scifact_dense,exact_title,47,0,probe_only,0.6435738713255216,-0.005091614027594055,0,1,1,1,0.0
scifact_dense,exact_title,47,0,probe_only,0.6435738713255216,-0.005091614027594055,0,1,10,10,0.0
scifact_dense,exact_title,47,0,probe_only,0.6435738713255216,-0.005091614027594055,0,1,50,50,0.0
scifact_dense,exact_title,47,0,probe_only,0.6435738713255216,-0.005091614027594055,0,1,200,200,0.0
scifact_dense,exact_title,47,0,rrf_extra,0.6486950430086345,2.9557655518855917e-05,0,2,1,2,0.0
scifact_dense,exact_title,47,0,rrf_extra,0.6486950430086345,2.9557655518855917e-05,0,2,10,20,0.0
scifact_dense,exact_title,47,0,rrf_extra,0.6486950430086345,2.9557655518855917e-05,0,2,50,100,0.0
scifact_dense,exact_title,47,0,rrf_extra,0.6486950430086345,2.9557655518855917e-05,0,2,200,400,0.0
scifact_dense,exact_title,47,16,source_router,0.6486654853531157,0.0,0,1,1,1,0.0
scifact_dense,exact_title,47,16,source_router,0.6486654853531157,0.0,0,1,10,10,0.0
scifact_dense,exact_title,47,16,source_router,0.6486654853531157,0.0,0,1,50,50,0.0
scifact_dense,exact_title,47,16,source_router,0.6486654853531157,0.0,0,1,200,200,0.0
scifact_dense,exact_title,47,16,profile_router,0.6486654853531157,0.0,15,1,1,16,3.438059551020463e-06
scifact_dense,exact_title,47,16,profile_router,0.6486654853531157,0.0,15,1,10,25,3.438059551020463e-06
scifact_dense,exact_title,47,16,profile_router,0.6486654853531157,0.0,15,1,50,65,3.438059551020463e-06
scifact_dense,exact_title,47,16,profile_router,0.6486654853531157,0.0,15,1,200,215,3.438059551020463e-06
scifact_dense,exact_title,47,16,probe_only,0.5390115782396184,-0.10965390711349725,15,1,1,16,0.0
scifact_dense,exact_title,47,16,probe_only,0.5390115782396184,-0.10965390711349725,15,1,10,25,0.0
scifact_dense,exact_title,47,16,probe_only,0.5390115782396184,-0.10965390711349725,15,1,50,65,0.0
scifact_dense,exact_title,47,16,probe_only,0.5390115782396184,-0.10965390711349725,15,1,200,215,0.0
scifact_dense,exact_title,47,16,rrf_extra,0.6486950430086345,2.9557655518855917e-05,0,2,1,2,0.0
scifact_dense,exact_title,47,16,rrf_extra,0.6486950430086345,2.9557655518855917e-05,0,2,10,20,0.0
scifact_dense,exact_title,47,16,rrf_extra,0.6486950430086345,2.9557655518855917e-05,0,2,50,100,0.0
scifact_dense,exact_title,47,16,rrf_extra,0.6486950430086345,2.9557655518855917e-05,0,2,200,400,0.0
scifact_dense,exact_title,47,64,source_router,0.6486654853531157,0.0,0,1,1,1,0.0
scifact_dense,exact_title,47,64,source_router,0.6486654853531157,0.0,0,1,10,10,0.0
scifact_dense,exact_title,47,64,source_router,0.6486654853531157,0.0,0,1,50,50,0.0
scifact_dense,exact_title,47,64,source_router,0.6486654853531157,0.0,0,1,200,200,0.0
scifact_dense,exact_title,47,64,profile_router,0.6486654853531157,0.0,63,1,1,64,3.4772201130787532e-06
scifact_dense,exact_title,47,64,profile_router,0.6486654853531157,0.0,63,1,10,73,3.4772201130787532e-06
scifact_dense,exact_title,47,64,profile_router,0.6486654853531157,0.0,63,1,50,113,3.4772201130787532e-06
scifact_dense,exact_title,47,64,profile_router,0.6486654853531157,0.0,63,1,200,263,3.4772201130787532e-06
scifact_dense,exact_title,47,64,probe_only,0.6435738713255216,-0.005091614027594055,63,1,1,64,0.0
scifact_dense,exact_title,47,64,probe_only,0.6435738713255216,-0.005091614027594055,63,1,10,73,0.0
scifact_dense,exact_title,47,64,probe_only,0.6435738713255216,-0.005091614027594055,63,1,50,113,0.0
scifact_dense,exact_title,47,64,probe_only,0.6435738713255216,-0.005091614027594055,63,1,200,263,0.0
scifact_dense,exact_title,47,64,rrf_extra,0.6486950430086345,2.9557655518855917e-05,0,2,1,2,0.0
scifact_dense,exact_title,47,64,rrf_extra,0.6486950430086345,2.9557655518855917e-05,0,2,10,20,0.0
scifact_dense,exact_title,47,64,rrf_extra,0.6486950430086345,2.9557655518855917e-05,0,2,50,100,0.0
scifact_dense,exact_title,47,64,rrf_extra,0.6486950430086345,2.9557655518855917e-05,0,2,200,400,0.0
scifact_dense,exact_title,47,256,source_router,0.6486654853531157,0.0,0,1,1,1,0.0
scifact_dense,exact_title,47,256,source_router,0.6486654853531157,0.0,0,1,10,10,0.0
scifact_dense,exact_title,47,256,source_router,0.6486654853531157,0.0,0,1,50,50,0.0
scifact_dense,exact_title,47,256,source_router,0.6486654853531157,0.0,0,1,200,200,0.0
scifact_dense,exact_title,47,256,profile_router,0.6486654853531157,0.0,192,1,1,193,4.09278009707729e-06
scifact_dense,exact_title,47,256,profile_router,0.6486654853531157,0.0,192,1,10,202,4.09278009707729e-06
scifact_dense,exact_title,47,256,profile_router,0.6486654853531157,0.0,192,1,50,242,4.09278009707729e-06
scifact_dense,exact_title,47,256,profile_router,0.6486654853531157,0.0,192,1,200,392,4.09278009707729e-06
scifact_dense,exact_title,47,256,probe_only,0.6435738713255216,-0.005091614027594055,192,1,1,193,0.0
scifact_dense,exact_title,47,256,probe_only,0.6435738713255216,-0.005091614027594055,192,1,10,202,0.0
scifact_dense,exact_title,47,256,probe_only,0.6435738713255216,-0.005091614027594055,192,1,50,242,0.0
scifact_dense,exact_title,47,256,probe_only,0.6435738713255216,-0.005091614027594055,192,1,200,392,0.0
scifact_dense,exact_title,47,256,rrf_extra,0.6486950430086345,2.9557655518855917e-05,0,2,1,2,0.0
scifact_dense,exact_title,47,256,rrf_extra,0.6486950430086345,2.9557655518855917e-05,0,2,10,20,0.0
scifact_dense,exact_title,47,256,rrf_extra,0.6486950430086345,2.9557655518855917e-05,0,2,50,100,0.0
scifact_dense,exact_title,47,256,rrf_extra,0.6486950430086345,2.9557655518855917e-05,0,2,200,400,0.0
scifact_dense,body_terms,11,0,source_router,0.6486654853531157,0.0,0,1,1,1,0.0
scifact_dense,body_terms,11,0,source_router,0.6486654853531157,0.0,0,1,10,10,0.0
scifact_dense,body_terms,11,0,source_router,0.6486654853531157,0.0,0,1,50,50,0.0
scifact_dense,body_terms,11,0,source_router,0.6486654853531157,0.0,0,1,200,200,0.0
scifact_dense,body_terms,11,0,profile_router,0.6486654853531157,0.0,0,1,1,1,3.6350001270572345e-06
scifact_dense,body_terms,11,0,profile_router,0.6486654853531157,0.0,0,1,10,10,3.6350001270572345e-06
scifact_dense,body_terms,11,0,profile_router,0.6486654853531157,0.0,0,1,50,50,3.6350001270572345e-06
scifact_dense,body_terms,11,0,profile_router,0.6486654853531157,0.0,0,1,200,200,3.6350001270572345e-06
scifact_dense,body_terms,11,0,probe_only,0.6435738713255216,-0.005091614027594055,0,1,1,1,0.0
scifact_dense,body_terms,11,0,probe_only,0.6435738713255216,-0.005091614027594055,0,1,10,10,0.0
scifact_dense,body_terms,11,0,probe_only,0.6435738713255216,-0.005091614027594055,0,1,50,50,0.0
scifact_dense,body_terms,11,0,probe_only,0.6435738713255216,-0.005091614027594055,0,1,200,200,0.0
scifact_dense,body_terms,11,0,rrf_extra,0.6486950430086345,2.9557655518855917e-05,0,2,1,2,0.0
scifact_dense,body_terms,11,0,rrf_extra,0.6486950430086345,2.9557655518855917e-05,0,2,10,20,0.0
scifact_dense,body_terms,11,0,rrf_extra,0.6486950430086345,2.9557655518855917e-05,0,2,50,100,0.0
scifact_dense,body_terms,11,0,rrf_extra,0.6486950430086345,2.9557655518855917e-05,0,2,200,400,0.0
scifact_dense,body_terms,11,16,source_router,0.6486654853531157,0.0,0,1,1,1,0.0
scifact_dense,body_terms,11,16,source_router,0.6486654853531157,0.0,0,1,10,10,0.0
scifact_dense,body_terms,11,16,source_router,0.6486654853531157,0.0,0,1,50,50,0.0
scifact_dense,body_terms,11,16,source_router,0.6486654853531157,0.0,0,1,200,200,0.0
scifact_dense,body_terms,11,16,profile_router,0.6486654853531157,0.0,15,1,1,16,3.5277738546331725e-06
scifact_dense,body_terms,11,16,profile_router,0.6486654853531157,0.0,15,1,10,25,3.5277738546331725e-06
scifact_dense,body_terms,11,16,profile_router,0.6486654853531157,0.0,15,1,50,65,3.5277738546331725e-06
scifact_dense,body_terms,11,16,profile_router,0.6486654853531157,0.0,15,1,200,215,3.5277738546331725e-06
scifact_dense,body_terms,11,16,probe_only,0.6435738713255216,-0.005091614027594055,15,1,1,16,0.0
scifact_dense,body_terms,11,16,probe_only,0.6435738713255216,-0.005091614027594055,15,1,10,25,0.0
scifact_dense,body_terms,11,16,probe_only,0.6435738713255216,-0.005091614027594055,15,1,50,65,0.0
scifact_dense,body_terms,11,16,probe_only,0.6435738713255216,-0.005091614027594055,15,1,200,215,0.0
scifact_dense,body_terms,11,16,rrf_extra,0.6486950430086345,2.9557655518855917e-05,0,2,1,2,0.0
scifact_dense,body_terms,11,16,rrf_extra,0.6486950430086345,2.9557655518855917e-05,0,2,10,20,0.0
scifact_dense,body_terms,11,16,rrf_extra,0.6486950430086345,2.9557655518855917e-05,0,2,50,100,0.0
scifact_dense,body_terms,11,16,rrf_extra,0.6486950430086345,2.9557655518855917e-05,0,2,200,400,0.0
scifact_dense,body_terms,11,64,source_router,0.6486654853531157,0.0,0,1,1,1,0.0
scifact_dense,body_terms,11,64,source_router,0.6486654853531157,0.0,0,1,10,10,0.0
scifact_dense,body_terms,11,64,source_router,0.6486654853531157,0.0,0,1,50,50,0.0
scifact_dense,body_terms,11,64,source_router,0.6486654853531157,0.0,0,1,200,200,0.0
scifact_dense,body_terms,11,64,profile_router,0.6486654853531157,0.0,63,1,1,64,3.574719497313102e-06
scifact_dense,body_terms,11,64,profile_router,0.6486654853531157,0.0,63,1,10,73,3.574719497313102e-06
scifact_dense,body_terms,11,64,profile_router,0.6486654853531157,0.0,63,1,50,113,3.574719497313102e-06
scifact_dense,body_terms,11,64,profile_router,0.6486654853531157,0.0,63,1,200,263,3.574719497313102e-06
scifact_dense,body_terms,11,64,probe_only,0.6435738713255216,-0.005091614027594055,63,1,1,64,0.0
scifact_dense,body_terms,11,64,probe_only,0.6435738713255216,-0.005091614027594055,63,1,10,73,0.0
scifact_dense,body_terms,11,64,probe_only,0.6435738713255216,-0.005091614027594055,63,1,50,113,0.0
scifact_dense,body_terms,11,64,probe_only,0.6435738713255216,-0.005091614027594055,63,1,200,263,0.0
scifact_dense,body_terms,11,64,rrf_extra,0.6486950430086345,2.9557655518855917e-05,0,2,1,2,0.0
scifact_dense,body_terms,11,64,rrf_extra,0.6486950430086345,2.9557655518855917e-05,0,2,10,20,0.0
scifact_dense,body_terms,11,64,rrf_extra,0.6486950430086345,2.9557655518855917e-05,0,2,50,100,0.0
scifact_dense,body_terms,11,64,rrf_extra,0.6486950430086345,2.9557655518855917e-05,0,2,200,400,0.0
scifact_dense,body_terms,11,256,source_router,0.6486654853531157,0.0,0,1,1,1,0.0
scifact_dense,body_terms,11,256,source_router,0.6486654853531157,0.0,0,1,10,10,0.0
scifact_dense,body_terms,11,256,source_router,0.6486654853531157,0.0,0,1,50,50,0.0
scifact_dense,body_terms,11,256,source_router,0.6486654853531157,0.0,0,1,200,200,0.0
scifact_dense,body_terms,11,256,profile_router,0.6486654853531157,0.0,192,1,1,193,3.564166060338418e-06
scifact_dense,body_terms,11,256,profile_router,0.6486654853531157,0.0,192,1,10,202,3.564166060338418e-06
scifact_dense,body_terms,11,256,profile_router,0.6486654853531157,0.0,192,1,50,242,3.564166060338418e-06
scifact_dense,body_terms,11,256,profile_router,0.6486654853531157,0.0,192,1,200,392,3.564166060338418e-06
scifact_dense,body_terms,11,256,probe_only,0.6435738713255216,-0.005091614027594055,192,1,1,193,0.0
scifact_dense,body_terms,11,256,probe_only,0.6435738713255216,-0.005091614027594055,192,1,10,202,0.0
scifact_dense,body_terms,11,256,probe_only,0.6435738713255216,-0.005091614027594055,192,1,50,242,0.0
scifact_dense,body_terms,11,256,probe_only,0.6435738713255216,-0.005091614027594055,192,1,200,392,0.0
scifact_dense,body_terms,11,256,rrf_extra,0.6486950430086345,2.9557655518855917e-05,0,2,1,2,0.0
scifact_dense,body_terms,11,256,rrf_extra,0.6486950430086345,2.9557655518855917e-05,0,2,10,20,0.0
scifact_dense,body_terms,11,256,rrf_extra,0.6486950430086345,2.9557655518855917e-05,0,2,50,100,0.0
scifact_dense,body_terms,11,256,rrf_extra,0.6486950430086345,2.9557655518855917e-05,0,2,200,400,0.0
scifact_dense,body_terms,23,0,source_router,0.6486654853531157,0.0,0,1,1,1,0.0
scifact_dense,body_terms,23,0,source_router,0.6486654853531157,0.0,0,1,10,10,0.0
scifact_dense,body_terms,23,0,source_router,0.6486654853531157,0.0,0,1,50,50,0.0
scifact_dense,body_terms,23,0,source_router,0.6486654853531157,0.0,0,1,200,200,0.0
scifact_dense,body_terms,23,0,profile_router,0.6486654853531157,0.0,0,1,1,1,3.6449994271000227e-06
scifact_dense,body_terms,23,0,profile_router,0.6486654853531157,0.0,0,1,10,10,3.6449994271000227e-06
scifact_dense,body_terms,23,0,profile_router,0.6486654853531157,0.0,0,1,50,50,3.6449994271000227e-06
scifact_dense,body_terms,23,0,profile_router,0.6486654853531157,0.0,0,1,200,200,3.6449994271000227e-06
scifact_dense,body_terms,23,0,probe_only,0.6435738713255216,-0.005091614027594055,0,1,1,1,0.0
scifact_dense,body_terms,23,0,probe_only,0.6435738713255216,-0.005091614027594055,0,1,10,10,0.0
scifact_dense,body_terms,23,0,probe_only,0.6435738713255216,-0.005091614027594055,0,1,50,50,0.0
scifact_dense,body_terms,23,0,probe_only,0.6435738713255216,-0.005091614027594055,0,1,200,200,0.0
scifact_dense,body_terms,23,0,rrf_extra,0.6486950430086345,2.9557655518855917e-05,0,2,1,2,0.0
scifact_dense,body_terms,23,0,rrf_extra,0.6486950430086345,2.9557655518855917e-05,0,2,10,20,0.0
scifact_dense,body_terms,23,0,rrf_extra,0.6486950430086345,2.9557655518855917e-05,0,2,50,100,0.0
scifact_dense,body_terms,23,0,rrf_extra,0.6486950430086345,2.9557655518855917e-05,0,2,200,400,0.0
scifact_dense,body_terms,23,16,source_router,0.6486654853531157,0.0,0,1,1,1,0.0
scifact_dense,body_terms,23,16,source_router,0.6486654853531157,0.0,0,1,10,10,0.0
scifact_dense,body_terms,23,16,source_router,0.6486654853531157,0.0,0,1,50,50,0.0
scifact_dense,body_terms,23,16,source_router,0.6486654853531157,0.0,0,1,200,200,0.0
scifact_dense,body_terms,23,16,profile_router,0.6486654853531157,0.0,15,1,1,16,3.5830532821516195e-06
scifact_dense,body_terms,23,16,profile_router,0.6486654853531157,0.0,15,1,10,25,3.5830532821516195e-06
scifact_dense,body_terms,23,16,profile_router,0.6486654853531157,0.0,15,1,50,65,3.5830532821516195e-06
scifact_dense,body_terms,23,16,profile_router,0.6486654853531157,0.0,15,1,200,215,3.5830532821516195e-06
scifact_dense,body_terms,23,16,probe_only,0.6435738713255216,-0.005091614027594055,15,1,1,16,0.0
scifact_dense,body_terms,23,16,probe_only,0.6435738713255216,-0.005091614027594055,15,1,10,25,0.0
scifact_dense,body_terms,23,16,probe_only,0.6435738713255216,-0.005091614027594055,15,1,50,65,0.0
scifact_dense,body_terms,23,16,probe_only,0.6435738713255216,-0.005091614027594055,15,1,200,215,0.0
scifact_dense,body_terms,23,16,rrf_extra,0.6486950430086345,2.9557655518855917e-05,0,2,1,2,0.0
scifact_dense,body_terms,23,16,rrf_extra,0.6486950430086345,2.9557655518855917e-05,0,2,10,20,0.0
scifact_dense,body_terms,23,16,rrf_extra,0.6486950430086345,2.9557655518855917e-05,0,2,50,100,0.0
scifact_dense,body_terms,23,16,rrf_extra,0.6486950430086345,2.9557655518855917e-05,0,2,200,400,0.0
scifact_dense,body_terms,23,64,source_router,0.6486654853531157,0.0,0,1,1,1,0.0
scifact_dense,body_terms,23,64,source_router,0.6486654853531157,0.0,0,1,10,10,0.0
scifact_dense,body_terms,23,64,source_router,0.6486654853531157,0.0,0,1,50,50,0.0
scifact_dense,body_terms,23,64,source_router,0.6486654853531157,0.0,0,1,200,200,0.0
scifact_dense,body_terms,23,64,profile_router,0.6486654853531157,0.0,63,1,1,64,3.5608334777255854e-06
scifact_dense,body_terms,23,64,profile_router,0.6486654853531157,0.0,63,1,10,73,3.5608334777255854e-06
scifact_dense,body_terms,23,64,profile_router,0.6486654853531157,0.0,63,1,50,113,3.5608334777255854e-06
scifact_dense,body_terms,23,64,profile_router,0.6486654853531157,0.0,63,1,200,263,3.5608334777255854e-06
scifact_dense,body_terms,23,64,probe_only,0.6435738713255216,-0.005091614027594055,63,1,1,64,0.0
scifact_dense,body_terms,23,64,probe_only,0.6435738713255216,-0.005091614027594055,63,1,10,73,0.0
scifact_dense,body_terms,23,64,probe_only,0.6435738713255216,-0.005091614027594055,63,1,50,113,0.0
scifact_dense,body_terms,23,64,probe_only,0.6435738713255216,-0.005091614027594055,63,1,200,263,0.0
scifact_dense,body_terms,23,64,rrf_extra,0.6486950430086345,2.9557655518855917e-05,0,2,1,2,0.0
scifact_dense,body_terms,23,64,rrf_extra,0.6486950430086345,2.9557655518855917e-05,0,2,10,20,0.0
scifact_dense,body_terms,23,64,rrf_extra,0.6486950430086345,2.9557655518855917e-05,0,2,50,100,0.0
scifact_dense,body_terms,23,64,rrf_extra,0.6486950430086345,2.9557655518855917e-05,0,2,200,400,0.0
scifact_dense,body_terms,23,256,source_router,0.6486654853531157,0.0,0,1,1,1,0.0
scifact_dense,body_terms,23,256,source_router,0.6486654853531157,0.0,0,1,10,10,0.0
scifact_dense,body_terms,23,256,source_router,0.6486654853531157,0.0,0,1,50,50,0.0
scifact_dense,body_terms,23,256,source_router,0.6486654853531157,0.0,0,1,200,200,0.0
scifact_dense,body_terms,23,256,profile_router,0.6486654853531157,0.0,192,1,1,193,3.6105598943928875e-06
scifact_dense,body_terms,23,256,profile_router,0.6486654853531157,0.0,192,1,10,202,3.6105598943928875e-06
scifact_dense,body_terms,23,256,profile_router,0.6486654853531157,0.0,192,1,50,242,3.6105598943928875e-06
scifact_dense,body_terms,23,256,profile_router,0.6486654853531157,0.0,192,1,200,392,3.6105598943928875e-06
scifact_dense,body_terms,23,256,probe_only,0.6435738713255216,-0.005091614027594055,192,1,1,193,0.0
scifact_dense,body_terms,23,256,probe_only,0.6435738713255216,-0.005091614027594055,192,1,10,202,0.0
scifact_dense,body_terms,23,256,probe_only,0.6435738713255216,-0.005091614027594055,192,1,50,242,0.0
scifact_dense,body_terms,23,256,probe_only,0.6435738713255216,-0.005091614027594055,192,1,200,392,0.0
scifact_dense,body_terms,23,256,rrf_extra,0.6486950430086345,2.9557655518855917e-05,0,2,1,2,0.0
scifact_dense,body_terms,23,256,rrf_extra,0.6486950430086345,2.9557655518855917e-05,0,2,10,20,0.0
scifact_dense,body_terms,23,256,rrf_extra,0.6486950430086345,2.9557655518855917e-05,0,2,50,100,0.0
scifact_dense,body_terms,23,256,rrf_extra,0.6486950430086345,2.9557655518855917e-05,0,2,200,400,0.0
scifact_dense,body_terms,47,0,source_router,0.6486654853531157,0.0,0,1,1,1,0.0
scifact_dense,body_terms,47,0,source_router,0.6486654853531157,0.0,0,1,10,10,0.0
scifact_dense,body_terms,47,0,source_router,0.6486654853531157,0.0,0,1,50,50,0.0
scifact_dense,body_terms,47,0,source_router,0.6486654853531157,0.0,0,1,200,200,0.0
scifact_dense,body_terms,47,0,profile_router,0.6486654853531157,0.0,0,1,1,1,3.5280602363248667e-06
scifact_dense,body_terms,47,0,profile_router,0.6486654853531157,0.0,0,1,10,10,3.5280602363248667e-06
scifact_dense,body_terms,47,0,profile_router,0.6486654853531157,0.0,0,1,50,50,3.5280602363248667e-06
scifact_dense,body_terms,47,0,profile_router,0.6486654853531157,0.0,0,1,200,200,3.5280602363248667e-06
scifact_dense,body_terms,47,0,probe_only,0.6435738713255216,-0.005091614027594055,0,1,1,1,0.0
scifact_dense,body_terms,47,0,probe_only,0.6435738713255216,-0.005091614027594055,0,1,10,10,0.0
scifact_dense,body_terms,47,0,probe_only,0.6435738713255216,-0.005091614027594055,0,1,50,50,0.0
scifact_dense,body_terms,47,0,probe_only,0.6435738713255216,-0.005091614027594055,0,1,200,200,0.0
scifact_dense,body_terms,47,0,rrf_extra,0.6486950430086345,2.9557655518855917e-05,0,2,1,2,0.0
scifact_dense,body_terms,47,0,rrf_extra,0.6486950430086345,2.9557655518855917e-05,0,2,10,20,0.0
scifact_dense,body_terms,47,0,rrf_extra,0.6486950430086345,2.9557655518855917e-05,0,2,50,100,0.0
scifact_dense,body_terms,47,0,rrf_extra,0.6486950430086345,2.9557655518855917e-05,0,2,200,400,0.0
scifact_dense,body_terms,47,16,source_router,0.6486654853531157,0.0,0,1,1,1,0.0
scifact_dense,body_terms,47,16,source_router,0.6486654853531157,0.0,0,1,10,10,0.0
scifact_dense,body_terms,47,16,source_router,0.6486654853531157,0.0,0,1,50,50,0.0
scifact_dense,body_terms,47,16,source_router,0.6486654853531157,0.0,0,1,200,200,0.0
scifact_dense,body_terms,47,16,profile_router,0.6486654853531157,0.0,15,1,1,16,3.543613323320945e-06
scifact_dense,body_terms,47,16,profile_router,0.6486654853531157,0.0,15,1,10,25,3.543613323320945e-06
scifact_dense,body_terms,47,16,profile_router,0.6486654853531157,0.0,15,1,50,65,3.543613323320945e-06
scifact_dense,body_terms,47,16,profile_router,0.6486654853531157,0.0,15,1,200,215,3.543613323320945e-06
scifact_dense,body_terms,47,16,probe_only,0.6435738713255216,-0.005091614027594055,15,1,1,16,0.0
scifact_dense,body_terms,47,16,probe_only,0.6435738713255216,-0.005091614027594055,15,1,10,25,0.0
scifact_dense,body_terms,47,16,probe_only,0.6435738713255216,-0.005091614027594055,15,1,50,65,0.0
scifact_dense,body_terms,47,16,probe_only,0.6435738713255216,-0.005091614027594055,15,1,200,215,0.0
scifact_dense,body_terms,47,16,rrf_extra,0.6486950430086345,2.9557655518855917e-05,0,2,1,2,0.0
scifact_dense,body_terms,47,16,rrf_extra,0.6486950430086345,2.9557655518855917e-05,0,2,10,20,0.0
scifact_dense,body_terms,47,16,rrf_extra,0.6486950430086345,2.9557655518855917e-05,0,2,50,100,0.0
scifact_dense,body_terms,47,16,rrf_extra,0.6486950430086345,2.9557655518855917e-05,0,2,200,400,0.0
scifact_dense,body_terms,47,64,source_router,0.6486654853531157,0.0,0,1,1,1,0.0
scifact_dense,body_terms,47,64,source_router,0.6486654853531157,0.0,0,1,10,10,0.0
scifact_dense,body_terms,47,64,source_router,0.6486654853531157,0.0,0,1,50,50,0.0
scifact_dense,body_terms,47,64,source_router,0.6486654853531157,0.0,0,1,200,200,0.0
scifact_dense,body_terms,47,64,profile_router,0.6486654853531157,0.0,63,1,1,64,3.5622195961574714e-06
scifact_dense,body_terms,47,64,profile_router,0.6486654853531157,0.0,63,1,10,73,3.5622195961574714e-06
scifact_dense,body_terms,47,64,profile_router,0.6486654853531157,0.0,63,1,50,113,3.5622195961574714e-06
scifact_dense,body_terms,47,64,profile_router,0.6486654853531157,0.0,63,1,200,263,3.5622195961574714e-06
scifact_dense,body_terms,47,64,probe_only,0.5390115782396184,-0.10965390711349725,63,1,1,64,0.0
scifact_dense,body_terms,47,64,probe_only,0.5390115782396184,-0.10965390711349725,63,1,10,73,0.0
scifact_dense,body_terms,47,64,probe_only,0.5390115782396184,-0.10965390711349725,63,1,50,113,0.0
scifact_dense,body_terms,47,64,probe_only,0.5390115782396184,-0.10965390711349725,63,1,200,263,0.0
scifact_dense,body_terms,47,64,rrf_extra,0.6486950430086345,2.9557655518855917e-05,0,2,1,2,0.0
scifact_dense,body_terms,47,64,rrf_extra,0.6486950430086345,2.9557655518855917e-05,0,2,10,20,0.0
scifact_dense,body_terms,47,64,rrf_extra,0.6486950430086345,2.9557655518855917e-05,0,2,50,100,0.0
scifact_dense,body_terms,47,64,rrf_extra,0.6486950430086345,2.9557655518855917e-05,0,2,200,400,0.0
scifact_dense,body_terms,47,256,source_router,0.6486654853531157,0.0,0,1,1,1,0.0
scifact_dense,body_terms,47,256,source_router,0.6486654853531157,0.0,0,1,10,10,0.0
scifact_dense,body_terms,47,256,source_router,0.6486654853531157,0.0,0,1,50,50,0.0
scifact_dense,body_terms,47,256,source_router,0.6486654853531157,0.0,0,1,200,200,0.0
scifact_dense,body_terms,47,256,profile_router,0.6486654853531157,0.0,192,1,1,193,3.6219460889697074e-06
scifact_dense,body_terms,47,256,profile_router,0.6486654853531157,0.0,192,1,10,202,3.6219460889697074e-06
scifact_dense,body_terms,47,256,profile_router,0.6486654853531157,0.0,192,1,50,242,3.6219460889697074e-06
scifact_dense,body_terms,47,256,profile_router,0.6486654853531157,0.0,192,1,200,392,3.6219460889697074e-06
scifact_dense,body_terms,47,256,probe_only,0.6435738713255216,-0.005091614027594055,192,1,1,193,0.0
scifact_dense,body_terms,47,256,probe_only,0.6435738713255216,-0.005091614027594055,192,1,10,202,0.0
scifact_dense,body_terms,47,256,probe_only,0.6435738713255216,-0.005091614027594055,192,1,50,242,0.0
scifact_dense,body_terms,47,256,probe_only,0.6435738713255216,-0.005091614027594055,192,1,200,392,0.0
scifact_dense,body_terms,47,256,rrf_extra,0.6486950430086345,2.9557655518855917e-05,0,2,1,2,0.0
scifact_dense,body_terms,47,256,rrf_extra,0.6486950430086345,2.9557655518855917e-05,0,2,10,20,0.0
scifact_dense,body_terms,47,256,rrf_extra,0.6486950430086345,2.9557655518855917e-05,0,2,50,100,0.0
scifact_dense,body_terms,47,256,rrf_extra,0.6486950430086345,2.9557655518855917e-05,0,2,200,400,0.0
fiqa_bm25,exact_title,11,0,source_router,0.25228729966197927,0.0,0,1,1,1,0.0
fiqa_bm25,exact_title,11,0,source_router,0.25228729966197927,0.0,0,1,10,10,0.0
fiqa_bm25,exact_title,11,0,source_router,0.25228729966197927,0.0,0,1,50,50,0.0
fiqa_bm25,exact_title,11,0,source_router,0.25228729966197927,0.0,0,1,200,200,0.0
fiqa_bm25,exact_title,11,0,profile_router,0.25228729966197927,0.0,0,1,1,1,3.6980599785844486e-06
fiqa_bm25,exact_title,11,0,profile_router,0.25228729966197927,0.0,0,1,10,10,3.6980599785844486e-06
fiqa_bm25,exact_title,11,0,profile_router,0.25228729966197927,0.0,0,1,50,50,3.6980599785844486e-06
fiqa_bm25,exact_title,11,0,profile_router,0.25228729966197927,0.0,0,1,200,200,3.6980599785844486e-06
fiqa_bm25,exact_title,11,0,probe_only,0.25251415790289977,0.00022685824092057107,0,1,1,1,0.0
fiqa_bm25,exact_title,11,0,probe_only,0.25251415790289977,0.00022685824092057107,0,1,10,10,0.0
fiqa_bm25,exact_title,11,0,probe_only,0.25251415790289977,0.00022685824092057107,0,1,50,50,0.0
fiqa_bm25,exact_title,11,0,probe_only,0.25251415790289977,0.00022685824092057107,0,1,200,200,0.0
fiqa_bm25,exact_title,11,0,rrf_extra,0.2542937306161939,0.0020064309542146843,0,2,1,2,0.0
fiqa_bm25,exact_title,11,0,rrf_extra,0.2542937306161939,0.0020064309542146843,0,2,10,20,0.0
fiqa_bm25,exact_title,11,0,rrf_extra,0.2542937306161939,0.0020064309542146843,0,2,50,100,0.0
fiqa_bm25,exact_title,11,0,rrf_extra,0.2542937306161939,0.0020064309542146843,0,2,200,400,0.0
fiqa_bm25,exact_title,11,16,source_router,0.25228729966197927,0.0,0,1,1,1,0.0
fiqa_bm25,exact_title,11,16,source_router,0.25228729966197927,0.0,0,1,10,10,0.0
fiqa_bm25,exact_title,11,16,source_router,0.25228729966197927,0.0,0,1,50,50,0.0
fiqa_bm25,exact_title,11,16,source_router,0.25228729966197927,0.0,0,1,200,200,0.0
fiqa_bm25,exact_title,11,16,profile_router,0.25228729966197927,0.0,14,1,1,15,3.5677803680300713e-06
fiqa_bm25,exact_title,11,16,profile_router,0.25228729966197927,0.0,14,1,10,24,3.5677803680300713e-06
fiqa_bm25,exact_title,11,16,profile_router,0.25228729966197927,0.0,14,1,50,64,3.5677803680300713e-06
fiqa_bm25,exact_title,11,16,profile_router,0.25228729966197927,0.0,14,1,200,214,3.5677803680300713e-06
fiqa_bm25,exact_title,11,16,probe_only,0.25251415790289977,0.00022685824092057107,14,1,1,15,0.0
fiqa_bm25,exact_title,11,16,probe_only,0.25251415790289977,0.00022685824092057107,14,1,10,24,0.0
fiqa_bm25,exact_title,11,16,probe_only,0.25251415790289977,0.00022685824092057107,14,1,50,64,0.0
fiqa_bm25,exact_title,11,16,probe_only,0.25251415790289977,0.00022685824092057107,14,1,200,214,0.0
fiqa_bm25,exact_title,11,16,rrf_extra,0.2542937306161939,0.0020064309542146843,0,2,1,2,0.0
fiqa_bm25,exact_title,11,16,rrf_extra,0.2542937306161939,0.0020064309542146843,0,2,10,20,0.0
fiqa_bm25,exact_title,11,16,rrf_extra,0.2542937306161939,0.0020064309542146843,0,2,50,100,0.0
fiqa_bm25,exact_title,11,16,rrf_extra,0.2542937306161939,0.0020064309542146843,0,2,200,400,0.0
fiqa_bm25,exact_title,11,64,source_router,0.25228729966197927,0.0,0,1,1,1,0.0
fiqa_bm25,exact_title,11,64,source_router,0.25228729966197927,0.0,0,1,10,10,0.0
fiqa_bm25,exact_title,11,64,source_router,0.25228729966197927,0.0,0,1,50,50,0.0
fiqa_bm25,exact_title,11,64,source_router,0.25228729966197927,0.0,0,1,200,200,0.0
fiqa_bm25,exact_title,11,64,profile_router,0.25228729966197927,0.0,62,1,1,63,3.5347199688355127e-06
fiqa_bm25,exact_title,11,64,profile_router,0.25228729966197927,0.0,62,1,10,72,3.5347199688355127e-06
fiqa_bm25,exact_title,11,64,profile_router,0.25228729966197927,0.0,62,1,50,112,3.5347199688355127e-06
fiqa_bm25,exact_title,11,64,profile_router,0.25228729966197927,0.0,62,1,200,262,3.5347199688355127e-06
fiqa_bm25,exact_title,11,64,probe_only,0.25251415790289977,0.00022685824092057107,62,1,1,63,0.0
fiqa_bm25,exact_title,11,64,probe_only,0.25251415790289977,0.00022685824092057107,62,1,10,72,0.0
fiqa_bm25,exact_title,11,64,probe_only,0.25251415790289977,0.00022685824092057107,62,1,50,112,0.0
fiqa_bm25,exact_title,11,64,probe_only,0.25251415790289977,0.00022685824092057107,62,1,200,262,0.0
fiqa_bm25,exact_title,11,64,rrf_extra,0.2542937306161939,0.0020064309542146843,0,2,1,2,0.0
fiqa_bm25,exact_title,11,64,rrf_extra,0.2542937306161939,0.0020064309542146843,0,2,10,20,0.0
fiqa_bm25,exact_title,11,64,rrf_extra,0.2542937306161939,0.0020064309542146843,0,2,50,100,0.0
fiqa_bm25,exact_title,11,64,rrf_extra,0.2542937306161939,0.0020064309542146843,0,2,200,400,0.0
fiqa_bm25,exact_title,11,256,source_router,0.25228729966197927,0.0,0,1,1,1,0.0
fiqa_bm25,exact_title,11,256,source_router,0.25228729966197927,0.0,0,1,10,10,0.0
fiqa_bm25,exact_title,11,256,source_router,0.25228729966197927,0.0,0,1,50,50,0.0
fiqa_bm25,exact_title,11,256,source_router,0.25228729966197927,0.0,0,1,200,200,0.0
fiqa_bm25,exact_title,11,256,profile_router,0.25228729966197927,0.0,64,1,1,65,3.5727800180514654e-06
fiqa_bm25,exact_title,11,256,profile_router,0.25228729966197927,0.0,64,1,10,74,3.5727800180514654e-06
fiqa_bm25,exact_title,11,256,profile_router,0.25228729966197927,0.0,64,1,50,114,3.5727800180514654e-06
fiqa_bm25,exact_title,11,256,profile_router,0.25228729966197927,0.0,64,1,200,264,3.5727800180514654e-06
fiqa_bm25,exact_title,11,256,probe_only,0.25251415790289977,0.00022685824092057107,64,1,1,65,0.0
fiqa_bm25,exact_title,11,256,probe_only,0.25251415790289977,0.00022685824092057107,64,1,10,74,0.0
fiqa_bm25,exact_title,11,256,probe_only,0.25251415790289977,0.00022685824092057107,64,1,50,114,0.0
fiqa_bm25,exact_title,11,256,probe_only,0.25251415790289977,0.00022685824092057107,64,1,200,264,0.0
fiqa_bm25,exact_title,11,256,rrf_extra,0.2542937306161939,0.0020064309542146843,0,2,1,2,0.0
fiqa_bm25,exact_title,11,256,rrf_extra,0.2542937306161939,0.0020064309542146843,0,2,10,20,0.0
fiqa_bm25,exact_title,11,256,rrf_extra,0.2542937306161939,0.0020064309542146843,0,2,50,100,0.0
fiqa_bm25,exact_title,11,256,rrf_extra,0.2542937306161939,0.0020064309542146843,0,2,200,400,0.0
fiqa_bm25,exact_title,23,0,source_router,0.25228729966197927,0.0,0,1,1,1,0.0
fiqa_bm25,exact_title,23,0,source_router,0.25228729966197927,0.0,0,1,10,10,0.0
fiqa_bm25,exact_title,23,0,source_router,0.25228729966197927,0.0,0,1,50,50,0.0
fiqa_bm25,exact_title,23,0,source_router,0.25228729966197927,0.0,0,1,200,200,0.0
fiqa_bm25,exact_title,23,0,profile_router,0.25228729966197927,0.0,0,1,1,1,3.570833553870519e-06
fiqa_bm25,exact_title,23,0,profile_router,0.25228729966197927,0.0,0,1,10,10,3.570833553870519e-06
fiqa_bm25,exact_title,23,0,profile_router,0.25228729966197927,0.0,0,1,50,50,3.570833553870519e-06
fiqa_bm25,exact_title,23,0,profile_router,0.25228729966197927,0.0,0,1,200,200,3.570833553870519e-06
fiqa_bm25,exact_title,23,0,probe_only,0.25251415790289977,0.00022685824092057107,0,1,1,1,0.0
fiqa_bm25,exact_title,23,0,probe_only,0.25251415790289977,0.00022685824092057107,0,1,10,10,0.0
fiqa_bm25,exact_title,23,0,probe_only,0.25251415790289977,0.00022685824092057107,0,1,50,50,0.0
fiqa_bm25,exact_title,23,0,probe_only,0.25251415790289977,0.00022685824092057107,0,1,200,200,0.0
fiqa_bm25,exact_title,23,0,rrf_extra,0.2542937306161939,0.0020064309542146843,0,2,1,2,0.0
fiqa_bm25,exact_title,23,0,rrf_extra,0.2542937306161939,0.0020064309542146843,0,2,10,20,0.0
fiqa_bm25,exact_title,23,0,rrf_extra,0.2542937306161939,0.0020064309542146843,0,2,50,100,0.0
fiqa_bm25,exact_title,23,0,rrf_extra,0.2542937306161939,0.0020064309542146843,0,2,200,400,0.0
fiqa_bm25,exact_title,23,16,source_router,0.25228729966197927,0.0,0,1,1,1,0.0
fiqa_bm25,exact_title,23,16,source_router,0.25228729966197927,0.0,0,1,10,10,0.0
fiqa_bm25,exact_title,23,16,source_router,0.25228729966197927,0.0,0,1,50,50,0.0
fiqa_bm25,exact_title,23,16,source_router,0.25228729966197927,0.0,0,1,200,200,0.0
fiqa_bm25,exact_title,23,16,profile_router,0.25228729966197927,0.0,14,1,1,15,3.5136061099668345e-06
fiqa_bm25,exact_title,23,16,profile_router,0.25228729966197927,0.0,14,1,10,24,3.5136061099668345e-06
fiqa_bm25,exact_title,23,16,profile_router,0.25228729966197927,0.0,14,1,50,64,3.5136061099668345e-06
fiqa_bm25,exact_title,23,16,profile_router,0.25228729966197927,0.0,14,1,200,214,3.5136061099668345e-06
fiqa_bm25,exact_title,23,16,probe_only,0.25251415790289977,0.00022685824092057107,14,1,1,15,0.0
fiqa_bm25,exact_title,23,16,probe_only,0.25251415790289977,0.00022685824092057107,14,1,10,24,0.0
fiqa_bm25,exact_title,23,16,probe_only,0.25251415790289977,0.00022685824092057107,14,1,50,64,0.0
fiqa_bm25,exact_title,23,16,probe_only,0.25251415790289977,0.00022685824092057107,14,1,200,214,0.0
fiqa_bm25,exact_title,23,16,rrf_extra,0.2542937306161939,0.0020064309542146843,0,2,1,2,0.0
fiqa_bm25,exact_title,23,16,rrf_extra,0.2542937306161939,0.0020064309542146843,0,2,10,20,0.0
fiqa_bm25,exact_title,23,16,rrf_extra,0.2542937306161939,0.0020064309542146843,0,2,50,100,0.0
fiqa_bm25,exact_title,23,16,rrf_extra,0.2542937306161939,0.0020064309542146843,0,2,200,400,0.0
fiqa_bm25,exact_title,23,64,source_router,0.25228729966197927,0.0,0,1,1,1,0.0
fiqa_bm25,exact_title,23,64,source_router,0.25228729966197927,0.0,0,1,10,10,0.0
fiqa_bm25,exact_title,23,64,source_router,0.25228729966197927,0.0,0,1,50,50,0.0
fiqa_bm25,exact_title,23,64,source_router,0.25228729966197927,0.0,0,1,200,200,0.0
fiqa_bm25,exact_title,23,64,profile_router,0.25228729966197927,0.0,62,1,1,63,3.499166729549567e-06
fiqa_bm25,exact_title,23,64,profile_router,0.25228729966197927,0.0,62,1,10,72,3.499166729549567e-06
fiqa_bm25,exact_title,23,64,profile_router,0.25228729966197927,0.0,62,1,50,112,3.499166729549567e-06
fiqa_bm25,exact_title,23,64,profile_router,0.25228729966197927,0.0,62,1,200,262,3.499166729549567e-06
fiqa_bm25,exact_title,23,64,probe_only,0.25251415790289977,0.00022685824092057107,62,1,1,63,0.0
fiqa_bm25,exact_title,23,64,probe_only,0.25251415790289977,0.00022685824092057107,62,1,10,72,0.0
fiqa_bm25,exact_title,23,64,probe_only,0.25251415790289977,0.00022685824092057107,62,1,50,112,0.0
fiqa_bm25,exact_title,23,64,probe_only,0.25251415790289977,0.00022685824092057107,62,1,200,262,0.0
fiqa_bm25,exact_title,23,64,rrf_extra,0.2542937306161939,0.0020064309542146843,0,2,1,2,0.0
fiqa_bm25,exact_title,23,64,rrf_extra,0.2542937306161939,0.0020064309542146843,0,2,10,20,0.0
fiqa_bm25,exact_title,23,64,rrf_extra,0.2542937306161939,0.0020064309542146843,0,2,50,100,0.0
fiqa_bm25,exact_title,23,64,rrf_extra,0.2542937306161939,0.0020064309542146843,0,2,200,400,0.0
fiqa_bm25,exact_title,23,256,source_router,0.25228729966197927,0.0,0,1,1,1,0.0
fiqa_bm25,exact_title,23,256,source_router,0.25228729966197927,0.0,0,1,10,10,0.0
fiqa_bm25,exact_title,23,256,source_router,0.25228729966197927,0.0,0,1,50,50,0.0
fiqa_bm25,exact_title,23,256,source_router,0.25228729966197927,0.0,0,1,200,200,0.0
fiqa_bm25,exact_title,23,256,profile_router,0.25228729966197927,0.0,64,1,1,65,3.5347261776526768e-06
fiqa_bm25,exact_title,23,256,profile_router,0.25228729966197927,0.0,64,1,10,74,3.5347261776526768e-06
fiqa_bm25,exact_title,23,256,profile_router,0.25228729966197927,0.0,64,1,50,114,3.5347261776526768e-06
fiqa_bm25,exact_title,23,256,profile_router,0.25228729966197927,0.0,64,1,200,264,3.5347261776526768e-06
fiqa_bm25,exact_title,23,256,probe_only,0.25251415790289977,0.00022685824092057107,64,1,1,65,0.0
fiqa_bm25,exact_title,23,256,probe_only,0.25251415790289977,0.00022685824092057107,64,1,10,74,0.0
fiqa_bm25,exact_title,23,256,probe_only,0.25251415790289977,0.00022685824092057107,64,1,50,114,0.0
fiqa_bm25,exact_title,23,256,probe_only,0.25251415790289977,0.00022685824092057107,64,1,200,264,0.0
fiqa_bm25,exact_title,23,256,rrf_extra,0.2542937306161939,0.0020064309542146843,0,2,1,2,0.0
fiqa_bm25,exact_title,23,256,rrf_extra,0.2542937306161939,0.0020064309542146843,0,2,10,20,0.0
fiqa_bm25,exact_title,23,256,rrf_extra,0.2542937306161939,0.0020064309542146843,0,2,50,100,0.0
fiqa_bm25,exact_title,23,256,rrf_extra,0.2542937306161939,0.0020064309542146843,0,2,200,400,0.0
fiqa_bm25,exact_title,47,0,source_router,0.25228729966197927,0.0,0,1,1,1,0.0
fiqa_bm25,exact_title,47,0,source_router,0.25228729966197927,0.0,0,1,10,10,0.0
fiqa_bm25,exact_title,47,0,source_router,0.25228729966197927,0.0,0,1,50,50,0.0
fiqa_bm25,exact_title,47,0,source_router,0.25228729966197927,0.0,0,1,200,200,0.0
fiqa_bm25,exact_title,47,0,profile_router,0.25228729966197927,0.0,0,1,1,1,3.597220250715812e-06
fiqa_bm25,exact_title,47,0,profile_router,0.25228729966197927,0.0,0,1,10,10,3.597220250715812e-06
fiqa_bm25,exact_title,47,0,profile_router,0.25228729966197927,0.0,0,1,50,50,3.597220250715812e-06
fiqa_bm25,exact_title,47,0,profile_router,0.25228729966197927,0.0,0,1,200,200,3.597220250715812e-06
fiqa_bm25,exact_title,47,0,probe_only,0.25251415790289977,0.00022685824092057107,0,1,1,1,0.0
fiqa_bm25,exact_title,47,0,probe_only,0.25251415790289977,0.00022685824092057107,0,1,10,10,0.0
fiqa_bm25,exact_title,47,0,probe_only,0.25251415790289977,0.00022685824092057107,0,1,50,50,0.0
fiqa_bm25,exact_title,47,0,probe_only,0.25251415790289977,0.00022685824092057107,0,1,200,200,0.0
fiqa_bm25,exact_title,47,0,rrf_extra,0.2542937306161939,0.0020064309542146843,0,2,1,2,0.0
fiqa_bm25,exact_title,47,0,rrf_extra,0.2542937306161939,0.0020064309542146843,0,2,10,20,0.0
fiqa_bm25,exact_title,47,0,rrf_extra,0.2542937306161939,0.0020064309542146843,0,2,50,100,0.0
fiqa_bm25,exact_title,47,0,rrf_extra,0.2542937306161939,0.0020064309542146843,0,2,200,400,0.0
fiqa_bm25,exact_title,47,16,source_router,0.25228729966197927,0.0,0,1,1,1,0.0
fiqa_bm25,exact_title,47,16,source_router,0.25228729966197927,0.0,0,1,10,10,0.0
fiqa_bm25,exact_title,47,16,source_router,0.25228729966197927,0.0,0,1,50,50,0.0
fiqa_bm25,exact_title,47,16,source_router,0.25228729966197927,0.0,0,1,200,200,0.0
fiqa_bm25,exact_title,47,16,profile_router,0.25228729966197927,0.0,14,1,1,15,3.739440192778905e-06
fiqa_bm25,exact_title,47,16,profile_router,0.25228729966197927,0.0,14,1,10,24,3.739440192778905e-06
fiqa_bm25,exact_title,47,16,profile_router,0.25228729966197927,0.0,14,1,50,64,3.739440192778905e-06
fiqa_bm25,exact_title,47,16,profile_router,0.25228729966197927,0.0,14,1,200,214,3.739440192778905e-06
fiqa_bm25,exact_title,47,16,probe_only,0.25251415790289977,0.00022685824092057107,14,1,1,15,0.0
fiqa_bm25,exact_title,47,16,probe_only,0.25251415790289977,0.00022685824092057107,14,1,10,24,0.0
fiqa_bm25,exact_title,47,16,probe_only,0.25251415790289977,0.00022685824092057107,14,1,50,64,0.0
fiqa_bm25,exact_title,47,16,probe_only,0.25251415790289977,0.00022685824092057107,14,1,200,214,0.0
fiqa_bm25,exact_title,47,16,rrf_extra,0.2542937306161939,0.0020064309542146843,0,2,1,2,0.0
fiqa_bm25,exact_title,47,16,rrf_extra,0.2542937306161939,0.0020064309542146843,0,2,10,20,0.0
fiqa_bm25,exact_title,47,16,rrf_extra,0.2542937306161939,0.0020064309542146843,0,2,50,100,0.0
fiqa_bm25,exact_title,47,16,rrf_extra,0.2542937306161939,0.0020064309542146843,0,2,200,400,0.0
fiqa_bm25,exact_title,47,64,source_router,0.25228729966197927,0.0,0,1,1,1,0.0
fiqa_bm25,exact_title,47,64,source_router,0.25228729966197927,0.0,0,1,10,10,0.0
fiqa_bm25,exact_title,47,64,source_router,0.25228729966197927,0.0,0,1,50,50,0.0
fiqa_bm25,exact_title,47,64,source_router,0.25228729966197927,0.0,0,1,200,200,0.0
fiqa_bm25,exact_title,47,64,profile_router,0.25228729966197927,0.0,62,1,1,63,3.7047266960144044e-06
fiqa_bm25,exact_title,47,64,profile_router,0.25228729966197927,0.0,62,1,10,72,3.7047266960144044e-06
fiqa_bm25,exact_title,47,64,profile_router,0.25228729966197927,0.0,62,1,50,112,3.7047266960144044e-06
fiqa_bm25,exact_title,47,64,profile_router,0.25228729966197927,0.0,62,1,200,262,3.7047266960144044e-06
fiqa_bm25,exact_title,47,64,probe_only,0.25251415790289977,0.00022685824092057107,62,1,1,63,0.0
fiqa_bm25,exact_title,47,64,probe_only,0.25251415790289977,0.00022685824092057107,62,1,10,72,0.0
fiqa_bm25,exact_title,47,64,probe_only,0.25251415790289977,0.00022685824092057107,62,1,50,112,0.0
fiqa_bm25,exact_title,47,64,probe_only,0.25251415790289977,0.00022685824092057107,62,1,200,262,0.0
fiqa_bm25,exact_title,47,64,rrf_extra,0.2542937306161939,0.0020064309542146843,0,2,1,2,0.0
fiqa_bm25,exact_title,47,64,rrf_extra,0.2542937306161939,0.0020064309542146843,0,2,10,20,0.0
fiqa_bm25,exact_title,47,64,rrf_extra,0.2542937306161939,0.0020064309542146843,0,2,50,100,0.0
fiqa_bm25,exact_title,47,64,rrf_extra,0.2542937306161939,0.0020064309542146843,0,2,200,400,0.0
fiqa_bm25,exact_title,47,256,source_router,0.25228729966197927,0.0,0,1,1,1,0.0
fiqa_bm25,exact_title,47,256,source_router,0.25228729966197927,0.0,0,1,10,10,0.0
fiqa_bm25,exact_title,47,256,source_router,0.25228729966197927,0.0,0,1,50,50,0.0
fiqa_bm25,exact_title,47,256,source_router,0.25228729966197927,0.0,0,1,200,200,0.0
fiqa_bm25,exact_title,47,256,profile_router,0.25228729966197927,0.0,64,1,1,65,3.5455597875018915e-06
fiqa_bm25,exact_title,47,256,profile_router,0.25228729966197927,0.0,64,1,10,74,3.5455597875018915e-06
fiqa_bm25,exact_title,47,256,profile_router,0.25228729966197927,0.0,64,1,50,114,3.5455597875018915e-06
fiqa_bm25,exact_title,47,256,profile_router,0.25228729966197927,0.0,64,1,200,264,3.5455597875018915e-06
fiqa_bm25,exact_title,47,256,probe_only,0.25251415790289977,0.00022685824092057107,64,1,1,65,0.0
fiqa_bm25,exact_title,47,256,probe_only,0.25251415790289977,0.00022685824092057107,64,1,10,74,0.0
fiqa_bm25,exact_title,47,256,probe_only,0.25251415790289977,0.00022685824092057107,64,1,50,114,0.0
fiqa_bm25,exact_title,47,256,probe_only,0.25251415790289977,0.00022685824092057107,64,1,200,264,0.0
fiqa_bm25,exact_title,47,256,rrf_extra,0.2542937306161939,0.0020064309542146843,0,2,1,2,0.0
fiqa_bm25,exact_title,47,256,rrf_extra,0.2542937306161939,0.0020064309542146843,0,2,10,20,0.0
fiqa_bm25,exact_title,47,256,rrf_extra,0.2542937306161939,0.0020064309542146843,0,2,50,100,0.0
fiqa_bm25,exact_title,47,256,rrf_extra,0.2542937306161939,0.0020064309542146843,0,2,200,400,0.0
fiqa_bm25,body_terms,11,0,source_router,0.25228729966197927,0.0,0,1,1,1,0.0
fiqa_bm25,body_terms,11,0,source_router,0.25228729966197927,0.0,0,1,10,10,0.0
fiqa_bm25,body_terms,11,0,source_router,0.25228729966197927,0.0,0,1,50,50,0.0
fiqa_bm25,body_terms,11,0,source_router,0.25228729966197927,0.0,0,1,200,200,0.0
fiqa_bm25,body_terms,11,0,profile_router,0.25228729966197927,0.0,0,1,1,1,3.616393854220708e-06
fiqa_bm25,body_terms,11,0,profile_router,0.25228729966197927,0.0,0,1,10,10,3.616393854220708e-06
fiqa_bm25,body_terms,11,0,profile_router,0.25228729966197927,0.0,0,1,50,50,3.616393854220708e-06
fiqa_bm25,body_terms,11,0,profile_router,0.25228729966197927,0.0,0,1,200,200,3.616393854220708e-06
fiqa_bm25,body_terms,11,0,probe_only,0.25251415790289977,0.00022685824092057107,0,1,1,1,0.0
fiqa_bm25,body_terms,11,0,probe_only,0.25251415790289977,0.00022685824092057107,0,1,10,10,0.0
fiqa_bm25,body_terms,11,0,probe_only,0.25251415790289977,0.00022685824092057107,0,1,50,50,0.0
fiqa_bm25,body_terms,11,0,probe_only,0.25251415790289977,0.00022685824092057107,0,1,200,200,0.0
fiqa_bm25,body_terms,11,0,rrf_extra,0.2542937306161939,0.0020064309542146843,0,2,1,2,0.0
fiqa_bm25,body_terms,11,0,rrf_extra,0.2542937306161939,0.0020064309542146843,0,2,10,20,0.0
fiqa_bm25,body_terms,11,0,rrf_extra,0.2542937306161939,0.0020064309542146843,0,2,50,100,0.0
fiqa_bm25,body_terms,11,0,rrf_extra,0.2542937306161939,0.0020064309542146843,0,2,200,400,0.0
fiqa_bm25,body_terms,11,16,source_router,0.25228729966197927,0.0,0,1,1,1,0.0
fiqa_bm25,body_terms,11,16,source_router,0.25228729966197927,0.0,0,1,10,10,0.0
fiqa_bm25,body_terms,11,16,source_router,0.25228729966197927,0.0,0,1,50,50,0.0
fiqa_bm25,body_terms,11,16,source_router,0.25228729966197927,0.0,0,1,200,200,0.0
fiqa_bm25,body_terms,11,16,profile_router,0.25228729966197927,0.0,15,1,1,16,3.603053434441487e-06
fiqa_bm25,body_terms,11,16,profile_router,0.25228729966197927,0.0,15,1,10,25,3.603053434441487e-06
fiqa_bm25,body_terms,11,16,profile_router,0.25228729966197927,0.0,15,1,50,65,3.603053434441487e-06
fiqa_bm25,body_terms,11,16,profile_router,0.25228729966197927,0.0,15,1,200,215,3.603053434441487e-06
fiqa_bm25,body_terms,11,16,probe_only,0.25251415790289977,0.00022685824092057107,15,1,1,16,0.0
fiqa_bm25,body_terms,11,16,probe_only,0.25251415790289977,0.00022685824092057107,15,1,10,25,0.0
fiqa_bm25,body_terms,11,16,probe_only,0.25251415790289977,0.00022685824092057107,15,1,50,65,0.0
fiqa_bm25,body_terms,11,16,probe_only,0.25251415790289977,0.00022685824092057107,15,1,200,215,0.0
fiqa_bm25,body_terms,11,16,rrf_extra,0.2542937306161939,0.0020064309542146843,0,2,1,2,0.0
fiqa_bm25,body_terms,11,16,rrf_extra,0.2542937306161939,0.0020064309542146843,0,2,10,20,0.0
fiqa_bm25,body_terms,11,16,rrf_extra,0.2542937306161939,0.0020064309542146843,0,2,50,100,0.0
fiqa_bm25,body_terms,11,16,rrf_extra,0.2542937306161939,0.0020064309542146843,0,2,200,400,0.0
fiqa_bm25,body_terms,11,64,source_router,0.25228729966197927,0.0,0,1,1,1,0.0
fiqa_bm25,body_terms,11,64,source_router,0.25228729966197927,0.0,0,1,10,10,0.0
fiqa_bm25,body_terms,11,64,source_router,0.25228729966197927,0.0,0,1,50,50,0.0
fiqa_bm25,body_terms,11,64,source_router,0.25228729966197927,0.0,0,1,200,200,0.0
fiqa_bm25,body_terms,11,64,profile_router,0.25228729966197927,0.0,63,1,1,64,4.122780325512091e-06
fiqa_bm25,body_terms,11,64,profile_router,0.25228729966197927,0.0,63,1,10,73,4.122780325512091e-06
fiqa_bm25,body_terms,11,64,profile_router,0.25228729966197927,0.0,63,1,50,113,4.122780325512091e-06
fiqa_bm25,body_terms,11,64,profile_router,0.25228729966197927,0.0,63,1,200,263,4.122780325512091e-06
fiqa_bm25,body_terms,11,64,probe_only,0.25251415790289977,0.00022685824092057107,63,1,1,64,0.0
fiqa_bm25,body_terms,11,64,probe_only,0.25251415790289977,0.00022685824092057107,63,1,10,73,0.0
fiqa_bm25,body_terms,11,64,probe_only,0.25251415790289977,0.00022685824092057107,63,1,50,113,0.0
fiqa_bm25,body_terms,11,64,probe_only,0.25251415790289977,0.00022685824092057107,63,1,200,263,0.0
fiqa_bm25,body_terms,11,64,rrf_extra,0.2542937306161939,0.0020064309542146843,0,2,1,2,0.0
fiqa_bm25,body_terms,11,64,rrf_extra,0.2542937306161939,0.0020064309542146843,0,2,10,20,0.0
fiqa_bm25,body_terms,11,64,rrf_extra,0.2542937306161939,0.0020064309542146843,0,2,50,100,0.0
fiqa_bm25,body_terms,11,64,rrf_extra,0.2542937306161939,0.0020064309542146843,0,2,200,400,0.0
fiqa_bm25,body_terms,11,256,source_router,0.25228729966197927,0.0,0,1,1,1,0.0
fiqa_bm25,body_terms,11,256,source_router,0.25228729966197927,0.0,0,1,10,10,0.0
fiqa_bm25,body_terms,11,256,source_router,0.25228729966197927,0.0,0,1,50,50,0.0
fiqa_bm25,body_terms,11,256,source_router,0.25228729966197927,0.0,0,1,200,200,0.0
fiqa_bm25,body_terms,11,256,profile_router,0.25228729966197927,0.0,192,1,1,193,3.4858332946896555e-06
fiqa_bm25,body_terms,11,256,profile_router,0.25228729966197927,0.0,192,1,10,202,3.4858332946896555e-06
fiqa_bm25,body_terms,11,256,profile_router,0.25228729966197927,0.0,192,1,50,242,3.4858332946896555e-06
fiqa_bm25,body_terms,11,256,profile_router,0.25228729966197927,0.0,192,1,200,392,3.4858332946896555e-06
fiqa_bm25,body_terms,11,256,probe_only,0.25251415790289977,0.00022685824092057107,192,1,1,193,0.0
fiqa_bm25,body_terms,11,256,probe_only,0.25251415790289977,0.00022685824092057107,192,1,10,202,0.0
fiqa_bm25,body_terms,11,256,probe_only,0.25251415790289977,0.00022685824092057107,192,1,50,242,0.0
fiqa_bm25,body_terms,11,256,probe_only,0.25251415790289977,0.00022685824092057107,192,1,200,392,0.0
fiqa_bm25,body_terms,11,256,rrf_extra,0.2542937306161939,0.0020064309542146843,0,2,1,2,0.0
fiqa_bm25,body_terms,11,256,rrf_extra,0.2542937306161939,0.0020064309542146843,0,2,10,20,0.0
fiqa_bm25,body_terms,11,256,rrf_extra,0.2542937306161939,0.0020064309542146843,0,2,50,100,0.0
fiqa_bm25,body_terms,11,256,rrf_extra,0.2542937306161939,0.0020064309542146843,0,2,200,400,0.0
fiqa_bm25,body_terms,23,0,source_router,0.25228729966197927,0.0,0,1,1,1,0.0
fiqa_bm25,body_terms,23,0,source_router,0.25228729966197927,0.0,0,1,10,10,0.0
fiqa_bm25,body_terms,23,0,source_router,0.25228729966197927,0.0,0,1,50,50,0.0
fiqa_bm25,body_terms,23,0,source_router,0.25228729966197927,0.0,0,1,200,200,0.0
fiqa_bm25,body_terms,23,0,profile_router,0.25228729966197927,0.0,0,1,1,1,3.904446493834257e-06
fiqa_bm25,body_terms,23,0,profile_router,0.25228729966197927,0.0,0,1,10,10,3.904446493834257e-06
fiqa_bm25,body_terms,23,0,profile_router,0.25228729966197927,0.0,0,1,50,50,3.904446493834257e-06
fiqa_bm25,body_terms,23,0,profile_router,0.25228729966197927,0.0,0,1,200,200,3.904446493834257e-06
fiqa_bm25,body_terms,23,0,probe_only,0.25251415790289977,0.00022685824092057107,0,1,1,1,0.0
fiqa_bm25,body_terms,23,0,probe_only,0.25251415790289977,0.00022685824092057107,0,1,10,10,0.0
fiqa_bm25,body_terms,23,0,probe_only,0.25251415790289977,0.00022685824092057107,0,1,50,50,0.0
fiqa_bm25,body_terms,23,0,probe_only,0.25251415790289977,0.00022685824092057107,0,1,200,200,0.0
fiqa_bm25,body_terms,23,0,rrf_extra,0.2542937306161939,0.0020064309542146843,0,2,1,2,0.0
fiqa_bm25,body_terms,23,0,rrf_extra,0.2542937306161939,0.0020064309542146843,0,2,10,20,0.0
fiqa_bm25,body_terms,23,0,rrf_extra,0.2542937306161939,0.0020064309542146843,0,2,50,100,0.0
fiqa_bm25,body_terms,23,0,rrf_extra,0.2542937306161939,0.0020064309542146843,0,2,200,400,0.0
fiqa_bm25,body_terms,23,16,source_router,0.25228729966197927,0.0,0,1,1,1,0.0
fiqa_bm25,body_terms,23,16,source_router,0.25228729966197927,0.0,0,1,10,10,0.0
fiqa_bm25,body_terms,23,16,source_router,0.25228729966197927,0.0,0,1,50,50,0.0
fiqa_bm25,body_terms,23,16,source_router,0.25228729966197927,0.0,0,1,200,200,0.0
fiqa_bm25,body_terms,23,16,profile_router,0.25228729966197927,0.0,15,1,1,16,3.6355596967041494e-06
fiqa_bm25,body_terms,23,16,profile_router,0.25228729966197927,0.0,15,1,10,25,3.6355596967041494e-06
fiqa_bm25,body_terms,23,16,profile_router,0.25228729966197927,0.0,15,1,50,65,3.6355596967041494e-06
fiqa_bm25,body_terms,23,16,profile_router,0.25228729966197927,0.0,15,1,200,215,3.6355596967041494e-06
fiqa_bm25,body_terms,23,16,probe_only,0.25251415790289977,0.00022685824092057107,15,1,1,16,0.0
fiqa_bm25,body_terms,23,16,probe_only,0.25251415790289977,0.00022685824092057107,15,1,10,25,0.0
fiqa_bm25,body_terms,23,16,probe_only,0.25251415790289977,0.00022685824092057107,15,1,50,65,0.0
fiqa_bm25,body_terms,23,16,probe_only,0.25251415790289977,0.00022685824092057107,15,1,200,215,0.0
fiqa_bm25,body_terms,23,16,rrf_extra,0.2542937306161939,0.0020064309542146843,0,2,1,2,0.0
fiqa_bm25,body_terms,23,16,rrf_extra,0.2542937306161939,0.0020064309542146843,0,2,10,20,0.0
fiqa_bm25,body_terms,23,16,rrf_extra,0.2542937306161939,0.0020064309542146843,0,2,50,100,0.0
fiqa_bm25,body_terms,23,16,rrf_extra,0.2542937306161939,0.0020064309542146843,0,2,200,400,0.0
fiqa_bm25,body_terms,23,64,source_router,0.25228729966197927,0.0,0,1,1,1,0.0
fiqa_bm25,body_terms,23,64,source_router,0.25228729966197927,0.0,0,1,10,10,0.0
fiqa_bm25,body_terms,23,64,source_router,0.25228729966197927,0.0,0,1,50,50,0.0
fiqa_bm25,body_terms,23,64,source_router,0.25228729966197927,0.0,0,1,200,200,0.0
fiqa_bm25,body_terms,23,64,profile_router,0.25228729966197927,0.0,63,1,1,64,3.478333819657564e-06
fiqa_bm25,body_terms,23,64,profile_router,0.25228729966197927,0.0,63,1,10,73,3.478333819657564e-06
fiqa_bm25,body_terms,23,64,profile_router,0.25228729966197927,0.0,63,1,50,113,3.478333819657564e-06
fiqa_bm25,body_terms,23,64,profile_router,0.25228729966197927,0.0,63,1,200,263,3.478333819657564e-06
fiqa_bm25,body_terms,23,64,probe_only,0.25251415790289977,0.00022685824092057107,63,1,1,64,0.0
fiqa_bm25,body_terms,23,64,probe_only,0.25251415790289977,0.00022685824092057107,63,1,10,73,0.0
fiqa_bm25,body_terms,23,64,probe_only,0.25251415790289977,0.00022685824092057107,63,1,50,113,0.0
fiqa_bm25,body_terms,23,64,probe_only,0.25251415790289977,0.00022685824092057107,63,1,200,263,0.0
fiqa_bm25,body_terms,23,64,rrf_extra,0.2542937306161939,0.0020064309542146843,0,2,1,2,0.0
fiqa_bm25,body_terms,23,64,rrf_extra,0.2542937306161939,0.0020064309542146843,0,2,10,20,0.0
fiqa_bm25,body_terms,23,64,rrf_extra,0.2542937306161939,0.0020064309542146843,0,2,50,100,0.0
fiqa_bm25,body_terms,23,64,rrf_extra,0.2542937306161939,0.0020064309542146843,0,2,200,400,0.0
fiqa_bm25,body_terms,23,256,source_router,0.25228729966197927,0.0,0,1,1,1,0.0
fiqa_bm25,body_terms,23,256,source_router,0.25228729966197927,0.0,0,1,10,10,0.0
fiqa_bm25,body_terms,23,256,source_router,0.25228729966197927,0.0,0,1,50,50,0.0
fiqa_bm25,body_terms,23,256,source_router,0.25228729966197927,0.0,0,1,200,200,0.0
fiqa_bm25,body_terms,23,256,profile_router,0.25228729966197927,0.0,192,1,1,193,3.4669398640592893e-06
fiqa_bm25,body_terms,23,256,profile_router,0.25228729966197927,0.0,192,1,10,202,3.4669398640592893e-06
fiqa_bm25,body_terms,23,256,profile_router,0.25228729966197927,0.0,192,1,50,242,3.4669398640592893e-06
fiqa_bm25,body_terms,23,256,profile_router,0.25228729966197927,0.0,192,1,200,392,3.4669398640592893e-06
fiqa_bm25,body_terms,23,256,probe_only,0.25251415790289977,0.00022685824092057107,192,1,1,193,0.0
fiqa_bm25,body_terms,23,256,probe_only,0.25251415790289977,0.00022685824092057107,192,1,10,202,0.0
fiqa_bm25,body_terms,23,256,probe_only,0.25251415790289977,0.00022685824092057107,192,1,50,242,0.0
fiqa_bm25,body_terms,23,256,probe_only,0.25251415790289977,0.00022685824092057107,192,1,200,392,0.0
fiqa_bm25,body_terms,23,256,rrf_extra,0.2542937306161939,0.0020064309542146843,0,2,1,2,0.0
fiqa_bm25,body_terms,23,256,rrf_extra,0.2542937306161939,0.0020064309542146843,0,2,10,20,0.0
fiqa_bm25,body_terms,23,256,rrf_extra,0.2542937306161939,0.0020064309542146843,0,2,50,100,0.0
fiqa_bm25,body_terms,23,256,rrf_extra,0.2542937306161939,0.0020064309542146843,0,2,200,400,0.0
fiqa_bm25,body_terms,47,0,source_router,0.25228729966197927,0.0,0,1,1,1,0.0
fiqa_bm25,body_terms,47,0,source_router,0.25228729966197927,0.0,0,1,10,10,0.0
fiqa_bm25,body_terms,47,0,source_router,0.25228729966197927,0.0,0,1,50,50,0.0
fiqa_bm25,body_terms,47,0,source_router,0.25228729966197927,0.0,0,1,200,200,0.0
fiqa_bm25,body_terms,47,0,profile_router,0.25228729966197927,0.0,0,1,1,1,3.4611066803336144e-06
fiqa_bm25,body_terms,47,0,profile_router,0.25228729966197927,0.0,0,1,10,10,3.4611066803336144e-06
fiqa_bm25,body_terms,47,0,profile_router,0.25228729966197927,0.0,0,1,50,50,3.4611066803336144e-06
fiqa_bm25,body_terms,47,0,profile_router,0.25228729966197927,0.0,0,1,200,200,3.4611066803336144e-06
fiqa_bm25,body_terms,47,0,probe_only,0.25251415790289977,0.00022685824092057107,0,1,1,1,0.0
fiqa_bm25,body_terms,47,0,probe_only,0.25251415790289977,0.00022685824092057107,0,1,10,10,0.0
fiqa_bm25,body_terms,47,0,probe_only,0.25251415790289977,0.00022685824092057107,0,1,50,50,0.0
fiqa_bm25,body_terms,47,0,probe_only,0.25251415790289977,0.00022685824092057107,0,1,200,200,0.0
fiqa_bm25,body_terms,47,0,rrf_extra,0.2542937306161939,0.0020064309542146843,0,2,1,2,0.0
fiqa_bm25,body_terms,47,0,rrf_extra,0.2542937306161939,0.0020064309542146843,0,2,10,20,0.0
fiqa_bm25,body_terms,47,0,rrf_extra,0.2542937306161939,0.0020064309542146843,0,2,50,100,0.0
fiqa_bm25,body_terms,47,0,rrf_extra,0.2542937306161939,0.0020064309542146843,0,2,200,400,0.0
fiqa_bm25,body_terms,47,16,source_router,0.25228729966197927,0.0,0,1,1,1,0.0
fiqa_bm25,body_terms,47,16,source_router,0.25228729966197927,0.0,0,1,10,10,0.0
fiqa_bm25,body_terms,47,16,source_router,0.25228729966197927,0.0,0,1,50,50,0.0
fiqa_bm25,body_terms,47,16,source_router,0.25228729966197927,0.0,0,1,200,200,0.0
fiqa_bm25,body_terms,47,16,profile_router,0.25228729966197927,0.0,15,1,1,16,3.473060205578804e-06
fiqa_bm25,body_terms,47,16,profile_router,0.25228729966197927,0.0,15,1,10,25,3.473060205578804e-06
fiqa_bm25,body_terms,47,16,profile_router,0.25228729966197927,0.0,15,1,50,65,3.473060205578804e-06
fiqa_bm25,body_terms,47,16,profile_router,0.25228729966197927,0.0,15,1,200,215,3.473060205578804e-06
fiqa_bm25,body_terms,47,16,probe_only,0.25251415790289977,0.00022685824092057107,15,1,1,16,0.0
fiqa_bm25,body_terms,47,16,probe_only,0.25251415790289977,0.00022685824092057107,15,1,10,25,0.0
fiqa_bm25,body_terms,47,16,probe_only,0.25251415790289977,0.00022685824092057107,15,1,50,65,0.0
fiqa_bm25,body_terms,47,16,probe_only,0.25251415790289977,0.00022685824092057107,15,1,200,215,0.0
fiqa_bm25,body_terms,47,16,rrf_extra,0.2542937306161939,0.0020064309542146843,0,2,1,2,0.0
fiqa_bm25,body_terms,47,16,rrf_extra,0.2542937306161939,0.0020064309542146843,0,2,10,20,0.0
fiqa_bm25,body_terms,47,16,rrf_extra,0.2542937306161939,0.0020064309542146843,0,2,50,100,0.0
fiqa_bm25,body_terms,47,16,rrf_extra,0.2542937306161939,0.0020064309542146843,0,2,200,400,0.0
fiqa_bm25,body_terms,47,64,source_router,0.25228729966197927,0.0,0,1,1,1,0.0
fiqa_bm25,body_terms,47,64,source_router,0.25228729966197927,0.0,0,1,10,10,0.0
fiqa_bm25,body_terms,47,64,source_router,0.25228729966197927,0.0,0,1,50,50,0.0
fiqa_bm25,body_terms,47,64,source_router,0.25228729966197927,0.0,0,1,200,200,0.0
fiqa_bm25,body_terms,47,64,profile_router,0.25228729966197927,0.0,63,1,1,64,3.492219839245081e-06
fiqa_bm25,body_terms,47,64,profile_router,0.25228729966197927,0.0,63,1,10,73,3.492219839245081e-06
fiqa_bm25,body_terms,47,64,profile_router,0.25228729966197927,0.0,63,1,50,113,3.492219839245081e-06
fiqa_bm25,body_terms,47,64,profile_router,0.25228729966197927,0.0,63,1,200,263,3.492219839245081e-06
fiqa_bm25,body_terms,47,64,probe_only,0.25251415790289977,0.00022685824092057107,63,1,1,64,0.0
fiqa_bm25,body_terms,47,64,probe_only,0.25251415790289977,0.00022685824092057107,63,1,10,73,0.0
fiqa_bm25,body_terms,47,64,probe_only,0.25251415790289977,0.00022685824092057107,63,1,50,113,0.0
fiqa_bm25,body_terms,47,64,probe_only,0.25251415790289977,0.00022685824092057107,63,1,200,263,0.0
fiqa_bm25,body_terms,47,64,rrf_extra,0.2542937306161939,0.0020064309542146843,0,2,1,2,0.0
fiqa_bm25,body_terms,47,64,rrf_extra,0.2542937306161939,0.0020064309542146843,0,2,10,20,0.0
fiqa_bm25,body_terms,47,64,rrf_extra,0.2542937306161939,0.0020064309542146843,0,2,50,100,0.0
fiqa_bm25,body_terms,47,64,rrf_extra,0.2542937306161939,0.0020064309542146843,0,2,200,400,0.0
fiqa_bm25,body_terms,47,256,source_router,0.25228729966197927,0.0,0,1,1,1,0.0
fiqa_bm25,body_terms,47,256,source_router,0.25228729966197927,0.0,0,1,10,10,0.0
fiqa_bm25,body_terms,47,256,source_router,0.25228729966197927,0.0,0,1,50,50,0.0
fiqa_bm25,body_terms,47,256,source_router,0.25228729966197927,0.0,0,1,200,200,0.0
fiqa_bm25,body_terms,47,256,profile_router,0.25228729966197927,0.0,192,1,1,193,3.4524997075398762e-06
fiqa_bm25,body_terms,47,256,profile_router,0.25228729966197927,0.0,192,1,10,202,3.4524997075398762e-06
fiqa_bm25,body_terms,47,256,profile_router,0.25228729966197927,0.0,192,1,50,242,3.4524997075398762e-06
fiqa_bm25,body_terms,47,256,profile_router,0.25228729966197927,0.0,192,1,200,392,3.4524997075398762e-06
fiqa_bm25,body_terms,47,256,probe_only,0.25251415790289977,0.00022685824092057107,192,1,1,193,0.0
fiqa_bm25,body_terms,47,256,probe_only,0.25251415790289977,0.00022685824092057107,192,1,10,202,0.0
fiqa_bm25,body_terms,47,256,probe_only,0.25251415790289977,0.00022685824092057107,192,1,50,242,0.0
fiqa_bm25,body_terms,47,256,probe_only,0.25251415790289977,0.00022685824092057107,192,1,200,392,0.0
fiqa_bm25,body_terms,47,256,rrf_extra,0.2542937306161939,0.0020064309542146843,0,2,1,2,0.0
fiqa_bm25,body_terms,47,256,rrf_extra,0.2542937306161939,0.0020064309542146843,0,2,10,20,0.0
fiqa_bm25,body_terms,47,256,rrf_extra,0.2542937306161939,0.0020064309542146843,0,2,50,100,0.0
fiqa_bm25,body_terms,47,256,rrf_extra,0.2542937306161939,0.0020064309542146843,0,2,200,400,0.0
fiqa_dense,exact_title,11,0,source_router,0.38471835751882716,0.0,0,1,1,1,0.0
fiqa_dense,exact_title,11,0,source_router,0.38471835751882716,0.0,0,1,10,10,0.0
fiqa_dense,exact_title,11,0,source_router,0.38471835751882716,0.0,0,1,50,50,0.0
fiqa_dense,exact_title,11,0,source_router,0.38471835751882716,0.0,0,1,200,200,0.0
fiqa_dense,exact_title,11,0,profile_router,0.38471835751882716,0.0,0,1,1,1,3.5649995940426987e-06
fiqa_dense,exact_title,11,0,profile_router,0.38471835751882716,0.0,0,1,10,10,3.5649995940426987e-06
fiqa_dense,exact_title,11,0,profile_router,0.38471835751882716,0.0,0,1,50,50,3.5649995940426987e-06
fiqa_dense,exact_title,11,0,profile_router,0.38471835751882716,0.0,0,1,200,200,3.5649995940426987e-06
fiqa_dense,exact_title,11,0,probe_only,0.3921141942640467,0.007395836745219576,0,1,1,1,0.0
fiqa_dense,exact_title,11,0,probe_only,0.3921141942640467,0.007395836745219576,0,1,10,10,0.0
fiqa_dense,exact_title,11,0,probe_only,0.3921141942640467,0.007395836745219576,0,1,50,50,0.0
fiqa_dense,exact_title,11,0,probe_only,0.3921141942640467,0.007395836745219576,0,1,200,200,0.0
fiqa_dense,exact_title,11,0,rrf_extra,0.38130329104645855,-0.0034150664723686347,0,2,1,2,0.0
fiqa_dense,exact_title,11,0,rrf_extra,0.38130329104645855,-0.0034150664723686347,0,2,10,20,0.0
fiqa_dense,exact_title,11,0,rrf_extra,0.38130329104645855,-0.0034150664723686347,0,2,50,100,0.0
fiqa_dense,exact_title,11,0,rrf_extra,0.38130329104645855,-0.0034150664723686347,0,2,200,400,0.0
fiqa_dense,exact_title,11,16,source_router,0.38471835751882716,0.0,0,1,1,1,0.0
fiqa_dense,exact_title,11,16,source_router,0.38471835751882716,0.0,0,1,10,10,0.0
fiqa_dense,exact_title,11,16,source_router,0.38471835751882716,0.0,0,1,50,50,0.0
fiqa_dense,exact_title,11,16,source_router,0.38471835751882716,0.0,0,1,200,200,0.0
fiqa_dense,exact_title,11,16,profile_router,0.38471835751882716,0.0,14,1,1,15,3.468613140285015e-06
fiqa_dense,exact_title,11,16,profile_router,0.38471835751882716,0.0,14,1,10,24,3.468613140285015e-06
fiqa_dense,exact_title,11,16,profile_router,0.38471835751882716,0.0,14,1,50,64,3.468613140285015e-06
fiqa_dense,exact_title,11,16,profile_router,0.38471835751882716,0.0,14,1,200,214,3.468613140285015e-06
fiqa_dense,exact_title,11,16,probe_only,0.3921141942640467,0.007395836745219576,14,1,1,15,0.0
fiqa_dense,exact_title,11,16,probe_only,0.3921141942640467,0.007395836745219576,14,1,10,24,0.0
fiqa_dense,exact_title,11,16,probe_only,0.3921141942640467,0.007395836745219576,14,1,50,64,0.0
fiqa_dense,exact_title,11,16,probe_only,0.3921141942640467,0.007395836745219576,14,1,200,214,0.0
fiqa_dense,exact_title,11,16,rrf_extra,0.38130329104645855,-0.0034150664723686347,0,2,1,2,0.0
fiqa_dense,exact_title,11,16,rrf_extra,0.38130329104645855,-0.0034150664723686347,0,2,10,20,0.0
fiqa_dense,exact_title,11,16,rrf_extra,0.38130329104645855,-0.0034150664723686347,0,2,50,100,0.0
fiqa_dense,exact_title,11,16,rrf_extra,0.38130329104645855,-0.0034150664723686347,0,2,200,400,0.0
fiqa_dense,exact_title,11,64,source_router,0.38471835751882716,0.0,0,1,1,1,0.0
fiqa_dense,exact_title,11,64,source_router,0.38471835751882716,0.0,0,1,10,10,0.0
fiqa_dense,exact_title,11,64,source_router,0.38471835751882716,0.0,0,1,50,50,0.0
fiqa_dense,exact_title,11,64,source_router,0.38471835751882716,0.0,0,1,200,200,0.0
fiqa_dense,exact_title,11,64,profile_router,0.38471835751882716,0.0,62,1,1,63,3.4486129879951478e-06
fiqa_dense,exact_title,11,64,profile_router,0.38471835751882716,0.0,62,1,10,72,3.4486129879951478e-06
fiqa_dense,exact_title,11,64,profile_router,0.38471835751882716,0.0,62,1,50,112,3.4486129879951478e-06
fiqa_dense,exact_title,11,64,profile_router,0.38471835751882716,0.0,62,1,200,262,3.4486129879951478e-06
fiqa_dense,exact_title,11,64,probe_only,0.3921141942640467,0.007395836745219576,62,1,1,63,0.0
fiqa_dense,exact_title,11,64,probe_only,0.3921141942640467,0.007395836745219576,62,1,10,72,0.0
fiqa_dense,exact_title,11,64,probe_only,0.3921141942640467,0.007395836745219576,62,1,50,112,0.0
fiqa_dense,exact_title,11,64,probe_only,0.3921141942640467,0.007395836745219576,62,1,200,262,0.0
fiqa_dense,exact_title,11,64,rrf_extra,0.38130329104645855,-0.0034150664723686347,0,2,1,2,0.0
fiqa_dense,exact_title,11,64,rrf_extra,0.38130329104645855,-0.0034150664723686347,0,2,10,20,0.0
fiqa_dense,exact_title,11,64,rrf_extra,0.38130329104645855,-0.0034150664723686347,0,2,50,100,0.0
fiqa_dense,exact_title,11,64,rrf_extra,0.38130329104645855,-0.0034150664723686347,0,2,200,400,0.0
fiqa_dense,exact_title,11,256,source_router,0.38471835751882716,0.0,0,1,1,1,0.0
fiqa_dense,exact_title,11,256,source_router,0.38471835751882716,0.0,0,1,10,10,0.0
fiqa_dense,exact_title,11,256,source_router,0.38471835751882716,0.0,0,1,50,50,0.0
fiqa_dense,exact_title,11,256,source_router,0.38471835751882716,0.0,0,1,200,200,0.0
fiqa_dense,exact_title,11,256,profile_router,0.38471835751882716,0.0,64,1,1,65,3.4750004609425865e-06
fiqa_dense,exact_title,11,256,profile_router,0.38471835751882716,0.0,64,1,10,74,3.4750004609425865e-06
fiqa_dense,exact_title,11,256,profile_router,0.38471835751882716,0.0,64,1,50,114,3.4750004609425865e-06
fiqa_dense,exact_title,11,256,profile_router,0.38471835751882716,0.0,64,1,200,264,3.4750004609425865e-06
fiqa_dense,exact_title,11,256,probe_only,0.3921141942640467,0.007395836745219576,64,1,1,65,0.0
fiqa_dense,exact_title,11,256,probe_only,0.3921141942640467,0.007395836745219576,64,1,10,74,0.0
fiqa_dense,exact_title,11,256,probe_only,0.3921141942640467,0.007395836745219576,64,1,50,114,0.0
fiqa_dense,exact_title,11,256,probe_only,0.3921141942640467,0.007395836745219576,64,1,200,264,0.0
fiqa_dense,exact_title,11,256,rrf_extra,0.38130329104645855,-0.0034150664723686347,0,2,1,2,0.0
fiqa_dense,exact_title,11,256,rrf_extra,0.38130329104645855,-0.0034150664723686347,0,2,10,20,0.0
fiqa_dense,exact_title,11,256,rrf_extra,0.38130329104645855,-0.0034150664723686347,0,2,50,100,0.0
fiqa_dense,exact_title,11,256,rrf_extra,0.38130329104645855,-0.0034150664723686347,0,2,200,400,0.0
fiqa_dense,exact_title,23,0,source_router,0.38471835751882716,0.0,0,1,1,1,0.0
fiqa_dense,exact_title,23,0,source_router,0.38471835751882716,0.0,0,1,10,10,0.0
fiqa_dense,exact_title,23,0,source_router,0.38471835751882716,0.0,0,1,50,50,0.0
fiqa_dense,exact_title,23,0,source_router,0.38471835751882716,0.0,0,1,200,200,0.0
fiqa_dense,exact_title,23,0,profile_router,0.38471835751882716,0.0,0,1,1,1,3.506940168639024e-06
fiqa_dense,exact_title,23,0,profile_router,0.38471835751882716,0.0,0,1,10,10,3.506940168639024e-06
fiqa_dense,exact_title,23,0,profile_router,0.38471835751882716,0.0,0,1,50,50,3.506940168639024e-06
fiqa_dense,exact_title,23,0,profile_router,0.38471835751882716,0.0,0,1,200,200,3.506940168639024e-06
fiqa_dense,exact_title,23,0,probe_only,0.3921141942640467,0.007395836745219576,0,1,1,1,0.0
fiqa_dense,exact_title,23,0,probe_only,0.3921141942640467,0.007395836745219576,0,1,10,10,0.0
fiqa_dense,exact_title,23,0,probe_only,0.3921141942640467,0.007395836745219576,0,1,50,50,0.0
fiqa_dense,exact_title,23,0,probe_only,0.3921141942640467,0.007395836745219576,0,1,200,200,0.0
fiqa_dense,exact_title,23,0,rrf_extra,0.38130329104645855,-0.0034150664723686347,0,2,1,2,0.0
fiqa_dense,exact_title,23,0,rrf_extra,0.38130329104645855,-0.0034150664723686347,0,2,10,20,0.0
fiqa_dense,exact_title,23,0,rrf_extra,0.38130329104645855,-0.0034150664723686347,0,2,50,100,0.0
fiqa_dense,exact_title,23,0,rrf_extra,0.38130329104645855,-0.0034150664723686347,0,2,200,400,0.0
fiqa_dense,exact_title,23,16,source_router,0.38471835751882716,0.0,0,1,1,1,0.0
fiqa_dense,exact_title,23,16,source_router,0.38471835751882716,0.0,0,1,10,10,0.0
fiqa_dense,exact_title,23,16,source_router,0.38471835751882716,0.0,0,1,50,50,0.0
fiqa_dense,exact_title,23,16,source_router,0.38471835751882716,0.0,0,1,200,200,0.0
fiqa_dense,exact_title,23,16,profile_router,0.38471835751882716,0.0,14,1,1,15,3.4886132925748824e-06
fiqa_dense,exact_title,23,16,profile_router,0.38471835751882716,0.0,14,1,10,24,3.4886132925748824e-06
fiqa_dense,exact_title,23,16,profile_router,0.38471835751882716,0.0,14,1,50,64,3.4886132925748824e-06
fiqa_dense,exact_title,23,16,profile_router,0.38471835751882716,0.0,14,1,200,214,3.4886132925748824e-06
fiqa_dense,exact_title,23,16,probe_only,0.3921141942640467,0.007395836745219576,14,1,1,15,0.0
fiqa_dense,exact_title,23,16,probe_only,0.3921141942640467,0.007395836745219576,14,1,10,24,0.0
fiqa_dense,exact_title,23,16,probe_only,0.3921141942640467,0.007395836745219576,14,1,50,64,0.0
fiqa_dense,exact_title,23,16,probe_only,0.3921141942640467,0.007395836745219576,14,1,200,214,0.0
fiqa_dense,exact_title,23,16,rrf_extra,0.38130329104645855,-0.0034150664723686347,0,2,1,2,0.0
fiqa_dense,exact_title,23,16,rrf_extra,0.38130329104645855,-0.0034150664723686347,0,2,10,20,0.0
fiqa_dense,exact_title,23,16,rrf_extra,0.38130329104645855,-0.0034150664723686347,0,2,50,100,0.0
fiqa_dense,exact_title,23,16,rrf_extra,0.38130329104645855,-0.0034150664723686347,0,2,200,400,0.0
fiqa_dense,exact_title,23,64,source_router,0.38471835751882716,0.0,0,1,1,1,0.0
fiqa_dense,exact_title,23,64,source_router,0.38471835751882716,0.0,0,1,10,10,0.0
fiqa_dense,exact_title,23,64,source_router,0.38471835751882716,0.0,0,1,50,50,0.0
fiqa_dense,exact_title,23,64,source_router,0.38471835751882716,0.0,0,1,200,200,0.0
fiqa_dense,exact_title,23,64,profile_router,0.38471835751882716,0.0,62,1,1,63,3.485560106734435e-06
fiqa_dense,exact_title,23,64,profile_router,0.38471835751882716,0.0,62,1,10,72,3.485560106734435e-06
fiqa_dense,exact_title,23,64,profile_router,0.38471835751882716,0.0,62,1,50,112,3.485560106734435e-06
fiqa_dense,exact_title,23,64,profile_router,0.38471835751882716,0.0,62,1,200,262,3.485560106734435e-06
fiqa_dense,exact_title,23,64,probe_only,0.3921141942640467,0.007395836745219576,62,1,1,63,0.0
fiqa_dense,exact_title,23,64,probe_only,0.3921141942640467,0.007395836745219576,62,1,10,72,0.0
fiqa_dense,exact_title,23,64,probe_only,0.3921141942640467,0.007395836745219576,62,1,50,112,0.0
fiqa_dense,exact_title,23,64,probe_only,0.3921141942640467,0.007395836745219576,62,1,200,262,0.0
fiqa_dense,exact_title,23,64,rrf_extra,0.38130329104645855,-0.0034150664723686347,0,2,1,2,0.0
fiqa_dense,exact_title,23,64,rrf_extra,0.38130329104645855,-0.0034150664723686347,0,2,10,20,0.0
fiqa_dense,exact_title,23,64,rrf_extra,0.38130329104645855,-0.0034150664723686347,0,2,50,100,0.0
fiqa_dense,exact_title,23,64,rrf_extra,0.38130329104645855,-0.0034150664723686347,0,2,200,400,0.0
fiqa_dense,exact_title,23,256,source_router,0.38471835751882716,0.0,0,1,1,1,0.0
fiqa_dense,exact_title,23,256,source_router,0.38471835751882716,0.0,0,1,10,10,0.0
fiqa_dense,exact_title,23,256,source_router,0.38471835751882716,0.0,0,1,50,50,0.0
fiqa_dense,exact_title,23,256,source_router,0.38471835751882716,0.0,0,1,200,200,0.0
fiqa_dense,exact_title,23,256,profile_router,0.38471835751882716,0.0,64,1,1,65,3.5569467581808566e-06
fiqa_dense,exact_title,23,256,profile_router,0.38471835751882716,0.0,64,1,10,74,3.5569467581808566e-06
fiqa_dense,exact_title,23,256,profile_router,0.38471835751882716,0.0,64,1,50,114,3.5569467581808566e-06
fiqa_dense,exact_title,23,256,profile_router,0.38471835751882716,0.0,64,1,200,264,3.5569467581808566e-06
fiqa_dense,exact_title,23,256,probe_only,0.3921141942640467,0.007395836745219576,64,1,1,65,0.0
fiqa_dense,exact_title,23,256,probe_only,0.3921141942640467,0.007395836745219576,64,1,10,74,0.0
fiqa_dense,exact_title,23,256,probe_only,0.3921141942640467,0.007395836745219576,64,1,50,114,0.0
fiqa_dense,exact_title,23,256,probe_only,0.3921141942640467,0.007395836745219576,64,1,200,264,0.0
fiqa_dense,exact_title,23,256,rrf_extra,0.38130329104645855,-0.0034150664723686347,0,2,1,2,0.0
fiqa_dense,exact_title,23,256,rrf_extra,0.38130329104645855,-0.0034150664723686347,0,2,10,20,0.0
fiqa_dense,exact_title,23,256,rrf_extra,0.38130329104645855,-0.0034150664723686347,0,2,50,100,0.0
fiqa_dense,exact_title,23,256,rrf_extra,0.38130329104645855,-0.0034150664723686347,0,2,200,400,0.0
fiqa_dense,exact_title,47,0,source_router,0.38471835751882716,0.0,0,1,1,1,0.0
fiqa_dense,exact_title,47,0,source_router,0.38471835751882716,0.0,0,1,10,10,0.0
fiqa_dense,exact_title,47,0,source_router,0.38471835751882716,0.0,0,1,50,50,0.0
fiqa_dense,exact_title,47,0,source_router,0.38471835751882716,0.0,0,1,200,200,0.0
fiqa_dense,exact_title,47,0,profile_router,0.38471835751882716,0.0,0,1,1,1,3.6800000816583632e-06
fiqa_dense,exact_title,47,0,profile_router,0.38471835751882716,0.0,0,1,10,10,3.6800000816583632e-06
fiqa_dense,exact_title,47,0,profile_router,0.38471835751882716,0.0,0,1,50,50,3.6800000816583632e-06
fiqa_dense,exact_title,47,0,profile_router,0.38471835751882716,0.0,0,1,200,200,3.6800000816583632e-06
fiqa_dense,exact_title,47,0,probe_only,0.3921141942640467,0.007395836745219576,0,1,1,1,0.0
fiqa_dense,exact_title,47,0,probe_only,0.3921141942640467,0.007395836745219576,0,1,10,10,0.0
fiqa_dense,exact_title,47,0,probe_only,0.3921141942640467,0.007395836745219576,0,1,50,50,0.0
fiqa_dense,exact_title,47,0,probe_only,0.3921141942640467,0.007395836745219576,0,1,200,200,0.0
fiqa_dense,exact_title,47,0,rrf_extra,0.38130329104645855,-0.0034150664723686347,0,2,1,2,0.0
fiqa_dense,exact_title,47,0,rrf_extra,0.38130329104645855,-0.0034150664723686347,0,2,10,20,0.0
fiqa_dense,exact_title,47,0,rrf_extra,0.38130329104645855,-0.0034150664723686347,0,2,50,100,0.0
fiqa_dense,exact_title,47,0,rrf_extra,0.38130329104645855,-0.0034150664723686347,0,2,200,400,0.0
fiqa_dense,exact_title,47,16,source_router,0.38471835751882716,0.0,0,1,1,1,0.0
fiqa_dense,exact_title,47,16,source_router,0.38471835751882716,0.0,0,1,10,10,0.0
fiqa_dense,exact_title,47,16,source_router,0.38471835751882716,0.0,0,1,50,50,0.0
fiqa_dense,exact_title,47,16,source_router,0.38471835751882716,0.0,0,1,200,200,0.0
fiqa_dense,exact_title,47,16,profile_router,0.38471835751882716,0.0,14,1,1,15,3.6936136893928053e-06
fiqa_dense,exact_title,47,16,profile_router,0.38471835751882716,0.0,14,1,10,24,3.6936136893928053e-06
fiqa_dense,exact_title,47,16,profile_router,0.38471835751882716,0.0,14,1,50,64,3.6936136893928053e-06
fiqa_dense,exact_title,47,16,profile_router,0.38471835751882716,0.0,14,1,200,214,3.6936136893928053e-06
fiqa_dense,exact_title,47,16,probe_only,0.3921141942640467,0.007395836745219576,14,1,1,15,0.0
fiqa_dense,exact_title,47,16,probe_only,0.3921141942640467,0.007395836745219576,14,1,10,24,0.0
fiqa_dense,exact_title,47,16,probe_only,0.3921141942640467,0.007395836745219576,14,1,50,64,0.0
fiqa_dense,exact_title,47,16,probe_only,0.3921141942640467,0.007395836745219576,14,1,200,214,0.0
fiqa_dense,exact_title,47,16,rrf_extra,0.38130329104645855,-0.0034150664723686347,0,2,1,2,0.0
fiqa_dense,exact_title,47,16,rrf_extra,0.38130329104645855,-0.0034150664723686347,0,2,10,20,0.0
fiqa_dense,exact_title,47,16,rrf_extra,0.38130329104645855,-0.0034150664723686347,0,2,50,100,0.0
fiqa_dense,exact_title,47,16,rrf_extra,0.38130329104645855,-0.0034150664723686347,0,2,200,400,0.0
fiqa_dense,exact_title,47,64,source_router,0.38471835751882716,0.0,0,1,1,1,0.0
fiqa_dense,exact_title,47,64,source_router,0.38471835751882716,0.0,0,1,10,10,0.0
fiqa_dense,exact_title,47,64,source_router,0.38471835751882716,0.0,0,1,50,50,0.0
fiqa_dense,exact_title,47,64,source_router,0.38471835751882716,0.0,0,1,200,200,0.0
fiqa_dense,exact_title,47,64,profile_router,0.38471835751882716,0.0,62,1,1,63,3.4974996621410054e-06
fiqa_dense,exact_title,47,64,profile_router,0.38471835751882716,0.0,62,1,10,72,3.4974996621410054e-06
fiqa_dense,exact_title,47,64,profile_router,0.38471835751882716,0.0,62,1,50,112,3.4974996621410054e-06
fiqa_dense,exact_title,47,64,profile_router,0.38471835751882716,0.0,62,1,200,262,3.4974996621410054e-06
fiqa_dense,exact_title,47,64,probe_only,0.3921141942640467,0.007395836745219576,62,1,1,63,0.0
fiqa_dense,exact_title,47,64,probe_only,0.3921141942640467,0.007395836745219576,62,1,10,72,0.0
fiqa_dense,exact_title,47,64,probe_only,0.3921141942640467,0.007395836745219576,62,1,50,112,0.0
fiqa_dense,exact_title,47,64,probe_only,0.3921141942640467,0.007395836745219576,62,1,200,262,0.0
fiqa_dense,exact_title,47,64,rrf_extra,0.38130329104645855,-0.0034150664723686347,0,2,1,2,0.0
fiqa_dense,exact_title,47,64,rrf_extra,0.38130329104645855,-0.0034150664723686347,0,2,10,20,0.0
fiqa_dense,exact_title,47,64,rrf_extra,0.38130329104645855,-0.0034150664723686347,0,2,50,100,0.0
fiqa_dense,exact_title,47,64,rrf_extra,0.38130329104645855,-0.0034150664723686347,0,2,200,400,0.0
fiqa_dense,exact_title,47,256,source_router,0.38471835751882716,0.0,0,1,1,1,0.0
fiqa_dense,exact_title,47,256,source_router,0.38471835751882716,0.0,0,1,10,10,0.0
fiqa_dense,exact_title,47,256,source_router,0.38471835751882716,0.0,0,1,50,50,0.0
fiqa_dense,exact_title,47,256,source_router,0.38471835751882716,0.0,0,1,200,200,0.0
fiqa_dense,exact_title,47,256,profile_router,0.38471835751882716,0.0,64,1,1,65,3.522500240554412e-06
fiqa_dense,exact_title,47,256,profile_router,0.38471835751882716,0.0,64,1,10,74,3.522500240554412e-06
fiqa_dense,exact_title,47,256,profile_router,0.38471835751882716,0.0,64,1,50,114,3.522500240554412e-06
fiqa_dense,exact_title,47,256,profile_router,0.38471835751882716,0.0,64,1,200,264,3.522500240554412e-06
fiqa_dense,exact_title,47,256,probe_only,0.3921141942640467,0.007395836745219576,64,1,1,65,0.0
fiqa_dense,exact_title,47,256,probe_only,0.3921141942640467,0.007395836745219576,64,1,10,74,0.0
fiqa_dense,exact_title,47,256,probe_only,0.3921141942640467,0.007395836745219576,64,1,50,114,0.0
fiqa_dense,exact_title,47,256,probe_only,0.3921141942640467,0.007395836745219576,64,1,200,264,0.0
fiqa_dense,exact_title,47,256,rrf_extra,0.38130329104645855,-0.0034150664723686347,0,2,1,2,0.0
fiqa_dense,exact_title,47,256,rrf_extra,0.38130329104645855,-0.0034150664723686347,0,2,10,20,0.0
fiqa_dense,exact_title,47,256,rrf_extra,0.38130329104645855,-0.0034150664723686347,0,2,50,100,0.0
fiqa_dense,exact_title,47,256,rrf_extra,0.38130329104645855,-0.0034150664723686347,0,2,200,400,0.0
fiqa_dense,body_terms,11,0,source_router,0.38471835751882716,0.0,0,1,1,1,0.0
fiqa_dense,body_terms,11,0,source_router,0.38471835751882716,0.0,0,1,10,10,0.0
fiqa_dense,body_terms,11,0,source_router,0.38471835751882716,0.0,0,1,50,50,0.0
fiqa_dense,body_terms,11,0,source_router,0.38471835751882716,0.0,0,1,200,200,0.0
fiqa_dense,body_terms,11,0,profile_router,0.38471835751882716,0.0,0,1,1,1,3.5080593079328537e-06
fiqa_dense,body_terms,11,0,profile_router,0.38471835751882716,0.0,0,1,10,10,3.5080593079328537e-06
fiqa_dense,body_terms,11,0,profile_router,0.38471835751882716,0.0,0,1,50,50,3.5080593079328537e-06
fiqa_dense,body_terms,11,0,profile_router,0.38471835751882716,0.0,0,1,200,200,3.5080593079328537e-06
fiqa_dense,body_terms,11,0,probe_only,0.3921141942640467,0.007395836745219576,0,1,1,1,0.0
fiqa_dense,body_terms,11,0,probe_only,0.3921141942640467,0.007395836745219576,0,1,10,10,0.0
fiqa_dense,body_terms,11,0,probe_only,0.3921141942640467,0.007395836745219576,0,1,50,50,0.0
fiqa_dense,body_terms,11,0,probe_only,0.3921141942640467,0.007395836745219576,0,1,200,200,0.0
fiqa_dense,body_terms,11,0,rrf_extra,0.38130329104645855,-0.0034150664723686347,0,2,1,2,0.0
fiqa_dense,body_terms,11,0,rrf_extra,0.38130329104645855,-0.0034150664723686347,0,2,10,20,0.0
fiqa_dense,body_terms,11,0,rrf_extra,0.38130329104645855,-0.0034150664723686347,0,2,50,100,0.0
fiqa_dense,body_terms,11,0,rrf_extra,0.38130329104645855,-0.0034150664723686347,0,2,200,400,0.0
fiqa_dense,body_terms,11,16,source_router,0.38471835751882716,0.0,0,1,1,1,0.0
fiqa_dense,body_terms,11,16,source_router,0.38471835751882716,0.0,0,1,10,10,0.0
fiqa_dense,body_terms,11,16,source_router,0.38471835751882716,0.0,0,1,50,50,0.0
fiqa_dense,body_terms,11,16,source_router,0.38471835751882716,0.0,0,1,200,200,0.0
fiqa_dense,body_terms,11,16,profile_router,0.38471835751882716,0.0,15,1,1,16,3.4963937165836495e-06
fiqa_dense,body_terms,11,16,profile_router,0.38471835751882716,0.0,15,1,10,25,3.4963937165836495e-06
fiqa_dense,body_terms,11,16,profile_router,0.38471835751882716,0.0,15,1,50,65,3.4963937165836495e-06
fiqa_dense,body_terms,11,16,profile_router,0.38471835751882716,0.0,15,1,200,215,3.4963937165836495e-06
fiqa_dense,body_terms,11,16,probe_only,0.3921141942640467,0.007395836745219576,15,1,1,16,0.0
fiqa_dense,body_terms,11,16,probe_only,0.3921141942640467,0.007395836745219576,15,1,10,25,0.0
fiqa_dense,body_terms,11,16,probe_only,0.3921141942640467,0.007395836745219576,15,1,50,65,0.0
fiqa_dense,body_terms,11,16,probe_only,0.3921141942640467,0.007395836745219576,15,1,200,215,0.0
fiqa_dense,body_terms,11,16,rrf_extra,0.38130329104645855,-0.0034150664723686347,0,2,1,2,0.0
fiqa_dense,body_terms,11,16,rrf_extra,0.38130329104645855,-0.0034150664723686347,0,2,10,20,0.0
fiqa_dense,body_terms,11,16,rrf_extra,0.38130329104645855,-0.0034150664723686347,0,2,50,100,0.0
fiqa_dense,body_terms,11,16,rrf_extra,0.38130329104645855,-0.0034150664723686347,0,2,200,400,0.0
fiqa_dense,body_terms,11,64,source_router,0.38471835751882716,0.0,0,1,1,1,0.0
fiqa_dense,body_terms,11,64,source_router,0.38471835751882716,0.0,0,1,10,10,0.0
fiqa_dense,body_terms,11,64,source_router,0.38471835751882716,0.0,0,1,50,50,0.0
fiqa_dense,body_terms,11,64,source_router,0.38471835751882716,0.0,0,1,200,200,0.0
fiqa_dense,body_terms,11,64,profile_router,0.38471835751882716,0.0,63,1,1,64,3.4288937846819558e-06
fiqa_dense,body_terms,11,64,profile_router,0.38471835751882716,0.0,63,1,10,73,3.4288937846819558e-06
fiqa_dense,body_terms,11,64,profile_router,0.38471835751882716,0.0,63,1,50,113,3.4288937846819558e-06
fiqa_dense,body_terms,11,64,profile_router,0.38471835751882716,0.0,63,1,200,263,3.4288937846819558e-06
fiqa_dense,body_terms,11,64,probe_only,0.3921141942640467,0.007395836745219576,63,1,1,64,0.0
fiqa_dense,body_terms,11,64,probe_only,0.3921141942640467,0.007395836745219576,63,1,10,73,0.0
fiqa_dense,body_terms,11,64,probe_only,0.3921141942640467,0.007395836745219576,63,1,50,113,0.0
fiqa_dense,body_terms,11,64,probe_only,0.3921141942640467,0.007395836745219576,63,1,200,263,0.0
fiqa_dense,body_terms,11,64,rrf_extra,0.38130329104645855,-0.0034150664723686347,0,2,1,2,0.0
fiqa_dense,body_terms,11,64,rrf_extra,0.38130329104645855,-0.0034150664723686347,0,2,10,20,0.0
fiqa_dense,body_terms,11,64,rrf_extra,0.38130329104645855,-0.0034150664723686347,0,2,50,100,0.0
fiqa_dense,body_terms,11,64,rrf_extra,0.38130329104645855,-0.0034150664723686347,0,2,200,400,0.0
fiqa_dense,body_terms,11,256,source_router,0.38471835751882716,0.0,0,1,1,1,0.0
fiqa_dense,body_terms,11,256,source_router,0.38471835751882716,0.0,0,1,10,10,0.0
fiqa_dense,body_terms,11,256,source_router,0.38471835751882716,0.0,0,1,50,50,0.0
fiqa_dense,body_terms,11,256,source_router,0.38471835751882716,0.0,0,1,200,200,0.0
fiqa_dense,body_terms,11,256,profile_router,0.38471835751882716,0.0,192,1,1,193,4.054166687031587e-06
fiqa_dense,body_terms,11,256,profile_router,0.38471835751882716,0.0,192,1,10,202,4.054166687031587e-06
fiqa_dense,body_terms,11,256,profile_router,0.38471835751882716,0.0,192,1,50,242,4.054166687031587e-06
fiqa_dense,body_terms,11,256,profile_router,0.38471835751882716,0.0,192,1,200,392,4.054166687031587e-06
fiqa_dense,body_terms,11,256,probe_only,0.3921141942640467,0.007395836745219576,192,1,1,193,0.0
fiqa_dense,body_terms,11,256,probe_only,0.3921141942640467,0.007395836745219576,192,1,10,202,0.0
fiqa_dense,body_terms,11,256,probe_only,0.3921141942640467,0.007395836745219576,192,1,50,242,0.0
fiqa_dense,body_terms,11,256,probe_only,0.3921141942640467,0.007395836745219576,192,1,200,392,0.0
fiqa_dense,body_terms,11,256,rrf_extra,0.38130329104645855,-0.0034150664723686347,0,2,1,2,0.0
fiqa_dense,body_terms,11,256,rrf_extra,0.38130329104645855,-0.0034150664723686347,0,2,10,20,0.0
fiqa_dense,body_terms,11,256,rrf_extra,0.38130329104645855,-0.0034150664723686347,0,2,50,100,0.0
fiqa_dense,body_terms,11,256,rrf_extra,0.38130329104645855,-0.0034150664723686347,0,2,200,400,0.0
fiqa_dense,body_terms,23,0,source_router,0.38471835751882716,0.0,0,1,1,1,0.0
fiqa_dense,body_terms,23,0,source_router,0.38471835751882716,0.0,0,1,10,10,0.0
fiqa_dense,body_terms,23,0,source_router,0.38471835751882716,0.0,0,1,50,50,0.0
fiqa_dense,body_terms,23,0,source_router,0.38471835751882716,0.0,0,1,200,200,0.0
fiqa_dense,body_terms,23,0,profile_router,0.38471835751882716,0.0,0,1,1,1,3.840553108602762e-06
fiqa_dense,body_terms,23,0,profile_router,0.38471835751882716,0.0,0,1,10,10,3.840553108602762e-06
fiqa_dense,body_terms,23,0,profile_router,0.38471835751882716,0.0,0,1,50,50,3.840553108602762e-06
fiqa_dense,body_terms,23,0,profile_router,0.38471835751882716,0.0,0,1,200,200,3.840553108602762e-06
fiqa_dense,body_terms,23,0,probe_only,0.3921141942640467,0.007395836745219576,0,1,1,1,0.0
fiqa_dense,body_terms,23,0,probe_only,0.3921141942640467,0.007395836745219576,0,1,10,10,0.0
fiqa_dense,body_terms,23,0,probe_only,0.3921141942640467,0.007395836745219576,0,1,50,50,0.0
fiqa_dense,body_terms,23,0,probe_only,0.3921141942640467,0.007395836745219576,0,1,200,200,0.0
fiqa_dense,body_terms,23,0,rrf_extra,0.38130329104645855,-0.0034150664723686347,0,2,1,2,0.0
fiqa_dense,body_terms,23,0,rrf_extra,0.38130329104645855,-0.0034150664723686347,0,2,10,20,0.0
fiqa_dense,body_terms,23,0,rrf_extra,0.38130329104645855,-0.0034150664723686347,0,2,50,100,0.0
fiqa_dense,body_terms,23,0,rrf_extra,0.38130329104645855,-0.0034150664723686347,0,2,200,400,0.0
fiqa_dense,body_terms,23,16,source_router,0.38471835751882716,0.0,0,1,1,1,0.0
fiqa_dense,body_terms,23,16,source_router,0.38471835751882716,0.0,0,1,10,10,0.0
fiqa_dense,body_terms,23,16,source_router,0.38471835751882716,0.0,0,1,50,50,0.0
fiqa_dense,body_terms,23,16,source_router,0.38471835751882716,0.0,0,1,200,200,0.0
fiqa_dense,body_terms,23,16,profile_router,0.38471835751882716,0.0,15,1,1,16,3.569167262564103e-06
fiqa_dense,body_terms,23,16,profile_router,0.38471835751882716,0.0,15,1,10,25,3.569167262564103e-06
fiqa_dense,body_terms,23,16,profile_router,0.38471835751882716,0.0,15,1,50,65,3.569167262564103e-06
fiqa_dense,body_terms,23,16,profile_router,0.38471835751882716,0.0,15,1,200,215,3.569167262564103e-06
fiqa_dense,body_terms,23,16,probe_only,0.3921141942640467,0.007395836745219576,15,1,1,16,0.0
fiqa_dense,body_terms,23,16,probe_only,0.3921141942640467,0.007395836745219576,15,1,10,25,0.0
fiqa_dense,body_terms,23,16,probe_only,0.3921141942640467,0.007395836745219576,15,1,50,65,0.0
fiqa_dense,body_terms,23,16,probe_only,0.3921141942640467,0.007395836745219576,15,1,200,215,0.0
fiqa_dense,body_terms,23,16,rrf_extra,0.38130329104645855,-0.0034150664723686347,0,2,1,2,0.0
fiqa_dense,body_terms,23,16,rrf_extra,0.38130329104645855,-0.0034150664723686347,0,2,10,20,0.0
fiqa_dense,body_terms,23,16,rrf_extra,0.38130329104645855,-0.0034150664723686347,0,2,50,100,0.0
fiqa_dense,body_terms,23,16,rrf_extra,0.38130329104645855,-0.0034150664723686347,0,2,200,400,0.0
fiqa_dense,body_terms,23,64,source_router,0.38471835751882716,0.0,0,1,1,1,0.0
fiqa_dense,body_terms,23,64,source_router,0.38471835751882716,0.0,0,1,10,10,0.0
fiqa_dense,body_terms,23,64,source_router,0.38471835751882716,0.0,0,1,50,50,0.0
fiqa_dense,body_terms,23,64,source_router,0.38471835751882716,0.0,0,1,200,200,0.0
fiqa_dense,body_terms,23,64,profile_router,0.38471835751882716,0.0,63,1,1,64,3.652500454336405e-06
fiqa_dense,body_terms,23,64,profile_router,0.38471835751882716,0.0,63,1,10,73,3.652500454336405e-06
fiqa_dense,body_terms,23,64,profile_router,0.38471835751882716,0.0,63,1,50,113,3.652500454336405e-06
fiqa_dense,body_terms,23,64,profile_router,0.38471835751882716,0.0,63,1,200,263,3.652500454336405e-06
fiqa_dense,body_terms,23,64,probe_only,0.3025539664601186,-0.08216439105870857,63,1,1,64,0.0
fiqa_dense,body_terms,23,64,probe_only,0.3025539664601186,-0.08216439105870857,63,1,10,73,0.0
fiqa_dense,body_terms,23,64,probe_only,0.3025539664601186,-0.08216439105870857,63,1,50,113,0.0
fiqa_dense,body_terms,23,64,probe_only,0.3025539664601186,-0.08216439105870857,63,1,200,263,0.0
fiqa_dense,body_terms,23,64,rrf_extra,0.38130329104645855,-0.0034150664723686347,0,2,1,2,0.0
fiqa_dense,body_terms,23,64,rrf_extra,0.38130329104645855,-0.0034150664723686347,0,2,10,20,0.0
fiqa_dense,body_terms,23,64,rrf_extra,0.38130329104645855,-0.0034150664723686347,0,2,50,100,0.0
fiqa_dense,body_terms,23,64,rrf_extra,0.38130329104645855,-0.0034150664723686347,0,2,200,400,0.0
fiqa_dense,body_terms,23,256,source_router,0.38471835751882716,0.0,0,1,1,1,0.0
fiqa_dense,body_terms,23,256,source_router,0.38471835751882716,0.0,0,1,10,10,0.0
fiqa_dense,body_terms,23,256,source_router,0.38471835751882716,0.0,0,1,50,50,0.0
fiqa_dense,body_terms,23,256,source_router,0.38471835751882716,0.0,0,1,200,200,0.0
fiqa_dense,body_terms,23,256,profile_router,0.38471835751882716,0.0,192,1,1,193,3.5244404959181944e-06
fiqa_dense,body_terms,23,256,profile_router,0.38471835751882716,0.0,192,1,10,202,3.5244404959181944e-06
fiqa_dense,body_terms,23,256,profile_router,0.38471835751882716,0.0,192,1,50,242,3.5244404959181944e-06
fiqa_dense,body_terms,23,256,profile_router,0.38471835751882716,0.0,192,1,200,392,3.5244404959181944e-06
fiqa_dense,body_terms,23,256,probe_only,0.3921141942640467,0.007395836745219576,192,1,1,193,0.0
fiqa_dense,body_terms,23,256,probe_only,0.3921141942640467,0.007395836745219576,192,1,10,202,0.0
fiqa_dense,body_terms,23,256,probe_only,0.3921141942640467,0.007395836745219576,192,1,50,242,0.0
fiqa_dense,body_terms,23,256,probe_only,0.3921141942640467,0.007395836745219576,192,1,200,392,0.0
fiqa_dense,body_terms,23,256,rrf_extra,0.38130329104645855,-0.0034150664723686347,0,2,1,2,0.0
fiqa_dense,body_terms,23,256,rrf_extra,0.38130329104645855,-0.0034150664723686347,0,2,10,20,0.0
fiqa_dense,body_terms,23,256,rrf_extra,0.38130329104645855,-0.0034150664723686347,0,2,50,100,0.0
fiqa_dense,body_terms,23,256,rrf_extra,0.38130329104645855,-0.0034150664723686347,0,2,200,400,0.0
fiqa_dense,body_terms,47,0,source_router,0.38471835751882716,0.0,0,1,1,1,0.0
fiqa_dense,body_terms,47,0,source_router,0.38471835751882716,0.0,0,1,10,10,0.0
fiqa_dense,body_terms,47,0,source_router,0.38471835751882716,0.0,0,1,50,50,0.0
fiqa_dense,body_terms,47,0,source_router,0.38471835751882716,0.0,0,1,200,200,0.0
fiqa_dense,body_terms,47,0,profile_router,0.38471835751882716,0.0,0,1,1,1,3.5822267333666485e-06
fiqa_dense,body_terms,47,0,profile_router,0.38471835751882716,0.0,0,1,10,10,3.5822267333666485e-06
fiqa_dense,body_terms,47,0,profile_router,0.38471835751882716,0.0,0,1,50,50,3.5822267333666485e-06
fiqa_dense,body_terms,47,0,profile_router,0.38471835751882716,0.0,0,1,200,200,3.5822267333666485e-06
fiqa_dense,body_terms,47,0,probe_only,0.3921141942640467,0.007395836745219576,0,1,1,1,0.0
fiqa_dense,body_terms,47,0,probe_only,0.3921141942640467,0.007395836745219576,0,1,10,10,0.0
fiqa_dense,body_terms,47,0,probe_only,0.3921141942640467,0.007395836745219576,0,1,50,50,0.0
fiqa_dense,body_terms,47,0,probe_only,0.3921141942640467,0.007395836745219576,0,1,200,200,0.0
fiqa_dense,body_terms,47,0,rrf_extra,0.38130329104645855,-0.0034150664723686347,0,2,1,2,0.0
fiqa_dense,body_terms,47,0,rrf_extra,0.38130329104645855,-0.0034150664723686347,0,2,10,20,0.0
fiqa_dense,body_terms,47,0,rrf_extra,0.38130329104645855,-0.0034150664723686347,0,2,50,100,0.0
fiqa_dense,body_terms,47,0,rrf_extra,0.38130329104645855,-0.0034150664723686347,0,2,200,400,0.0
fiqa_dense,body_terms,47,16,source_router,0.38471835751882716,0.0,0,1,1,1,0.0
fiqa_dense,body_terms,47,16,source_router,0.38471835751882716,0.0,0,1,10,10,0.0
fiqa_dense,body_terms,47,16,source_router,0.38471835751882716,0.0,0,1,50,50,0.0
fiqa_dense,body_terms,47,16,source_router,0.38471835751882716,0.0,0,1,200,200,0.0
fiqa_dense,body_terms,47,16,profile_router,0.38471835751882716,0.0,15,1,1,16,3.617499799778064e-06
fiqa_dense,body_terms,47,16,profile_router,0.38471835751882716,0.0,15,1,10,25,3.617499799778064e-06
fiqa_dense,body_terms,47,16,profile_router,0.38471835751882716,0.0,15,1,50,65,3.617499799778064e-06
fiqa_dense,body_terms,47,16,profile_router,0.38471835751882716,0.0,15,1,200,215,3.617499799778064e-06
fiqa_dense,body_terms,47,16,probe_only,0.3921141942640467,0.007395836745219576,15,1,1,16,0.0
fiqa_dense,body_terms,47,16,probe_only,0.3921141942640467,0.007395836745219576,15,1,10,25,0.0
fiqa_dense,body_terms,47,16,probe_only,0.3921141942640467,0.007395836745219576,15,1,50,65,0.0
fiqa_dense,body_terms,47,16,probe_only,0.3921141942640467,0.007395836745219576,15,1,200,215,0.0
fiqa_dense,body_terms,47,16,rrf_extra,0.38130329104645855,-0.0034150664723686347,0,2,1,2,0.0
fiqa_dense,body_terms,47,16,rrf_extra,0.38130329104645855,-0.0034150664723686347,0,2,10,20,0.0
fiqa_dense,body_terms,47,16,rrf_extra,0.38130329104645855,-0.0034150664723686347,0,2,50,100,0.0
fiqa_dense,body_terms,47,16,rrf_extra,0.38130329104645855,-0.0034150664723686347,0,2,200,400,0.0
fiqa_dense,body_terms,47,64,source_router,0.38471835751882716,0.0,0,1,1,1,0.0
fiqa_dense,body_terms,47,64,source_router,0.38471835751882716,0.0,0,1,10,10,0.0
fiqa_dense,body_terms,47,64,source_router,0.38471835751882716,0.0,0,1,50,50,0.0
fiqa_dense,body_terms,47,64,source_router,0.38471835751882716,0.0,0,1,200,200,0.0
fiqa_dense,body_terms,47,64,profile_router,0.38471835751882716,0.0,63,1,1,64,3.558059688657522e-06
fiqa_dense,body_terms,47,64,profile_router,0.38471835751882716,0.0,63,1,10,73,3.558059688657522e-06
fiqa_dense,body_terms,47,64,profile_router,0.38471835751882716,0.0,63,1,50,113,3.558059688657522e-06
fiqa_dense,body_terms,47,64,profile_router,0.38471835751882716,0.0,63,1,200,263,3.558059688657522e-06
fiqa_dense,body_terms,47,64,probe_only,0.3921141942640467,0.007395836745219576,63,1,1,64,0.0
fiqa_dense,body_terms,47,64,probe_only,0.3921141942640467,0.007395836745219576,63,1,10,73,0.0
fiqa_dense,body_terms,47,64,probe_only,0.3921141942640467,0.007395836745219576,63,1,50,113,0.0
fiqa_dense,body_terms,47,64,probe_only,0.3921141942640467,0.007395836745219576,63,1,200,263,0.0
fiqa_dense,body_terms,47,64,rrf_extra,0.38130329104645855,-0.0034150664723686347,0,2,1,2,0.0
fiqa_dense,body_terms,47,64,rrf_extra,0.38130329104645855,-0.0034150664723686347,0,2,10,20,0.0
fiqa_dense,body_terms,47,64,rrf_extra,0.38130329104645855,-0.0034150664723686347,0,2,50,100,0.0
fiqa_dense,body_terms,47,64,rrf_extra,0.38130329104645855,-0.0034150664723686347,0,2,200,400,0.0
fiqa_dense,body_terms,47,256,source_router,0.38471835751882716,0.0,0,1,1,1,0.0
fiqa_dense,body_terms,47,256,source_router,0.38471835751882716,0.0,0,1,10,10,0.0
fiqa_dense,body_terms,47,256,source_router,0.38471835751882716,0.0,0,1,50,50,0.0
fiqa_dense,body_terms,47,256,source_router,0.38471835751882716,0.0,0,1,200,200,0.0
fiqa_dense,body_terms,47,256,profile_router,0.38471835751882716,0.0,192,1,1,193,3.559446583191554e-06
fiqa_dense,body_terms,47,256,profile_router,0.38471835751882716,0.0,192,1,10,202,3.559446583191554e-06
fiqa_dense,body_terms,47,256,profile_router,0.38471835751882716,0.0,192,1,50,242,3.559446583191554e-06
fiqa_dense,body_terms,47,256,profile_router,0.38471835751882716,0.0,192,1,200,392,3.559446583191554e-06
fiqa_dense,body_terms,47,256,probe_only,0.3921141942640467,0.007395836745219576,192,1,1,193,0.0
fiqa_dense,body_terms,47,256,probe_only,0.3921141942640467,0.007395836745219576,192,1,10,202,0.0
fiqa_dense,body_terms,47,256,probe_only,0.3921141942640467,0.007395836745219576,192,1,50,242,0.0
fiqa_dense,body_terms,47,256,probe_only,0.3921141942640467,0.007395836745219576,192,1,200,392,0.0
fiqa_dense,body_terms,47,256,rrf_extra,0.38130329104645855,-0.0034150664723686347,0,2,1,2,0.0
fiqa_dense,body_terms,47,256,rrf_extra,0.38130329104645855,-0.0034150664723686347,0,2,10,20,0.0
fiqa_dense,body_terms,47,256,rrf_extra,0.38130329104645855,-0.0034150664723686347,0,2,50,100,0.0
fiqa_dense,body_terms,47,256,rrf_extra,0.38130329104645855,-0.0034150664723686347,0,2,200,400,0.0
